data;horario;n_da_ocorrencia;tipo_de_ocorrencia;km;trecho;sentido;tipo_de_acidente;caminhao;ilesos;levemente_feridos;moderadamente_feridos;gravemente_feridos;mortos;3
14/02/2015;07:01:00;62;Acidente com Vítima;470;BR-040/MG;Norte;Capotamento;1;2;2;0;0;0;1
14/02/2015;07:39:00;67;Acidente com Vítima;544,5;BR-040/MG;Sul;Colisão traseira;1;1;1;0;0;0;1
14/02/2015;16:06:00;226;Acidente sem Vítima;546;BR-040/MG;Norte;Outros;1;1;0;0;0;0;1
14/02/2015;00:10:00;3;Acidente com Morte;600,5;BR-040/MG;Sul;Abalroamento - Transversal;1;3;5;4;0;1;3
15/02/2015;08:14:00;40;Acidente com Vítima;705;BR-040/MG;Sul;Queda de Carga;1;0;0;1;0;0;2
17/02/2015;16:23:00;148;Acidente sem Vítima;530;BR-040/MG;Norte;Queda de Carga;1;1;0;0;0;0;1
17/02/2015;16:30:00;149;Acidente sem Vítima;538;BR-040/MG;Sul;Abalroamento - Longitudinal;2;2;0;0;0;0;1
18/02/2015;09:48:00;80;Acidente com Vítima;5;BR-040/DF;Sul;Capotamento;1;0;1;0;0;0;1
18/02/2015;13:27:00;139;Acidente sem Vítima;415;BR-040/MG;Sul;Colisão traseira;2;2;0;0;0;0;1
18/02/2015;16:31:00;189;Acidente sem Vítima;463;BR-040/MG;Sul;Abalroamento - Longitudinal;1;4;0;0;0;0;1
18/02/2015;16:04:00;181;Acidente com Vítima;495;BR-040/MG;Sul;Capotamento;1;0;1;0;0;0;1
18/02/2015;21:14:00;255;Acidente com Vítima;509;BR-040/MG;Norte;Outros;1;0;1;0;0;0;1
18/02/2015;11:36:00;114;Acidente com Vítima;512,5;BR-040/MG;Norte;Colisão traseira;1;1;0;5;0;0;2
18/02/2015;16:39:00;191;Acidente com Vítima;521;BR-040/MG;Sul;Abalroamento - Longitudinal;1;0;1;1;0;0;2
19/02/2015;15:58:00;209;Acidente sem Vítima;446;BR-040/MG;Sul;Outros;1;1;0;0;0;0;1
19/02/2015;06:46:00;40;Acidente sem Vítima;463;BR-040/MG;Sul;Outros;1;2;0;0;0;0;1
19/02/2015;03:43:00;28;Acidente sem Vítima;593;BR-040/MG;Norte;Choque em barreira New Jersey;1;1;0;0;0;0;1
19/02/2015;05:27:00;34;Acidente sem Vítima;658;BR-040/MG;Norte;Choque com objeto fixo;1;1;0;0;0;0;1
19/02/2015;06:56:00;41;Acidente sem Vítima;660;BR-040/MG;Norte;Colisão traseira;1;2;0;0;0;0;1
19/02/2015;12:24:00;152;Acidente sem Vítima;717;BR-040/MG;Sul;Choque com objeto fixo;1;1;0;0;0;0;1
21/02/2015;15:08:00;142;Acidente com Vítima;493;BR-040/MG;Sul;Colisão traseira;1;1;3;0;0;0;1
22/02/2015;07:44:00;33;Acidente sem Vítima;587,5;BR-040/MG;Norte;Abalroamento - Longitudinal;1;2;0;0;0;0;1
22/02/2015;15:34:00;121;Acidente com Vítima;736;BR-040/MG;Sul;Queda de Carga;1;0;0;1;0;0;2
22/02/2015;17:23:00;143;Acidente sem Vítima;749;BR-040/MG;Sul;Queda de Carga;1;1;0;0;0;0;1
23/02/2015;19:15:00;222;Acidente sem Vítima;526;BR-040/MG;Sul;Queda de Carga;1;1;0;0;0;0;1
23/02/2015;06:55:00;25;Acidente sem Vítima;617;BR-040/MG;Sul;Capotamento;1;1;0;0;0;0;1
24/02/2015;07:04:00;30;Acidente com Vítima;530;BR-040/MG;Sul;Abalroamento - Longitudinal;1;1;1;0;0;0;1
24/02/2015;00:30:00;4;Acidente sem Vítima;696;BR-040/MG;Norte;Atropelamento - Animal;1;1;0;0;0;0;1
24/02/2015;17:15:00;190;Acidente sem Vítima;712;BR-040/MG;Norte;Abalroamento - Longitudinal;1;2;0;0;0;0;1
24/02/2015;18:25:00;203;Acidente com Vítima;112;BR-040/GO;Sul;Colisão frontal;1;2;0;1;0;0;2
25/02/2015;22:24:00;261;Acidente com Vítima;315,005;BR-040/MG;Sul;Abalroamento - Longitudinal;2;1;1;0;0;0;1
25/02/2015;13:17:00;134;Acidente sem Vítima;551;BR-040/MG;Sul;Colisão traseira;1;2;0;0;0;0;1
25/02/2015;07:49:00;39;Acidente com Vítima;600;BR-040/MG;Sul;Choque com objeto fixo;1;1;2;0;0;0;1
26/02/2015;17:31:00;154;Acidente com Vítima;472,5;BR-040/MG;Norte;Queda de Carga;1;0;1;0;0;0;1
27/02/2015;18:02:00;163;Acidente com Vítima;647;BR-040/MG;Norte;Colisão frontal;2;2;0;0;0;0;1
27/02/2015;17:37:00;169;Acidente com Vítima;710,95;BR-040/MG;Norte;Colisão traseira;1;2;3;0;0;0;1
27/02/2015;13:12:00;96;Acidente sem Vítima;750;BR-040/MG;Sul;Choque com objeto fixo;1;1;0;0;0;0;1
28/02/2015;14:23:00;170;Acidente sem Vítima;462;BR-040/MG;Sul;Colisão traseira;1;7;0;0;0;0;1
28/02/2015;14:05:00;165;Acidente sem Vítima;526;BR-040/MG;Norte;Outros;1;1;0;0;0;0;1
28/02/2015;09:44:00;96;Acidente com Morte;527;BR-040/MG;Norte;Choque com objeto fixo;1;1;0;0;0;1;3
28/02/2015;12:35:00;146;Acidente sem Vítima;539;BR-040/MG;Sul;Colisão traseira;1;3;0;0;0;0;1
28/02/2015;14:34:00;174;Acidente sem Vítima;600;BR-040/MG;Norte;Abalroamento - Longitudinal;3;3;0;0;0;0;1
01/03/2015;10:44:00;78;Acidente sem Vítima;601;BR-040/MG;Norte;Abalroamento - Longitudinal;1;2;0;0;0;0;1
01/03/2015;14:01:00;122;Acidente com Vítima;108;BR-040/GO;Sul;Abalroamento - Longitudinal;1;2;2;0;0;0;1
02/03/2015;07:29:00;42;Acidente com Morte;45;BR-040/MG;Norte;Abalroamento - Longitudinal;1;1;0;1;0;1;3
02/03/2015;17:19:00;166;Acidente sem Vítima;543;BR-040/MG;Sul;Colisão traseira;1;2;0;0;0;0;1
03/03/2015;22:27:00;256;Acidente com Vítima;539;BR-040/MG;Norte;Outros;2;2;1;0;0;0;1
03/03/2015;06:55:00;26;Acidente com Vítima;683,1;BR-040/MG;Sul;Colisão frontal;1;2;1;0;0;0;1
04/03/2015;22:10:00;287;Acidente sem Vítima;496;BR-040/MG;Norte;Colisão traseira;1;2;0;0;0;0;1
04/03/2015;21:30:00;275;Acidente sem Vítima;499;BR-040/MG;Norte;Outros;1;1;0;0;0;0;1
04/03/2015;16:18:00;191;Acidente sem Vítima;683;BR-040/MG;Norte;Outros;2;3;0;0;0;0;1
04/03/2015;19:30:00;245;Acidente com Morte;743,9;BR-040/MG;Norte;Choque com objeto fixo;1;0;0;0;0;1;3
04/03/2015;19:23:00;243;Acidente com Vítima;757;BR-040/MG;Norte;Abalroamento - Longitudinal;2;2;0;1;0;0;2
05/03/2015;04:03:00;16;Acidente com Vítima;52,1;BR-040/MG;Sul;Capotamento;1;2;1;0;0;0;1
05/03/2015;02:52:00;14;Acidente com Morte;138;BR-040/MG;Norte;Capotamento;1;0;0;0;0;1;3
05/03/2015;22:56:00;297;Acidente sem Vítima;330;BR-040/MG;Sul;Atropelamento - Animal;1;2;0;0;0;0;1
05/03/2015;16:22:00;206;Acidente sem Vítima;461;BR-040/MG;Norte;Outros;1;1;0;0;0;0;1
05/03/2015;08:55:00;64;Acidente sem Vítima;525;BR-040/MG;Sul;Colisão traseira;4;4;0;0;0;0;1
05/03/2015;14:55:00;183;Acidente sem Vítima;559;BR-040/MG;Sul;Colisão traseira;2;2;0;0;0;0;1
05/03/2015;13:38:00;164;Acidente sem Vítima;566;BR-040/MG;Sul;Choque com objeto fixo;1;1;0;0;0;0;1
05/03/2015;12:06:00;134;Acidente sem Vítima;670;BR-040/MG;Sul;Outros;1;1;0;0;0;0;1
05/03/2015;00:57:00;3;Acidente sem Vítima;732,5;BR-040/MG;Norte;Outros;1;2;0;0;0;0;1
05/03/2015;21:42:00;279;Acidente com Vítima;761;BR-040/MG;Sul;Choque com objeto fixo;1;1;1;0;0;0;1
06/03/2015;17:37:00;215;Acidente sem Vítima;535;BR-040/MG;Norte;Abalroamento - Longitudinal;1;2;0;0;0;0;1
06/03/2015;19:03:00;237;Acidente sem Vítima;537,5;BR-040/MG;Norte;Abalroamento - Longitudinal;1;3;0;0;0;0;1
06/03/2015;03:19:00;15;Acidente com Vítima;612;BR-040/MG;Sul;Choque em barreira New Jersey;1;0;1;0;0;0;1
06/03/2015;00:42:00;2;Acidente com Morte;615,5;BR-040/MG;Norte;Colisão traseira;1;1;0;0;0;1;3
06/03/2015;15:15:00;182;Acidente sem Vítima;649,5;BR-040/MG;Sul;Colisão traseira;1;6;0;0;0;0;1
06/03/2015;09:22:00;82;Acidente com Vítima;772,4;BR-040/MG;Sul;Colisão traseira;1;2;0;1;0;0;2
07/03/2015;17:26:00;245;Acidente sem Vítima;447;BR-040/MG;Sul;Outros;2;2;0;0;0;0;1
07/03/2015;10:01:00;97;Acidente sem Vítima;626;BR-040/MG;Sul;Colisão traseira;1;3;0;0;0;0;1
07/03/2015;23:15:00;316;Acidente sem Vítima;691;BR-040/MG;Norte;Colisão traseira;1;2;0;0;0;0;1
08/03/2015;18:46:00;221;Acidente sem Vítima;580;BR-040/MG;Norte;Colisão traseira;1;2;0;0;0;0;1
09/03/2015;17:25:00;246;Acidente sem Vítima;127;BR-040/MG;Sul;Abalroamento - Longitudinal;2;2;0;0;0;0;1
09/03/2015;17:48:00;249;Acidente sem Vítima;165;BR-040/MG;Sul;Choque com objeto fixo;1;1;0;0;0;0;1
09/03/2015;15:35:00;215;Acidente sem Vítima;62;BR-040/GO;Sul;Outros;1;2;0;0;0;0;1
10/03/2015;12:33:00;145;Acidente sem Vítima;5;BR-040/GO;Sul;Abalroamento - Longitudinal;1;2;0;0;0;0;1
10/03/2015;20:23:00;256;Acidente com Vítima;130;BR-040/MG;Norte;Colisão traseira;1;1;0;1;0;0;2
10/03/2015;09:20:00;84;Acidente com Vítima;516;BR-040/MG;Norte;Choque com objeto fixo;1;1;0;0;0;0;1
10/03/2015;18:37:00;225;Acidente sem Vítima;534;BR-040/MG;Sul;Colisão traseira;1;2;0;0;0;0;1
10/03/2015;03:53:00;24;Acidente sem Vítima;541,3;BR-040/MG;Norte;Choque com objeto fixo;1;1;0;0;0;0;1
10/03/2015;04:25:00;25;Acidente sem Vítima;565;BR-040/MG;Norte;Colisão traseira;1;2;0;0;0;0;1
10/03/2015;11:41:00;127;Acidente sem Vítima;571;BR-040/MG;Norte;Abalroamento - Longitudinal;3;3;0;0;0;0;1
11/03/2015;11:34:00;129;Acidente sem Vítima;289;BR-040/MG;Norte;Queda de Carga;1;1;0;0;0;0;1
11/03/2015;06:31:00;36;Acidente sem Vítima;525,1;BR-040/MG;Sul;Abalroamento - Longitudinal;2;3;0;0;0;0;1
11/03/2015;14:09:00;168;Acidente sem Vítima;532;BR-040/MG;Sul;Abalroamento - Transversal;1;2;0;0;0;0;1
11/03/2015;18:30:00;221;Acidente sem Vítima;538;BR-040/MG;Norte;Colisão traseira;1;5;0;0;0;0;1
11/03/2015;01:22:00;7;Acidente sem Vítima;540;BR-040/MG;Norte;Outros;1;2;0;0;0;0;1
11/03/2015;21:51:00;260;Acidente sem Vítima;660;BR-040/MG;Norte;Outros;1;1;0;0;0;0;1
11/03/2015;18:25:00;219;Acidente sem Vítima;82,5;BR-040/GO;Norte;Outros;1;4;0;0;0;0;1
11/03/2015;11:52:00;136;Acidente sem Vítima;90,1;BR-040/GO;Sul;Queda de Carga;2;4;0;0;0;0;1
11/03/2015;11:06:00;122;Acidente sem Vítima;676;BR-040/MG;Sul;Capotamento;1;1;0;0;0;0;1
12/03/2015;03:29:00;32;Acidente sem Vítima;505;BR-040/MG;Norte;Outros;1;1;0;0;0;0;1
12/03/2015;08:28:00;84;Acidente sem Vítima;521,005;BR-040/MG;Norte;Colisão traseira;1;2;0;0;0;0;1
12/03/2015;12:30:00;188;Acidente sem Vítima;571;BR-040/MG;Norte;Colisão traseira;1;3;0;0;0;0;1
13/03/2015;21:20:00;296;Acidente sem Vítima;4;BR-040/DF;Sul;Colisão traseira;1;2;0;0;0;0;1
13/03/2015;06:05:00;18;Acidente sem Vítima;6;BR-040/GO;Norte;Choque com objeto fixo;1;1;0;0;0;0;1
13/03/2015;14:47:00;183;Acidente com Vítima;685;BR-040/MG;Norte;Colisão traseira;1;1;1;0;0;0;1
13/03/2015;13:21:00;161;Acidente sem Vítima;740;BR-040/MG;Sul;Abalroamento - Longitudinal;2;2;0;0;0;0;1
14/03/2015;21:05:00;242;Acidente com Vítima;2,5;BR-040/GO;Sul;Abalroamento - Transversal;1;3;1;0;0;0;1
14/03/2015;18:35:00;203;Acidente sem Vítima;7,5;BR-040/GO;Norte;Abalroamento - Longitudinal;1;4;0;0;0;0;1
14/03/2015;08:06:00;47;Acidente com Vítima;15,8;BR-040/GO;Sul;Colisão traseira;1;0;4;0;0;0;1
14/03/2015;12:31:00;125;Acidente com Vítima;668;BR-040/MG;Norte;Abalroamento - Transversal;2;2;1;0;0;0;1
15/03/2015;22:19:00;234;Acidente sem Vítima;0,002;BR-040/MG;Norte;Outros;1;1;0;0;0;0;1
16/03/2015;10:43:00;130;Acidente sem Vítima;404,5;BR-040/MG;Norte;Abalroamento - Longitudinal;2;3;0;0;0;0;1
16/03/2015;17:37:00;246;Acidente com Vítima;614;BR-040/MG;Norte;Abalroamento - Transversal;1;1;1;0;1;0;2
16/03/2015;14:27:00;195;Acidente com Vítima;90;BR-040/GO;Norte;Outros;1;0;1;0;0;0;1
16/03/2015;11:05:00;136;Acidente sem Vítima;752;BR-040/MG;Sul;Queda de Carga;1;2;0;0;0;0;1
17/03/2015;06:25:00;69;Acidente sem Vítima;24;BR-040/GO;Sul;Abalroamento - Longitudinal;1;2;0;0;0;0;1
17/03/2015;11:29:00;177;Acidente sem Vítima;89;BR-040/MG;Sul;Atropelamento - Animal;2;3;0;0;0;0;1
17/03/2015;13:17:00;214;Acidente sem Vítima;543,5;BR-040/MG;Sul;Outros;1;1;0;0;0;0;1
18/03/2015;21:15:00;281;Acidente sem Vítima;55;BR-040/GO;Sul;Abalroamento - Longitudinal;1;2;0;0;0;0;1
19/03/2015;22:15:00;291;Acidente com Vítima;144,007;BR-040/MG;Sul;Colisão traseira;1;3;2;0;0;0;1
19/03/2015;13:42:00;154;Acidente sem Vítima;473;BR-040/MG;Norte;Abalroamento - Transversal;1;4;0;0;0;0;1
20/03/2015;09:29:00;99;Atropelamento sem Morte;8;BR-040/GO;Sul;Atropelamento - Pedestre atravessando;1;1;0;0;0;0;1
20/03/2015;16:48:00;217;Acidente com Vítima;25,5;BR-040/MG;Sul;Outros;1;1;1;0;0;0;1
20/03/2015;16:26:00;209;Acidente sem Vítima;516;BR-040/MG;Sul;Colisão traseira;1;2;0;0;0;0;1
20/03/2015;20:45:00;284;Acidente com Vítima;528;BR-040/MG;Norte;Colisão traseira;1;4;0;0;0;0;1
20/03/2015;14:59:00;185;Acidente sem Vítima;728;BR-040/MG;Sul;Outros;1;2;0;0;0;0;1
21/03/2015;05:25:00;65;Acidente sem Vítima;461,5;BR-040/MG;Sul;Queda de Carga;1;1;0;0;0;0;1
21/03/2015;06:00:00;70;Acidente sem Vítima;526,5;BR-040/MG;Norte;Queda de Carga;1;1;0;0;0;0;1
21/03/2015;08:13:00;108;Acidente sem Vítima;620;BR-040/MG;Sul;Outros;1;1;0;0;0;0;1
22/03/2015;12:38:00;104;Acidente sem Vítima;462,2;BR-040/MG;Sul;Queda de Carga;1;1;0;0;0;0;1
23/03/2015;19:18:00;259;Acidente sem Vítima;533;BR-040/MG;Norte;Abalroamento - Longitudinal;1;2;0;0;0;0;1
23/03/2015;09:19:00;100;Acidente sem Vítima;538;BR-040/MG;Norte;Colisão traseira;2;4;0;0;0;0;1
23/03/2015;08:16:00;65;Acidente sem Vítima;538;BR-040/MG;Norte;Colisão traseira;2;5;0;0;0;0;1
23/03/2015;08:32:00;72;Acidente sem Vítima;590;BR-040/MG;Norte;Abalroamento - Transversal;1;4;0;0;0;0;1
23/03/2015;00:25:00;4;Acidente sem Vítima;608;BR-040/MG;Sul;Outros;1;1;0;0;0;0;1
23/03/2015;10:57:00;128;Acidente com Vítima;614;BR-040/MG;Sul;Colisão traseira;1;2;1;1;0;0;2
23/03/2015;09:28:00;104;Acidente sem Vítima;96,5;BR-040/GO;Norte;Abalroamento - Transversal;1;2;0;0;0;0;1
23/03/2015;07:28:00;36;Acidente com Vítima;735;BR-040/MG;Norte;Abalroamento - Longitudinal;2;1;1;0;0;0;1
24/03/2015;08:05:00;62;Acidente com Morte;448;BR-040/MG;Norte;Colisão frontal;1;0;1;0;0;1;3
24/03/2015;18:35:00;280;Acidente sem Vítima;522;BR-040/MG;Sul;Colisão traseira;1;2;0;0;0;0;1
25/03/2015;20:46:00;315;Atropelamento com Morte;5;BR-040/GO;Norte;Atropelamento - Pedestre atravessando;1;1;0;0;0;1;3
25/03/2015;14:07:00;202;Acidente com Vítima;533;BR-040/MG;Norte;Colisão traseira;1;1;0;1;0;0;2
25/03/2015;08:29:00;84;Acidente sem Vítima;533;BR-040/MG;Sul;Colisão traseira;1;4;0;0;0;0;1
25/03/2015;20:48:00;316;Acidente com Morte;566;BR-040/MG;Sul;Abalroamento - Longitudinal;1;2;0;0;0;1;3
25/03/2015;06:57:00;47;Acidente sem Vítima;752;BR-040/MG;Norte;Abalroamento - Longitudinal;1;2;0;0;0;0;1
25/03/2015;20:55:00;318;Acidente sem Vítima;771,1;BR-040/MG;Norte;Abalroamento - Transversal;1;2;0;0;0;0;1
26/03/2015;09:51:00;116;Acidente sem Vítima;50;BR-040/MG;Norte;Colisão traseira;1;2;0;0;0;0;1
26/03/2015;06:36:00;34;Acidente com Vítima;391;BR-040/MG;Sul;Queda de Carga;1;0;2;0;0;0;1
26/03/2015;15:08:00;185;Acidente sem Vítima;543;BR-040/MG;Norte;Abalroamento - Longitudinal;1;2;0;0;0;0;1
26/03/2015;01:30:00;7;Acidente com Vítima;543;BR-040/MG;Norte;Colisão traseira;2;4;0;0;0;0;1
27/03/2015;17:39:00;204;Acidente sem Vítima;570,6;BR-040/MG;Norte;Abalroamento - Longitudinal;1;3;0;0;0;0;1
27/03/2015;16:48:00;189;Acidente sem Vítima;625;BR-040/MG;Norte;Colisão traseira;1;4;0;0;0;0;1
27/03/2015;13:39:00;146;Acidente sem Vítima;57;BR-040/GO;Norte;Outros;1;1;0;0;0;0;1
29/03/2015;18:30:00;221;Acidente com Vítima;614,3;BR-040/MG;Norte;Abalroamento - Transversal;1;2;2;0;0;0;1
30/03/2015;17:01:00;210;Acidente sem Vítima;471;BR-040/MG;Norte;Colisão traseira;1;2;0;0;0;0;1
30/03/2015;12:43:00;149;Acidente sem Vítima;527;BR-040/MG;Norte;Colisão traseira;2;5;0;0;0;0;1
30/03/2015;23:16:00;288;Acidente com Vítima;609,7;BR-040/MG;Norte;Colisão traseira;1;4;4;0;0;0;1
30/03/2015;19:25:00;249;Acidente com Morte;7;BR-040/DF;Norte;Colisão traseira;1;1;0;0;0;1;3
31/03/2015;09:15:00;65;Acidente sem Vítima;476;BR-040/MG;Norte;Colisão traseira;1;2;0;0;0;0;1
31/03/2015;09:41:00;73;Acidente sem Vítima;640;BR-040/MG;Sul;Abalroamento - Longitudinal;1;2;0;0;0;0;1
31/03/2015;04:55:00;10;Acidente sem Vítima;53;BR-040/GO;Sul;Outros;1;1;0;0;0;0;1
31/03/2015;14:10:00;141;Acidente com Vítima;57;BR-040/GO;Norte;Abalroamento - Longitudinal;1;2;0;1;0;0;2
01/04/2015;17:21:00;260;Acidente sem Vítima;522,005;BR-040/MG;Norte;Outros;1;2;0;0;0;0;1
01/04/2015;10:33:00;144;Acidente sem Vítima;616;BR-040/MG;Sul;Colisão traseira;1;2;0;0;0;0;1
01/04/2015;09:07:00;111;Acidente sem Vítima;707,95;BR-040/MG;Norte;Outros;1;2;0;0;0;0;1
02/04/2015;08:42:00;108;Acidente sem Vítima;2;BR-040/GO;Sul;Abalroamento - Longitudinal;1;2;0;0;0;0;1
02/04/2015;01:54:00;22;Acidente com Vítima;463;BR-040/MG;Sul;Outros;1;1;1;0;0;0;1
02/04/2015;14:45:00;227;Acidente sem Vítima;491,2;BR-040/MG;Norte;Colisão traseira;1;2;0;0;0;0;1
02/04/2015;19:49:00;324;Acidente sem Vítima;62;BR-040/GO;Sul;Abalroamento - Longitudinal;1;2;0;0;0;0;1
02/04/2015;15:02:00;228;Acidente sem Vítima;97;BR-040/GO;Norte;Abalroamento - Longitudinal;1;2;0;0;0;0;1
02/04/2015;13:52:00;205;Acidente com Vítima;106;BR-040/GO;Sul;Queda de Carga;1;1;0;1;0;0;2
03/04/2015;16:25:00;147;Acidente com Vítima;144,1;BR-040/MG;Sul;Queda de Carga;1;1;1;0;0;0;1
05/04/2015;14:04:00;116;Acidente sem Vítima;483,3;BR-040/MG;Sul;Colisão traseira;1;2;0;0;0;0;1
05/04/2015;10:48:00;70;Acidente sem Vítima;639,19;BR-040/MG;Norte;Outros;1;1;0;0;0;0;1
06/04/2015;09:04:00;125;Acidente com Vítima;521,4;BR-040/MG;Norte;Outros;1;0;2;1;0;0;2
06/04/2015;22:55:00;346;Acidente sem Vítima;557;BR-040/MG;Norte;Choque com objeto fixo;1;1;0;0;0;0;1
07/04/2015;11:49:00;140;Acidente sem Vítima;71;BR-040/MG;Norte;Colisão frontal;1;2;0;0;0;0;1
07/04/2015;01:26:00;8;Acidente com Vítima;103;BR-040/GO;Norte;Colisão traseira;1;1;0;1;0;0;2
08/04/2015;11:45:00;150;Acidente com Vítima;2,5;BR-040/GO;Sul;Outros;1;1;0;1;0;0;2
09/04/2015;07:45:00;54;Acidente sem Vítima;524,1;BR-040/MG;Sul;Colisão traseira;1;3;0;0;0;0;1
09/04/2015;12:28:00;161;Acidente sem Vítima;623,7;BR-040/MG;Norte;Outros;1;1;0;0;0;0;1
09/04/2015;08:59:00;89;Acidente com Vítima;757,5;BR-040/MG;Norte;Queda de Carga;1;0;1;0;0;0;1
10/04/2015;10:31:00;144;Acidente com Vítima;1,8;BR-040/GO;Norte;Colisão traseira;1;2;1;1;0;0;2
10/04/2015;12:01:00;170;Acidente sem Vítima;465,5;BR-040/MG;Norte;Colisão traseira;2;2;0;0;0;0;1
10/04/2015;13:49:00;195;Atropelamento sem Morte;473,047;BR-040/MG;Sul;Atropelamento - Pedestre caminhando;1;1;0;1;0;0;2
10/04/2015;15:24:00;216;Acidente sem Vítima;119;BR-040/GO;Norte;Abalroamento - Longitudinal;1;2;0;0;0;0;1
10/04/2015;13:06:00;184;Acidente com Vítima;138;BR-040/GO;Sul;Abalroamento - Longitudinal;1;0;2;0;0;0;1
11/04/2015;09:44:00;85;Acidente sem Vítima;141;BR-040/MG;Norte;Abalroamento - Longitudinal;1;2;0;0;0;0;1
11/04/2015;17:42:00;166;Acidente com Morte;145,2;BR-040/MG;Norte;Abalroamento - Transversal;1;1;1;0;0;2;3
11/04/2015;20:29:00;208;Acidente com Vítima;151;BR-040/MG;Norte;Colisão frontal;1;1;0;0;1;0;2
11/04/2015;20:24:00;207;Acidente com Morte;612,021;BR-040/MG;Sul;Colisão frontal;1;2;0;0;0;2;3
13/04/2015;19:01:00;280;Atropelamento sem Morte;737;BR-040/MG;Sul;Atropelamento - Pedestre atravessando;1;1;0;0;0;0;1
14/04/2015;14:23:00;205;Acidente sem Vítima;529;BR-040/MG;Sul;Colisão traseira;1;2;0;0;0;0;1
14/04/2015;23:52:00;341;Atropelamento com Morte;39,002;BR-040/GO;Norte;Atropelamento - Pedestre caminhando;1;1;0;0;0;1;3
15/04/2015;00:35:00;7;Acidente sem Vítima;38;BR-040/MG;Sul;Colisão traseira;1;2;0;0;0;0;1
15/04/2015;13:14:00;170;Acidente sem Vítima;729;BR-040/MG;Sul;Abalroamento - Transversal;2;4;0;0;0;0;1
15/04/2015;16:57:00;220;Acidente sem Vítima;730,5;BR-040/MG;Sul;Colisão traseira;4;4;0;0;0;0;1
15/04/2015;01:31:00;15;Acidente sem Vítima;741;BR-040/MG;Sul;Atropelamento - Animal;1;1;0;0;0;0;1
16/04/2015;23:30:00;293;Acidente sem Vítima;137,8;BR-040/MG;Norte;Outros;1;1;0;0;0;0;1
16/04/2015;22:37:00;289;Acidente com Vítima;271,9;BR-040/MG;Norte;Abalroamento - Longitudinal;1;1;1;0;0;0;1
16/04/2015;13:07:00;179;Acidente sem Vítima;455;BR-040/MG;Norte;Outros;1;1;0;0;0;0;1
16/04/2015;16:19:00;219;Acidente sem Vítima;595;BR-040/MG;Sul;Colisão traseira;2;3;0;0;0;0;1
16/04/2015;18:16:00;243;Acidente com Vítima;658,4;BR-040/MG;Norte;Colisão traseira;1;19;2;0;1;0;2
17/04/2015;01:31:00;7;Acidente com Vítima;462;BR-040/MG;Sul;Queda de Carga;1;0;0;1;0;0;2
17/04/2015;19:03:00;298;Acidente sem Vítima;537,5;BR-040/MG;Norte;Colisão traseira;4;10;0;0;0;0;1
17/04/2015;23:50:00;365;Acidente com Vítima;586,001;BR-040/MG;Norte;Choque com objeto fixo;1;0;1;0;0;0;1
18/04/2015;20:47:00;344;Acidente sem Vítima;32;BR-040/GO;Norte;Queda de Carga;1;1;1;0;0;0;1
18/04/2015;13:02:00;201;Acidente sem Vítima;540,3;BR-040/MG;Norte;Colisão traseira;1;2;0;0;0;0;1
18/04/2015;07:48:00;81;Acidente sem Vítima;580,1;BR-040/MG;Sul;Abalroamento - Transversal;1;2;0;0;0;0;1
18/04/2015;14:54:00;238;Acidente sem Vítima;7,433;BR-040/DF;Norte;Abalroamento - Longitudinal;1;2;0;0;0;0;1
18/04/2015;06:05:00;49;Acidente sem Vítima;99,5;BR-040/GO;Sul;Colisão traseira;1;6;0;0;0;0;1
19/04/2015;03:53:00;30;Acidente sem Vítima;128,5;BR-040/MG;Norte;Colisão traseira;1;2;0;0;0;0;1
19/04/2015;10:39:00;92;Acidente sem Vítima;585,8;BR-040/MG;Sul;Outros;1;1;0;0;0;0;1
19/04/2015;22:40:00;276;Acidente sem Vítima;109,1;BR-040/GO;Norte;Queda de Carga;1;1;0;0;0;0;1
20/04/2015;02:59:00;13;Acidente com Vítima;615,5;BR-040/MG;Sul;Queda de Carga;1;1;1;0;0;0;1
21/04/2015;00:12:00;2;Acidente com Vítima;598,8;BR-040/MG;Sul;Abalroamento - Longitudinal;2;1;0;0;0;0;1
22/04/2015;09:34:00;105;Acidente sem Vítima;446,901;BR-040/MG;Sul;Queda de Carga;1;1;0;0;0;0;1
22/04/2015;13:50:00;202;Acidente com Vítima;552,044;BR-040/MG;Norte;Colisão traseira;1;7;1;0;0;0;1
22/04/2015;19:21:00;310;Acidente sem Vítima;588;BR-040/MG;Norte;Colisão traseira;1;2;0;0;0;0;1
22/04/2015;21:05:00;336;Acidente com Vítima;729,5;BR-040/MG;Norte;Choque em barreira New Jersey;1;1;0;1;0;0;2
22/04/2015;18:04:00;277;Acidente sem Vítima;756,7;BR-040/MG;Sul;Outros;1;2;0;0;0;0;1
23/04/2015;21:45:00;293;Acidente sem Vítima;59,1;BR-040/MG;Norte;Choque com objeto fixo;1;1;0;0;0;0;1
23/04/2015;17:05:00;218;Acidente sem Vítima;535;BR-040/MG;Norte;Abalroamento - Longitudinal;1;2;0;0;0;0;1
23/04/2015;21:01:00;281;Acidente sem Vítima;584,7;BR-040/MG;Sul;Abalroamento - Longitudinal;1;2;0;0;0;0;1
24/04/2015;18:45:00;215;Acidente com Vítima;5,6;BR-040/GO;Sul;Outros;1;2;0;0;0;0;1
24/04/2015;07:01:00;36;Acidente sem Vítima;533;BR-040/MG;Sul;Colisão traseira;1;2;0;1;0;0;2