data;horario;n_da_ocorrencia;tipo_de_ocorrencia;km;trecho;sentido;tipo_de_acidente;caminhao;ilesos;levemente_feridos;moderadamente_feridos;gravemente_feridos;mortos;3
24/04/2015;23:10:00;273;Acidente sem Vítima;751,8;BR-040/MG;Sul;Queda de Carga;1;2;0;0;0;0;1
25/04/2015;11:48:00;142;Acidente sem Vítima;587,5;BR-040/MG;Norte;Colisão traseira;1;2;0;0;0;0;1
25/04/2015;13:42:00;174;Acidente com Morte;594,1;BR-040/MG;Sul;Colisão frontal;1;1;0;0;0;2;3
25/04/2015;10:40:00;109;Acidente sem Vítima;627;BR-040/MG;Norte;Colisão traseira;1;2;0;0;0;0;1
26/04/2015;00:05:00;2;Acidente sem Vítima;533;BR-040/MG;Norte;Colisão traseira;1;2;0;0;0;0;1
26/04/2015;11:55:00;93;Acidente com Vítima;547;BR-040/MG;Norte;Abalroamento - Longitudinal;1;1;1;0;0;0;1
26/04/2015;16:04:00;156;Acidente com Vítima;654;BR-040/MG;Norte;Choque com objeto fixo;1;2;1;0;0;0;1
27/04/2015;11:56:00;167;Acidente com Morte;521,1;BR-040/MG;Norte;Abalroamento - Longitudinal;1;2;0;0;1;1;3
28/04/2015;07:08:00;42;Acidente sem Vítima;479;BR-040/MG;Norte;Colisão traseira;1;2;0;0;0;0;1
28/04/2015;16:38:00;196;Acidente sem Vítima;515;BR-040/MG;Sul;Outros;1;1;0;0;0;0;1
28/04/2015;08:59:00;104;Acidente sem Vítima;538;BR-040/MG;Norte;Abalroamento - Longitudinal;1;2;0;0;0;0;1
28/04/2015;12:43:00;149;Acidente com Vítima;566,7;BR-040/MG;Norte;Colisão traseira;1;1;0;1;0;0;2
29/04/2015;23:06:00;350;Acidente sem Vítima;81;BR-040/MG;Norte;Colisão traseira;1;2;0;0;0;0;1
29/04/2015;22:19:00;345;Acidente com Vítima;459,3;BR-040/MG;Sul;Colisão traseira;1;1;1;0;0;0;1
29/04/2015;19:32:00;304;Acidente sem Vítima;483,2;BR-040/MG;Norte;Abalroamento - Longitudinal;2;2;0;0;0;0;1
29/04/2015;14:40:00;215;Acidente sem Vítima;529;BR-040/MG;Norte;Outros;2;2;0;0;0;0;1
29/04/2015;18:21:00;284;Acidente sem Vítima;564,2;BR-040/MG;Norte;Colisão traseira;1;4;0;0;0;0;1
30/04/2015;05:47:00;21;Acidente sem Vítima;3,5;BR-040/GO;Norte;Colisão traseira;1;3;0;0;0;0;1
30/04/2015;18:22:00;283;Acidente sem Vítima;533,5;BR-040/MG;Norte;Colisão traseira;1;27;0;0;0;0;1
30/04/2015;15:31:00;232;Acidente sem Vítima;541;BR-040/MG;Norte;Choque em barreira New Jersey;1;2;0;0;0;0;1
30/04/2015;16:04:00;246;Acidente sem Vítima;541,007;BR-040/MG;Norte;Colisão traseira;1;2;0;0;0;0;1
30/04/2015;07:31:00;65;Acidente sem Vítima;728;BR-040/MG;Sul;Outros;1;1;0;0;0;0;1
01/05/2015;03:55:00;33;Acidente sem Vítima;13;BR-040/GO;Sul;Atropelamento - Animal;1;1;0;0;0;0;1
01/05/2015;16:53:00;168;Acidente sem Vítima;126,8;BR-040/MG;Sul;Colisão traseira;1;2;0;0;0;0;1
01/05/2015;12:35:00;121;Acidente com Morte;145,2;BR-040/MG;Sul;Abalroamento - Longitudinal;1;3;1;0;2;1;3
01/05/2015;03:56:00;34;Acidente com Vítima;472,2;BR-040/MG;Sul;Choque em veículo parado na pista;1;2;1;0;0;0;1
01/05/2015;12:09:00;120;Acidente com Vítima;749;BR-040/MG;Sul;Outros;1;0;0;1;0;0;2
02/05/2015;21:54:00;180;Acidente sem Vítima;101;BR-040/MG;Sul;Atropelamento - Animal;1;1;0;0;0;0;1
02/05/2015;21:11:00;175;Acidente sem Vítima;263,45;BR-040/MG;Norte;Abalroamento - Longitudinal;1;2;0;0;0;0;1
02/05/2015;09:05:00;50;Acidente com Morte;604,5;BR-040/MG;Sul;Queda de Carga;1;0;3;0;0;1;3
02/05/2015;12:13:00;88;Acidente com Vítima;652;BR-040/MG;Norte;Outros;1;1;1;0;0;0;1
04/05/2015;07:39:00;68;Acidente com Vítima;5,5;BR-040/DF;Norte;Abalroamento - Longitudinal;1;2;1;0;0;0;1
04/05/2015;23:11:00;320;Acidente sem Vítima;441,5;BR-040/MG;Norte;Colisão traseira;2;2;0;0;0;0;1
04/05/2015;09:25:00;111;Acidente sem Vítima;515,5;BR-040/MG;Norte;Colisão traseira;1;2;0;0;0;0;1
04/05/2015;12:08:00;158;Acidente com Vítima;615;BR-040/MG;Sul;Queda de Carga;1;1;1;0;0;0;1
04/05/2015;19:27:00;281;Acidente sem Vítima;67,05;BR-040/GO;Norte;Queda de Carga;1;1;0;0;0;0;1
05/05/2015;23:48:00;319;Acidente sem Vítima;512,3;BR-040/MG;Sul;Outros;1;2;0;0;0;0;1
05/05/2015;06:58:00;56;Acidente sem Vítima;528;BR-040/MG;Sul;Abalroamento - Longitudinal;1;2;0;0;0;0;1
05/05/2015;18:17:00;242;Acidente sem Vítima;614,8;BR-040/MG;Sul;Abalroamento - Longitudinal;1;2;0;0;0;0;1
05/05/2015;17:05:00;220;Acidente com Vítima;667,55;BR-040/MG;Sul;Abalroamento - Longitudinal;2;1;1;0;0;0;1
05/05/2015;22:14:00;301;Acidente sem Vítima;692,2;BR-040/MG;Norte;Queda de Carga;1;1;0;0;0;0;1
05/05/2015;10:30:00;138;Acidente sem Vítima;730;BR-040/MG;Norte;Outros;1;4;0;0;0;0;1
05/05/2015;08:40:00;107;Acidente sem Vítima;751;BR-040/MG;Norte;Outros;1;2;0;0;0;0;1
05/05/2015;23:51:00;320;Acidente sem Vítima;751,1;BR-040/MG;Sul;Outros;1;1;0;0;0;0;1
06/05/2015;22:33:00;316;Acidente com Vítima;36,2;BR-040/MG;Sul;Colisão traseira;1;2;3;0;0;0;1
06/05/2015;06:39:00;50;Acidente sem Vítima;48;BR-040/MG;Sul;Abalroamento - Longitudinal;2;2;0;0;0;0;1
06/05/2015;09:05:00;113;Acidente com Vítima;139;BR-040/MG;Sul;Queda de Carga;1;0;1;0;0;0;1
06/05/2015;08:12:00;89;Acidente com Vítima;430,2;BR-040/MG;Norte;Capotamento;1;1;1;0;0;0;1
06/05/2015;17:44:00;230;Acidente sem Vítima;444,2;BR-040/MG;Sul;Outros;1;2;0;0;0;0;1
06/05/2015;13:12:00;163;Acidente sem Vítima;510,5;BR-040/MG;Norte;Abalroamento - Longitudinal;1;2;0;0;0;0;1
06/05/2015;15:10:00;192;Acidente sem Vítima;515,6;BR-040/MG;Sul;Outros;1;1;0;0;0;0;1
06/05/2015;12:50:00;159;Acidente sem Vítima;516;BR-040/MG;Sul;Outros;1;1;0;0;0;0;1
06/05/2015;16:15:00;208;Acidente sem Vítima;530,2;BR-040/MG;Norte;Outros;1;1;0;0;0;0;1
06/05/2015;11:34:00;142;Acidente com Vítima;538;BR-040/MG;Sul;Outros;1;1;0;1;0;0;2
06/05/2015;19:00:00;262;Acidente com Vítima;545,2;BR-040/MG;Norte;Choque com objeto fixo;1;1;1;0;0;0;1
06/05/2015;22:11:00;312;Acidente sem Vítima;616;BR-040/MG;Norte;Abalroamento - Longitudinal;1;2;0;0;0;0;1
06/05/2015;05:45:00;34;Acidente com Vítima;155,5;BR-040/GO;Sul;Outros;1;0;1;0;0;0;1
07/05/2015;08:59:00;92;Acidente sem Vítima;3,5;BR-040/GO;Norte;Colisão traseira;1;3;0;0;0;0;1
07/05/2015;21:38:00;277;Acidente com Vítima;182,98;BR-040/MG;Sul;Colisão traseira;2;1;0;1;0;0;2
07/05/2015;23:52:00;300;Acidente sem Vítima;431,5;BR-040/MG;Norte;Outros;1;1;0;0;0;0;1
07/05/2015;07:37:00;54;Acidente sem Vítima;513,181;BR-040/MG;Norte;Abalroamento - Longitudinal;1;2;0;0;0;0;1
07/05/2015;14:59:00;188;Acidente com Vítima;592,2;BR-040/MG;Norte;Queda de Carga;1;0;1;0;0;0;1
07/05/2015;19:31:00;254;Acidente sem Vítima;627;BR-040/MG;Norte;Abalroamento - Longitudinal;1;2;0;0;0;0;1
07/05/2015;00:32:00;4;Acidente sem Vítima;691,9;BR-040/MG;Norte;Choque em veículo parado na pista;1;2;0;0;0;0;1
07/05/2015;05:06:00;21;Acidente sem Vítima;719,5;BR-040/MG;Sul;Queda de Carga;1;1;0;0;0;0;1
08/05/2015;02:15:00;19;Acidente sem Vítima;460;BR-040/MG;Sul;Queda de Carga;1;1;0;0;0;0;1
08/05/2015;10:51:00;147;Acidente sem Vítima;535,1;BR-040/MG;Norte;Colisão traseira;1;2;0;0;0;0;1
08/05/2015;00:16:00;4;Acidente sem Vítima;590;BR-040/MG;Norte;Colisão traseira;2;2;0;0;0;0;1
08/05/2015;07:55:00;83;Acidente sem Vítima;591,035;BR-040/MG;Norte;Choque em barreira New Jersey;1;2;0;0;0;0;1
08/05/2015;17:44:00;247;Acidente sem Vítima;593;BR-040/MG;Sul;Abalroamento - Longitudinal;1;4;0;0;0;0;1
08/05/2015;21:19:00;309;Atropelamento sem Morte;758,5;BR-040/MG;Norte;Atropelamento - Pedestre atravessando;1;1;0;1;0;0;2
09/05/2015;18:13:00;179;Acidente com Morte;666;BR-040/MG;Sul;Abalroamento - Transversal;1;1;0;0;0;3;3
09/05/2015;15:49:00;149;Acidente sem Vítima;737;BR-040/MG;Norte;Queda de Carga;1;1;0;0;0;0;1
11/05/2015;22:47:00;315;Acidente sem Vítima;355;BR-040/MG;Norte;Colisão traseira;2;2;0;0;0;0;1
11/05/2015;07:54:00;80;Acidente sem Vítima;466;BR-040/MG;Norte;Capotamento;1;1;0;0;0;0;1
11/05/2015;17:13:00;235;Acidente sem Vítima;473,5;BR-040/MG;Norte;Queda de Carga;1;1;0;0;0;0;1
11/05/2015;09:19:00;109;Acidente sem Vítima;474;BR-040/MG;Sul;Colisão traseira;1;2;0;0;0;0;1
11/05/2015;06:12:00;31;Acidente com Vítima;700;BR-040/MG;Norte;Colisão traseira;2;2;1;0;0;0;1
12/05/2015;17:15:00;212;Acidente com Vítima;8,7;BR-040/GO;Sul;Colisão traseira;1;1;1;0;0;0;1
13/05/2015;06:01:00;33;Acidente com Vítima;23;BR-040/GO;Norte;Colisão traseira;1;1;1;0;0;0;1
13/05/2015;10:09:00;139;Acidente com Morte;462,9;BR-040/MG;Sul;Colisão traseira;1;1;0;0;0;1;3
13/05/2015;14:51:00;181;Acidente sem Vítima;521,2;BR-040/MG;Norte;Outros;1;3;0;0;0;0;1
13/05/2015;19:18:00;238;Acidente com Morte;541,5;BR-040/MG;Norte;Colisão traseira;1;8;0;0;0;1;3
13/05/2015;04:14:00;24;Acidente sem Vítima;700;BR-040/MG;Sul;Atropelamento - Animal;1;2;0;0;0;0;1
14/05/2015;01:27:00;13;Acidente sem Vítima;385,19;BR-040/MG;Sul;Abalroamento - Longitudinal;1;2;0;0;0;0;1
14/05/2015;19:47:00;256;Acidente sem Vítima;532,1;BR-040/MG;Norte;Colisão traseira;1;4;0;0;0;0;1
15/05/2015;15:11:00;188;Acidente com Vítima;502,9;BR-040/MG;Norte;Abalroamento - Longitudinal;1;1;1;0;0;0;1
15/05/2015;07:44:00;70;Acidente sem Vítima;535,1;BR-040/MG;Sul;Abalroamento - Longitudinal;1;2;0;0;0;0;1
15/05/2015;11:29:00;141;Acidente sem Vítima;536;BR-040/MG;Norte;Colisão traseira;2;2;0;0;0;0;1
15/05/2015;05:35:00;26;Acidente com Vítima;555,6;BR-040/MG;Sul;Abalroamento - Longitudinal;1;1;0;1;0;0;2
15/05/2015;21:09:00;280;Acidente com Vítima;614,17;BR-040/MG;Sul;Abalroamento - Transversal;1;1;0;1;0;0;2
15/05/2015;04:45:00;22;Acidente sem Vítima;635,5;BR-040/MG;Norte;Outros;1;1;0;0;0;0;1
15/05/2015;11:06:00;137;Acidente sem Vítima;83,5;BR-040/GO;Norte;Outros;1;3;0;0;0;0;1
15/05/2015;21:30:00;285;Acidente com Vítima;740;BR-040/MG;Norte;Outros;1;1;1;0;0;0;1
18/05/2015;13:09:00;148;Acidente sem Vítima;509;BR-040/MG;Sul;Abalroamento - Longitudinal;1;2;0;0;0;0;1
19/05/2015;12:04:00;151;Acidente com Vítima;501,5;BR-040/MG;Norte;Colisão traseira;1;2;1;0;0;0;1
19/05/2015;05:50:00;34;Acidente sem Vítima;630;BR-040/MG;Norte;Atropelamento - Animal;1;1;0;0;0;0;1
19/05/2015;12:24:00;155;Acidente sem Vítima;749;BR-040/MG;Norte;Queda de Carga;1;1;0;0;0;0;1
20/05/2015;09:36:00;112;Acidente com Vítima;43,2;BR-040/MG;Norte;Abalroamento - Longitudinal;1;2;1;0;0;0;1
20/05/2015;12:28:00;153;Acidente com Vítima;486;BR-040/MG;Norte;Colisão traseira;1;1;1;0;0;0;1
20/05/2015;13:38:00;163;Acidente com Morte;578,1;BR-040/MG;Sul;Colisão frontal;2;1;1;0;0;5;3
21/05/2015;18:47:00;211;Acidente sem Vítima;536,04;BR-040/MG;Norte;Abalroamento - Longitudinal;2;4;0;0;0;0;1
21/05/2015;17:40:00;187;Acidente com Vítima;675,2;BR-040/MG;Sul;Queda de Carga;1;0;1;0;0;0;1
21/05/2015;13:17:00;142;Acidente com Vítima;682;BR-040/MG;Norte;Colisão frontal;2;0;2;0;0;0;1
22/05/2015;20:00:00;240;Acidente sem Vítima;36,7;BR-040/MG;Norte;Colisão traseira;2;2;0;0;0;0;1
22/05/2015;18:36:00;206;Acidente com Vítima;16,5;BR-040/GO;Sul;Colisão traseira;1;1;1;0;0;0;1
22/05/2015;12:18:00;129;Acidente com Vítima;143;BR-040/MG;Norte;Abalroamento - Transversal;1;2;1;0;0;0;1
22/05/2015;15:41:00;154;Acidente sem Vítima;484;BR-040/MG;Sul;Choque com objeto fixo;1;1;0;0;0;0;1
22/05/2015;16:39:00;169;Acidente sem Vítima;485;BR-040/MG;Norte;Colisão traseira;2;2;0;0;0;0;1
22/05/2015;15:35:00;151;Acidente sem Vítima;575,6;BR-040/MG;Sul;Abalroamento - Longitudinal;1;2;0;0;0;0;1
22/05/2015;17:27:00;177;Acidente sem Vítima;604,3;BR-040/MG;Norte;Colisão traseira;2;3;0;0;0;0;1
22/05/2015;18:16:00;194;Acidente sem Vítima;124,9;BR-040/GO;Norte;Abalroamento - Longitudinal;1;4;0;0;0;0;1
23/05/2015;17:12:00;188;Acidente com Vítima;511,005;BR-040/MG;Norte;Choque com objeto fixo;1;0;0;2;0;0;2
23/05/2015;06:39:00;31;Acidente com Morte;680,9;BR-040/MG;Norte;Abalroamento - Longitudinal;1;1;0;0;0;1;3
23/05/2015;16:31:00;174;Acidente com Vítima;139;BR-040/GO;Sul;Abalroamento - Longitudinal;3;3;3;0;0;0;1
24/05/2015;18:07:00;177;Acidente com Vítima;38,3;BR-040/MG;Norte;Colisão frontal;1;2;0;1;0;0;2
24/05/2015;11:10:00;88;Acidente sem Vítima;224;BR-040/MG;Sul;Queda de Carga;1;1;0;0;0;0;1
25/05/2015;20:34:00;268;Acidente com Vítima;551,1;BR-040/MG;Norte;Abalroamento - Longitudinal;1;1;0;1;0;0;2
26/05/2015;11:53:00;145;Acidente sem Vítima;231,7;BR-040/MG;Norte;Queda de Carga;1;1;0;0;0;0;1
26/05/2015;12:18:00;150;Acidente sem Vítima;528,5;BR-040/MG;Norte;Outros;2;20;0;0;0;0;1
26/05/2015;19:55:00;262;Acidente sem Vítima;534,3;BR-040/MG;Norte;Abalroamento - Longitudinal;1;4;0;0;0;0;1
26/05/2015;17:40:00;224;Acidente sem Vítima;63,5;BR-040/GO;Norte;Queda de Carga;1;1;0;0;0;0;1
26/05/2015;04:48:00;24;Acidente sem Vítima;668,3;BR-040/MG;Norte;Atropelamento - Animal;1;1;0;0;0;0;1
26/05/2015;10:11:00;126;Acidente com Vítima;124,1;BR-040/GO;Norte;Colisão frontal;1;4;0;1;0;0;2
27/05/2015;08:20:00;91;Acidente com Vítima;8,8;BR-040/GO;Sul;Outros;1;1;1;0;0;0;1
27/05/2015;15:11:00;213;Acidente sem Vítima;462,602;BR-040/MG;Norte;Colisão traseira;1;2;0;0;0;0;1
27/05/2015;04:30:00;25;Acidente sem Vítima;772,2;BR-040/MG;Norte;Queda de Carga;1;1;0;0;0;0;1
28/05/2015;17:28:00;254;Acidente sem Vítima;5,5;BR-040/GO;Norte;Colisão traseira;1;3;0;0;0;0;1
28/05/2015;09:27:00;127;Acidente sem Vítima;9,005;BR-040/GO;Norte;Colisão traseira;1;2;0;0;0;0;1
28/05/2015;14:43:00;204;Acidente com Vítima;532,642;BR-040/MG;Sul;Colisão traseira;2;2;1;0;0;0;1
29/05/2015;07:28:00;79;Acidente sem Vítima;4,8;BR-040/DF;Norte;Colisão traseira;2;2;0;0;0;0;1
29/05/2015;08:44:00;114;Acidente com Vítima;124;BR-040/MG;Norte;Abalroamento - Longitudinal;1;1;3;0;0;0;1
29/05/2015;06:30:00;51;Acidente sem Vítima;130,005;BR-040/MG;Sul;Queda de Carga;1;1;0;0;0;0;1
29/05/2015;08:00:00;92;Acidente com Vítima;169,3;BR-040/MG;Norte;Colisão traseira;2;1;0;2;0;0;2
29/05/2015;17:09:00;215;Acidente sem Vítima;457,35;BR-040/MG;Norte;Queda de Carga;1;1;0;0;0;0;1
29/05/2015;09:11:00;125;Acidente com Morte;464,8;BR-040/MG;Sul;Colisão frontal;1;1;0;0;0;1;3
29/05/2015;05:36:00;40;Acidente sem Vítima;533;BR-040/MG;Sul;Abalroamento - Longitudinal;1;2;0;0;0;0;1
29/05/2015;15:24:00;190;Acidente sem Vítima;606;BR-040/MG;Norte;Abalroamento - Transversal;1;4;0;0;0;0;1
30/05/2015;09:51:00;90;Acidente sem Vítima;2,1;BR-040/GO;Sul;Abalroamento - Longitudinal;1;2;0;0;0;0;1
30/05/2015;07:36:00;58;Acidente sem Vítima;7;BR-040/GO;Norte;Colisão traseira;1;2;0;0;0;0;1
30/05/2015;12:21:00;118;Acidente com Vítima;21;BR-040/GO;Sul;Colisão traseira;1;1;0;1;0;0;2
31/05/2015;14:53:00;143;Acidente com Vítima;188,5;BR-040/MG;Norte;Colisão traseira;1;1;1;0;0;0;1
31/05/2015;17:11:00;186;Acidente sem Vítima;594,1;BR-040/MG;Norte;Capotamento;1;2;0;0;0;0;1
01/06/2015;13:16:00;188;Acidente sem Vítima;16;BR-040/GO;Norte;Outros;1;1;0;0;0;0;1
01/06/2015;07:04:00;52;Acidente sem Vítima;535,5;BR-040/MG;Sul;Colisão traseira;1;2;0;0;0;0;1
01/06/2015;16:32:00;237;Acidente sem Vítima;602;BR-040/MG;Sul;Queda de Carga;3;3;0;0;0;0;1
02/06/2015;11:54:00;123;Acidente sem Vítima;2,8;BR-040/GO;Norte;Colisão traseira;1;3;0;0;0;0;1
02/06/2015;21:43:00;268;Acidente sem Vítima;218,8;BR-040/MG;Norte;Colisão traseira;2;2;0;0;0;0;1
02/06/2015;18:13:00;204;Acidente com Morte;455,25;BR-040/MG;Sul;Queda de Carga;1;0;0;0;0;1;3
02/06/2015;21:48:00;271;Acidente com Vítima;523,15;BR-040/MG;Norte;Colisão traseira;2;2;1;1;0;0;2
02/06/2015;19:41:00;235;Acidente com Vítima;527,1;BR-040/MG;Norte;Queda de Carga;1;0;1;0;0;0;1
02/06/2015;07:53:00;63;Acidente sem Vítima;535;BR-040/MG;Norte;Abalroamento - Longitudinal;1;2;0;0;0;0;1
02/06/2015;05:20:00;28;Acidente sem Vítima;555;BR-040/MG;Norte;Outros;1;1;0;0;0;0;1
02/06/2015;01:18:00;9;Acidente sem Vítima;662,4;BR-040/MG;Norte;Atropelamento - Animal;1;1;0;0;0;0;1
02/06/2015;11:20:00;117;Acidente sem Vítima;664,3;BR-040/MG;Norte;Colisão traseira;1;2;0;0;0;0;1
03/06/2015;09:04:00;87;Acidente sem Vítima;499;BR-040/MG;Norte;Choque com objeto fixo;1;1;0;0;0;0;1
03/06/2015;20:12:00;241;Acidente com Morte;527,5;BR-040/MG;Norte;Colisão frontal;1;1;0;0;2;2;3
03/06/2015;16:13:00;177;Acidente com Vítima;608;BR-040/MG;Norte;Abalroamento - Longitudinal;1;1;0;1;0;0;2
03/06/2015;07:54:00;65;Acidente sem Vítima;739,55;BR-040/MG;Norte;Choque em defensa;1;1;0;0;0;0;1
04/06/2015;08:42:00;68;Acidente sem Vítima;517;BR-040/MG;Norte;Choque com objeto fixo;1;1;0;0;0;0;1
05/06/2015;18:13:00;190;Atropelamento sem Morte;667,8;BR-040/MG;Sul;Atropelamento - Pedestre atravessando;1;1;0;0;1;0;2
06/06/2015;16:35:00;130;Acidente sem Vítima;267,2;BR-040/MG;Norte;Abalroamento - Longitudinal;1;2;0;0;0;0;1
06/06/2015;15:03:00;116;Acidente sem Vítima;573,129;BR-040/MG;Norte;Abalroamento - Longitudinal;1;2;0;0;0;0;1
07/06/2015;01:21:00;15;Acidente sem Vítima;374,3;BR-040/MG;Sul;Atropelamento - Animal;1;1;0;0;0;0;1
08/06/2015;08:28:00;84;Acidente com Morte;5,3;BR-040/DF;Norte;Abalroamento - Longitudinal;1;1;0;0;0;1;3
08/06/2015;03:05:00;13;Acidente sem Vítima;352,7;BR-040/MG;Sul;Queda de Carga;2;2;0;0;0;0;1
08/06/2015;23:11:00;306;Acidente sem Vítima;501,035;BR-040/MG;Sul;Colisão traseira;1;4;0;0;0;0;1
09/06/2015;14:00:00;161;Acidente com Vítima;46;BR-040/MG;Norte;Queda de Carga;1;0;1;0;0;0;1
09/06/2015;20:00:00;255;Acidente sem Vítima;69;BR-040/MG;Sul;Colisão traseira;1;3;0;0;0;0;1
09/06/2015;03:36:00;13;Acidente sem Vítima;194,17;BR-040/MG;Sul;Atropelamento - Animal;1;1;0;0;0;0;1
09/06/2015;06:20:00;27;Acidente sem Vítima;511,219;BR-040/MG;Sul;Abalroamento - Longitudinal;1;2;0;0;0;0;1
09/06/2015;20:31:00;260;Acidente sem Vítima;570;BR-040/MG;Norte;Abalroamento - Transversal;1;2;0;0;0;0;1
09/06/2015;17:20:00;203;Acidente sem Vítima;626,1;BR-040/MG;Sul;Colisão traseira;2;2;0;0;0;0;1
10/06/2015;14:07:00;150;Acidente com Vítima;1,5;BR-040/GO;Norte;Abalroamento - Longitudinal;1;1;1;0;0;0;1
10/06/2015;21:09:00;236;Acidente sem Vítima;404,8;BR-040/MG;Norte;Atropelamento - Animal;1;1;0;0;0;0;1
10/06/2015;16:00:00;172;Acidente sem Vítima;486,1;BR-040/MG;Sul;Queda de Carga;1;1;0;0;0;0;1
10/06/2015;17:37:00;186;Acidente sem Vítima;93,8;BR-040/GO;Sul;Colisão traseira;1;2;0;0;0;0;1
11/06/2015;19:14:00;217;Acidente sem Vítima;329,5;BR-040/MG;Norte;Colisão traseira;2;2;0;0;0;0;1
11/06/2015;15:35:00;162;Acidente sem Vítima;493,2;BR-040/MG;Sul;Colisão traseira;2;2;0;0;0;0;1
12/06/2015;00:20:00;4;Acidente sem Vítima;5,2;BR-040/DF;Sul;Abalroamento - Longitudinal;1;2;0;0;0;0;1
12/06/2015;18:36:00;277;Acidente sem Vítima;537;BR-040/MG;Norte;Colisão traseira;1;23;0;0;0;0;1
12/06/2015;09:49:00;136;Acidente sem Vítima;559,059;BR-040/MG;Sul;Colisão traseira;1;2;0;0;0;0;1
12/06/2015;09:40:00;129;Acidente com Vítima;74,05;BR-040/GO;Norte;Abalroamento - Longitudinal;1;1;0;1;0;0;2
12/06/2015;14:57:00;218;Acidente sem Vítima;716;BR-040/MG;Norte;Colisão traseira;2;2;0;0;0;0;1
13/06/2015;06:15:00;33;Acidente sem Vítima;142,3;BR-040/MG;Sul;Abalroamento - Longitudinal;1;32;0;0;0;0;1
13/06/2015;12:14:00;124;Acidente com Vítima;715,9;BR-040/MG;Sul;Outros;1;0;0;1;0;0;2
14/06/2015;18:22:00;155;Acidente com Vítima;626,1;BR-040/MG;Norte;Abalroamento - Longitudinal;1;2;0;1;0;0;2
15/06/2015;05:39:00;18;Acidente sem Vítima;511,2;BR-040/MG;Norte;Queda de Carga;1;1;0;0;0;0;1
15/06/2015;09:46:00;93;Acidente sem Vítima;543,2;BR-040/MG;Sul;Colisão traseira;2;2;0;0;0;0;1
15/06/2015;01:42:00;9;Acidente com Vítima;554,2;BR-040/MG;Norte;Choque com objeto fixo;1;1;1;0;0;0;1
15/06/2015;22:39:00;256;Acidente sem Vítima;593,6;BR-040/MG;Norte;Abalroamento - Longitudinal;3;4;0;0;0;0;1
15/06/2015;18:22:00;191;Acidente com Vítima;600,3;BR-040/MG;Norte;Abalroamento - Longitudinal;1;1;1;3;0;0;2
15/06/2015;08:07:00;59;Acidente sem Vítima;726,894;BR-040/MG;Norte;Choque com objeto fixo;1;1;0;0;0;0;1
16/06/2015;14:49:00;176;Acidente sem Vítima;17,1;BR-040/GO;Norte;Queda de Carga;1;1;0;0;0;0;1
16/06/2015;21:51:00;283;Acidente com Vítima;533,005;BR-040/MG;Norte;Colisão traseira;1;1;0;1;0;0;2
16/06/2015;18:01:00;221;Acidente com Vítima;534,7;BR-040/MG;Sul;Abalroamento - Longitudinal;1;2;0;2;0;0;2
16/06/2015;18:22:00;228;Acidente sem Vítima;658;BR-040/MG;Norte;Abalroamento - Transversal;1;2;0;0;0;0;1
16/06/2015;15:45:00;191;Acidente sem Vítima;685,143;BR-040/MG;Sul;Colisão traseira;2;2;0;0;0;0;1
17/06/2015;20:09:00;256;Acidente sem Vítima;588;BR-040/MG;Sul;Abalroamento - Longitudinal;1;2;0;0;0;0;1
18/06/2015;20:24:00;276;Acidente sem Vítima;195,5;BR-040/MG;Sul;Colisão traseira;1;4;0;0;0;0;1
18/06/2015;09:24:00;116;Acidente sem Vítima;535,5;BR-040/MG;Norte;Queda de Carga;1;1;0;0;0;0;1
19/06/2015;10:22:00;100;Acidente sem Vítima;727,45;BR-040/MG;Norte;Colisão traseira;2;2;0;0;0;0;1
20/06/2015;01:26:00;14;Acidente sem Vítima;424,8;BR-040/MG;Sul;Queda de Carga;1;1;0;0;0;0;1
20/06/2015;06:04:00;40;Acidente sem Vítima;463,3;BR-040/MG;Norte;Queda de Carga;1;1;0;0;0;0;1
22/06/2015;18:52:00;226;Acidente sem Vítima;1,1;BR-040/GO;Sul;Colisão traseira;1;3;0;0;0;0;1
22/06/2015;09:10:00;109;Acidente com Vítima;10,8;BR-040/GO;Norte;Abalroamento - Longitudinal;1;1;1;0;0;0;1
22/06/2015;13:48:00;161;Acidente sem Vítima;632,2;BR-040/MG;Norte;Abalroamento - Longitudinal;1;5;0;0;0;0;1
23/06/2015;12:19:00;124;Acidente sem Vítima;635,05;BR-040/MG;Norte;Abalroamento - Longitudinal;2;2;0;0;0;0;1
23/06/2015;22:09:00;242;Acidente sem Vítima;729,8;BR-040/MG;Sul;Queda de Carga;1;2;0;0;0;0;1
24/06/2015;10:23:00;90;Acidente sem Vítima;0,8;BR-040/GO;Norte;Colisão traseira;1;2;0;0;0;0;1
24/06/2015;05:34:00;26;Acidente com Morte;432,199;BR-040/MG;Norte;Colisão traseira;2;1;0;0;0;1;3
24/06/2015;20:45:00;236;Acidente sem Vítima;535;BR-040/MG;Sul;Colisão traseira;1;2;0;0;0;0;1
24/06/2015;08:16:00;69;Acidente sem Vítima;535;BR-040/MG;Sul;Colisão traseira;1;10;0;0;0;0;1
24/06/2015;15:58:00;158;Acidente com Vítima;538,5;BR-040/MG;Norte;Abalroamento - Longitudinal;1;1;0;2;0;0;2
24/06/2015;14:22:00;132;Acidente sem Vítima;586,2;BR-040/MG;Norte;Abalroamento - Longitudinal;1;2;0;0;0;0;1
25/06/2015;15:13:00;190;Acidente sem Vítima;390,2;BR-040/MG;Sul;Colisão traseira;1;7;0;0;0;0;1