data;horario;n_da_ocorrencia;tipo_de_ocorrencia;km;trecho;sentido;tipo_de_acidente;caminhao;ilesos;levemente_feridos;moderadamente_feridos;gravemente_feridos;mortos;3
13/11/2015;08:05:00;95;Acidente sem Vítima;604,02;BR-040/MG;Sul;Abalroamento - Transversal;1;4;0;0;0;0;1
13/11/2015;07:23:00;72;Acidente sem Vítima;604,8;BR-040/MG;Sul;Colisão traseira;1;47;0;0;0;0;1
13/11/2015;06:44:00;55;Acidente sem Vítima;604,8;BR-040/MG;Sul;Queda de Carga;1;1;0;0;0;0;1
13/11/2015;12:03:00;165;Acidente sem Vítima;660,43;BR-040/MG;Sul;Colisão traseira;1;3;0;0;0;0;1
13/11/2015;21:13:00;330;Acidente sem Vítima;714,5;BR-040/MG;Norte;Colisão traseira;1;6;0;0;0;0;1
13/11/2015;00:42:00;8;Acidente sem Vítima;728,65;BR-040/MG;Sul;Queda de Carga;1;1;0;0;0;0;1
14/11/2015;17:44:00;238;Acidente sem Vítima;735,15;BR-040/MG;Norte;Choque em defensa;1;1;0;0;0;0;1
15/11/2015;18:07:00;260;Acidente com Vítima;43,024;BR-040/MG;Norte;Colisão frontal;1;1;0;3;0;0;2
16/11/2015;13:36:00;243;Acidente sem Vítima;717,307;BR-040/MG;Sul;Queda de Carga;1;1;0;0;0;0;1
17/11/2015;03:48:00;33;Acidente sem Vítima;463,6;BR-040/MG;Sul;Colisão traseira;2;2;0;0;0;0;1
17/11/2015;14:09:00;218;Acidente sem Vítima;530,95;BR-040/MG;Sul;Abalroamento - Longitudinal;1;2;0;0;0;0;1
17/11/2015;18:42:00;303;Acidente sem Vítima;536,78;BR-040/MG;Norte;Colisão traseira;1;3;0;0;0;0;1
17/11/2015;12:29:00;197;Acidente sem Vítima;581,2;BR-040/MG;Sul;Colisão frontal;1;2;0;0;0;0;1
17/11/2015;11:25:00;172;Acidente com Vítima;610,2;BR-040/MG;Sul;Colisão traseira;1;1;1;0;0;0;1
17/11/2015;11:28:00;173;Acidente com Vítima;751,28;BR-040/MG;Norte;Abalroamento - Transversal;2;0;0;1;0;0;2
18/11/2015;17:02:00;235;Acidente sem Vítima;90,032;BR-040/MG;Norte;Colisão traseira;2;2;0;0;0;0;1
18/11/2015;07:07:00;55;Acidente sem Vítima;90,843;BR-040/MG;Sul;Choque em defensa;1;1;0;0;0;0;1
18/11/2015;01:00:00;8;Acidente sem Vítima;138,5;BR-040/MG;Norte;Queda de Carga;1;1;0;0;0;0;1
18/11/2015;16:56:00;232;Acidente sem Vítima;175,64;BR-040/MG;Norte;Choque em veículo parado na pista;2;2;0;0;0;0;1
18/11/2015;05:05:00;23;Acidente com Vítima;276,1;BR-040/MG;Sul;Queda de Carga;1;1;1;0;0;0;1
18/11/2015;10:14:00;131;Acidente sem Vítima;487,1;BR-040/MG;Norte;Colisão traseira;2;2;0;0;0;0;1
18/11/2015;14:00:00;179;Acidente com Morte;514,02;BR-040/MG;Norte;Colisão traseira;1;1;0;0;0;1;3
18/11/2015;05:47:00;26;Acidente sem Vítima;539,1;BR-040/MG;Norte;Colisão traseira;2;3;0;0;0;0;1
18/11/2015;10:25:00;133;Acidente sem Vítima;643,02;BR-040/MG;Sul;Colisão traseira;1;2;0;0;0;0;1
19/11/2015;14:38:00;224;Acidente com Vítima;33,093;BR-040/GO;Sul;Outros;1;1;0;0;1;0;2
19/11/2015;04:41:00;34;Acidente sem Vítima;504,6;BR-040/MG;Sul;Colisão traseira;1;2;0;0;0;0;1
19/11/2015;02:18:00;15;Acidente sem Vítima;739,529;BR-040/MG;Sul;Abalroamento - Longitudinal;1;2;0;0;0;0;1
20/11/2015;18:18:00;316;Acidente com Vítima;449,629;BR-040/MG;Norte;Abalroamento - Longitudinal;2;1;1;0;0;0;1
20/11/2015;19:58:00;361;Acidente sem Vítima;454,997;BR-040/MG;Norte;Colisão traseira;2;2;0;0;0;0;1
20/11/2015;17:28:00;298;Acidente sem Vítima;473,6;BR-040/MG;Sul;Outros;1;1;0;0;0;0;1
20/11/2015;15:34:00;247;Acidente sem Vítima;487,5;BR-040/MG;Norte;Colisão traseira;2;2;0;0;0;0;1
20/11/2015;11:23:00;159;Acidente com Vítima;500,8;BR-040/MG;Norte;Choque em veículo parado na pista;3;3;4;1;0;0;2
21/11/2015;06:40:00;48;Acidente sem Vítima;217,5;BR-040/MG;Sul;Abalroamento - Transversal;1;2;0;0;0;0;1
21/11/2015;18:50:00;247;Acidente sem Vítima;487;BR-040/MG;Norte;Abalroamento - Longitudinal;1;4;0;0;0;0;1
22/11/2015;20:21:00;246;Acidente sem Vítima;484,4;BR-040/MG;Sul;Colisão traseira;1;4;0;0;0;0;1
23/11/2015;23:43:00;342;Acidente sem Vítima;538,108;BR-040/MG;Sul;Colisão traseira;1;2;0;0;0;0;1
23/11/2015;21:17:00;326;Acidente sem Vítima;566,634;BR-040/MG;Sul;Queda de Carga;1;1;0;0;0;0;1
24/11/2015;04:44:00;44;Acidente sem Vítima;487,1;BR-040/MG;Sul;Colisão traseira;2;2;0;0;0;0;1
24/11/2015;02:54:00;28;Acidente sem Vítima;562,127;BR-040/MG;Sul;Queda de Carga;1;1;0;0;0;0;1
24/11/2015;09:42:00;116;Acidente com Vítima;737,5;BR-040/MG;Sul;Queda de Carga;1;0;1;0;0;0;1
25/11/2015;17:32:00;244;Acidente sem Vítima;487,1;BR-040/MG;Norte;Colisão traseira;2;2;0;0;0;0;1
25/11/2015;17:12:00;239;Acidente com Vítima;549,1;BR-040/MG;Sul;Colisão traseira;1;2;3;0;0;0;1
25/11/2015;21:13:00;308;Acidente sem Vítima;587,05;BR-040/MG;Sul;Choque com objeto fixo;1;1;0;0;0;0;1
26/11/2015;02:36:00;20;Acidente sem Vítima;384,33;BR-040/MG;Sul;Atropelamento - Animal;1;2;0;0;0;0;1
26/11/2015;18:52:00;304;Acidente sem Vítima;595,01;BR-040/MG;Sul;Outros;1;2;0;0;0;0;1
27/11/2015;15:49:00;307;Acidente sem Vítima;5,147;BR-040/MG;Norte;Abalroamento - Transversal;1;2;0;0;0;0;1
27/11/2015;07:33:00;114;Acidente sem Vítima;474,9;BR-040/MG;Sul;Abalroamento - Longitudinal;1;3;0;0;0;0;1
27/11/2015;17:39:00;345;Acidente sem Vítima;544,1;BR-040/MG;Norte;Abalroamento - Longitudinal;1;2;0;0;0;0;1
28/11/2015;17:09:00;239;Acidente sem Vítima;494;BR-040/MG;Sul;Abalroamento - Longitudinal;1;2;0;0;0;0;1
28/11/2015;22:03:00;311;Acidente sem Vítima;571,291;BR-040/MG;Norte;Colisão traseira;1;2;0;0;0;0;1
28/11/2015;14:19:00;178;Acidente sem Vítima;659,152;BR-040/MG;Sul;Outros;1;1;0;0;0;0;1
29/11/2015;20:49:00;264;Acidente com Vítima;137,24;BR-040/MG;Sul;Abalroamento - Longitudinal;1;1;0;1;0;0;2
29/11/2015;17:34:00;207;Acidente sem Vítima;418,01;BR-040/MG;Norte;Colisão traseira;1;2;0;0;0;0;1
30/11/2015;12:54:00;174;Acidente sem Vítima;2,3;BR-040/GO;Sul;Colisão traseira;1;2;0;0;0;0;1
30/11/2015;06:49:00;29;Acidente com Vítima;538,1;BR-040/MG;Sul;Queda de Carga;1;0;1;0;0;0;1
30/11/2015;16:03:00;224;Acidente com Vítima;754,157;BR-040/MG;Norte;Abalroamento - Longitudinal;1;1;2;0;0;0;1
01/12/2015;11:31:00;185;Acidente sem Vítima;25,8;BR-040/MG;Norte;Abalroamento - Longitudinal;1;4;0;0;0;0;1
01/12/2015;15:07:00;278;Acidente com Vítima;245,4;BR-040/MG;Norte;Outros;1;1;1;0;0;0;1
01/12/2015;07:05:00;57;Acidente sem Vítima;510,001;BR-040/MG;Norte;Outros;1;1;0;0;0;0;1
01/12/2015;18:51:00;337;Acidente com Vítima;582,32;BR-040/MG;Norte;Outros;2;1;0;1;0;0;2
01/12/2015;11:09:00;174;Acidente sem Vítima;660,442;BR-040/MG;Norte;Colisão traseira;2;2;0;0;0;0;1
01/12/2015;01:04:00;9;Acidente sem Vítima;717,4;BR-040/MG;Norte;Queda de Carga;1;1;0;0;0;0;1
01/12/2015;20:01:00;365;Acidente sem Vítima;725,1;BR-040/MG;Norte;Abalroamento - Longitudinal;1;2;0;0;0;0;1
01/12/2015;09:31:00;125;Acidente sem Vítima;729,01;BR-040/MG;Sul;Colisão traseira;1;2;0;0;0;0;1
02/12/2015;10:02:00;147;Acidente com Vítima;16,98;BR-040/GO;Sul;Colisão traseira;1;2;1;0;0;0;1
02/12/2015;18:17:00;322;Acidente com Vítima;267,8;BR-040/MG;Norte;Abalroamento - Longitudinal;1;1;0;1;0;0;2
02/12/2015;02:12:00;18;Acidente com Vítima;614,592;BR-040/MG;Norte;Colisão frontal;1;1;0;0;1;0;2
02/12/2015;18:28:00;324;Acidente sem Vítima;93;BR-040/GO;Norte;Choque com objeto fixo;1;1;0;0;0;0;1
03/12/2015;13:24:00;165;Acidente com Vítima;515,15;BR-040/MG;Sul;Colisão traseira;1;1;0;2;0;0;2
03/12/2015;13:11:00;160;Acidente sem Vítima;586,78;BR-040/MG;Sul;Capotamento;1;2;0;0;0;0;1
03/12/2015;13:19:00;163;Acidente sem Vítima;610,1;BR-040/MG;Norte;Abalroamento - Longitudinal;1;3;0;0;0;0;1
03/12/2015;21:09:00;300;Acidente sem Vítima;643,1;BR-040/MG;Norte;Colisão traseira;2;2;0;0;0;0;1
03/12/2015;09:38:00;117;Acidente sem Vítima;651,3;BR-040/MG;Norte;Outros;3;3;0;0;0;0;1
04/12/2015;16:08:00;263;Acidente com Vítima;7,1;BR-040/GO;Norte;Colisão traseira;1;2;0;1;0;0;2
04/12/2015;23:32:00;391;Acidente sem Vítima;376,5;BR-040/MG;Norte;Abalroamento - Transversal;1;6;0;0;0;0;1
04/12/2015;15:52:00;261;Acidente sem Vítima;630,1;BR-040/MG;Sul;Colisão traseira;2;2;0;0;0;0;1
04/12/2015;17:19:00;288;Acidente sem Vítima;667,1;BR-040/MG;Sul;Colisão traseira;1;2;0;0;0;0;1
05/12/2015;20:36:00;329;Acidente sem Vítima;477,67;BR-040/MG;Norte;Outros;1;5;0;0;0;0;1
05/12/2015;17:33:00;256;Acidente sem Vítima;490,2;BR-040/MG;Norte;Queda de Carga;1;1;0;0;0;0;1
05/12/2015;00:15:00;4;Acidente sem Vítima;515,02;BR-040/MG;Norte;Colisão traseira;1;2;0;0;0;0;1
07/12/2015;06:56:00;53;Acidente sem Vítima;9,1;BR-040/GO;Norte;Colisão traseira;1;2;0;0;0;0;1
07/12/2015;22:14:00;334;Acidente com Vítima;454,8;BR-040/MG;Sul;Colisão traseira;2;9;1;0;0;0;1
07/12/2015;14:11:00;195;Acidente com Vítima;589,1;BR-040/MG;Norte;Colisão frontal;1;3;1;2;0;0;2
07/12/2015;17:38:00;239;Acidente sem Vítima;42,8;BR-040/GO;Norte;Queda de Carga;1;1;0;0;0;0;1
09/12/2015;13:25:00;247;Acidente com Vítima;4,005;BR-040/DF;Sul;Colisão traseira;1;3;1;0;0;0;1
09/12/2015;09:49:00;155;Acidente sem Vítima;464,3;BR-040/MG;Sul;Queda de Carga;1;1;0;0;0;0;1
09/12/2015;12:19:00;223;Acidente sem Vítima;527,001;BR-040/MG;Norte;Abalroamento - Longitudinal;1;2;0;0;0;0;1
09/12/2015;23:20:00;413;Acidente sem Vítima;558,7;BR-040/MG;Sul;Colisão traseira;2;2;0;0;0;0;1
09/12/2015;01:50:00;12;Acidente sem Vítima;612,2;BR-040/MG;Norte;Abalroamento - Longitudinal;2;2;0;0;0;0;1
09/12/2015;03:30:00;26;Acidente com Vítima;765,6;BR-040/MG;Sul;Choque em barreira New Jersey;1;9;3;1;0;0;2
10/12/2015;23:45:00;413;Acidente sem Vítima;430,226;BR-040/MG;Norte;Colisão traseira;2;2;0;0;0;0;1
11/12/2015;00:06:00;1;Acidente sem Vítima;728,7;BR-040/MG;Sul;Colisão traseira;1;3;0;0;0;0;1
11/12/2015;19:06:00;290;Acidente sem Vítima;735,5;BR-040/MG;Sul;Colisão frontal;1;3;0;0;0;0;1
12/12/2015;02:25:00;29;Acidente com Vítima;360,3;BR-040/MG;Sul;Abalroamento - Longitudinal;1;2;2;0;0;0;1
12/12/2015;16:11:00;162;Acidente com Vítima;564,257;BR-040/MG;Norte;Colisão frontal;1;0;1;1;0;0;2
12/12/2015;23:58:00;303;Acidente sem Vítima;632,1;BR-040/MG;Norte;Atropelamento - Animal;1;1;0;0;0;0;1
13/12/2015;19:35:00;202;Acidente sem Vítima;714,5;BR-040/MG;Norte;Colisão traseira;2;2;0;0;0;0;1
14/12/2015;00:25:00;1;Acidente com Vítima;503,7;BR-040/MG;Sul;Queda de Carga;1;0;3;0;0;0;1
14/12/2015;15:47:00;274;Acidente sem Vítima;566,1;BR-040/MG;Norte;Outros;1;2;0;0;0;0;1
14/12/2015;16:05:00;283;Acidente sem Vítima;714,001;BR-040/MG;Sul;Colisão traseira;2;3;0;0;0;0;1
14/12/2015;23:26:00;408;Acidente sem Vítima;765,35;BR-040/MG;Sul;Choque em defensa;1;1;0;0;0;0;1
15/12/2015;15:52:00;213;Acidente sem Vítima;524,3;BR-040/MG;Norte;Colisão traseira;1;4;0;0;0;0;1
16/12/2015;11:02:00;127;Acidente sem Vítima;6,8;BR-040/GO;Sul;Queda de Carga;1;1;0;0;0;0;1
16/12/2015;08:15:00;75;Acidente sem Vítima;533,8;BR-040/MG;Norte;Queda de Carga;1;1;0;0;0;0;1
17/12/2015;20:53:00;379;Acidente sem Vítima;125,2;BR-040/MG;Sul;Colisão traseira;1;4;0;0;0;0;1
17/12/2015;17:01:00;294;Acidente sem Vítima;526,5;BR-040/MG;Norte;Abalroamento - Longitudinal;2;3;0;0;0;0;1
17/12/2015;19:16:00;339;Acidente sem Vítima;559,2;BR-040/MG;Norte;Abalroamento - Longitudinal;1;61;0;0;0;0;1
17/12/2015;06:59:00;68;Acidente sem Vítima;587,5;BR-040/MG;Sul;Queda de Carga;1;1;0;0;0;0;1
18/12/2015;18:09:00;345;Acidente sem Vítima;525,2;BR-040/MG;Norte;Abalroamento - Longitudinal;1;3;0;0;0;0;1
18/12/2015;15:21:00;273;Acidente com Vítima;527,5;BR-040/MG;Sul;Colisão traseira;1;3;1;0;0;0;1
18/12/2015;16:30:00;308;Acidente sem Vítima;533,5;BR-040/MG;Sul;Abalroamento - Longitudinal;2;14;0;0;0;0;1
18/12/2015;18:53:00;364;Acidente sem Vítima;685,5;BR-040/MG;Sul;Colisão traseira;1;2;0;0;0;0;1
18/12/2015;06:58:00;55;Acidente sem Vítima;743,447;BR-040/MG;Norte;Queda de Carga;1;1;0;0;0;0;1
19/12/2015;21:45:00;339;Acidente com Morte;35,2;BR-040/GO;Norte;Abalroamento - Longitudinal;1;38;0;0;0;1;3
19/12/2015;00:54:00;15;Acidente sem Vítima;231,6;BR-040/MG;Norte;Outros;1;5;0;0;0;0;1
19/12/2015;05:00:00;43;Acidente sem Vítima;462,1;BR-040/MG;Norte;Colisão traseira;1;4;0;0;0;0;1
20/12/2015;17:21:00;219;Acidente com Vítima;449,9;BR-040/MG;Norte;Queda de Carga;1;2;0;1;0;0;2
20/12/2015;15:43:00;177;Acidente com Vítima;461,14;BR-040/MG;Sul;Colisão traseira;1;3;1;0;0;0;1
20/12/2015;18:49:00;251;Acidente com Morte;570,6;BR-040/MG;Norte;Abalroamento - Longitudinal;1;13;0;3;0;1;3
20/12/2015;15:58:00;184;Acidente sem Vítima;667,699;BR-040/MG;Norte;Colisão traseira;1;2;0;0;0;0;1
20/12/2015;19:22:00;261;Acidente com Vítima;715,6;BR-040/MG;Norte;Abalroamento - Longitudinal;1;1;1;0;0;0;1
21/12/2015;07:59:00;86;Acidente sem Vítima;525,5;BR-040/MG;Norte;Abalroamento - Longitudinal;1;2;0;0;0;0;1
21/12/2015;20:34:00;348;Acidente com Vítima;607,873;BR-040/MG;Norte;Abalroamento - Transversal;1;1;1;0;0;0;1
21/12/2015;07:16:00;65;Acidente sem Vítima;727,3;BR-040/MG;Sul;Queda de Carga;1;1;0;0;0;0;1
21/12/2015;08:51:00;110;Acidente sem Vítima;771,5;BR-040/MG;Norte;Abalroamento - Transversal;1;2;0;0;0;0;1
22/12/2015;18:39:00;298;Acidente sem Vítima;1,5;BR-040/GO;Sul;Abalroamento - Longitudinal;1;3;0;0;0;0;1
22/12/2015;12:12:00;172;Acidente sem Vítima;147;BR-040/MG;Sul;Colisão traseira;1;2;0;0;0;0;1
22/12/2015;20:09:00;321;Acidente sem Vítima;476,35;BR-040/MG;Sul;Choque com objeto fixo;1;3;0;0;0;0;1
22/12/2015;15:03:00;221;Acidente sem Vítima;512,6;BR-040/MG;Norte;Colisão traseira;1;2;0;0;0;0;1
22/12/2015;09:38:00;117;Acidente sem Vítima;538,7;BR-040/MG;Norte;Abalroamento - Longitudinal;1;2;0;0;0;0;1
22/12/2015;23:07:00;355;Atropelamento com Morte;733,16;BR-040/MG;Sul;Atropelamento - Pedestre caminhando;1;1;0;0;0;1;3
23/12/2015;10:24:00;145;Acidente sem Vítima;3,6;BR-040/GO;Norte;Colisão traseira;1;3;0;0;0;0;1
23/12/2015;05:50:00;39;Acidente com Vítima;14,1;BR-040/GO;Norte;Colisão traseira;1;3;2;0;0;0;1
23/12/2015;12:50:00;201;Acidente sem Vítima;526,4;BR-040/MG;Norte;Colisão traseira;2;2;0;0;0;0;1
23/12/2015;11:43:00;180;Acidente sem Vítima;567,15;BR-040/MG;Sul;Colisão traseira;1;2;0;0;0;0;1
25/12/2015;15:23:00;150;Acidente com Vítima;533,276;BR-040/MG;Norte;Capotamento;1;1;0;0;0;0;1
28/12/2015;15:06:00;197;Acidente sem Vítima;25,3;BR-040/GO;Norte;Colisão traseira;1;3;0;0;0;0;1
28/12/2015;15:25:00;203;Acidente sem Vítima;476,06;BR-040/MG;Sul;Abalroamento - Longitudinal;1;3;0;0;0;0;1
30/12/2015;10:12:00;225;Acidente com Morte;6,3;BR-040/GO;Norte;Queda de Carga;1;1;0;0;0;1;3
30/12/2015;18:15:00;410;Acidente com Vítima;469;BR-040/MG;Sul;Capotamento;1;2;1;0;0;0;1
30/12/2015;20:48:00;466;Acidente sem Vítima;520,05;BR-040/MG;Norte;Colisão traseira;1;6;0;0;0;0;1
30/12/2015;17:05:00;371;Acidente sem Vítima;580,8;BR-040/MG;Norte;Choque com objeto fixo;1;1;0;0;0;0;1
31/12/2015;04:27:00;23;Acidente com Vítima;91,5;BR-040/MG;Norte;Outros;1;0;1;0;0;0;1
02/01/2016;06:40:00;27;Acidente sem Vítima;114;BR-040/MG;Sul;Atropelamento - Animal;1;1;0;0;0;0;1
02/01/2016;16:17:00;238;Acidente com Vítima;565,2;BR-040/MG;Norte;Colisão traseira;2;2;0;1;0;0;2
02/01/2016;12:47:00;138;Acidente com Vítima;752,001;BR-040/MG;Norte;Outros;1;0;1;0;0;0;1
04/01/2016;11:40:00;155;Acidente sem Vítima;14,9;BR-040/GO;Norte;Colisão traseira;1;2;0;0;0;0;1
04/01/2016;05:06:00;38;Acidente com Morte;352,4;BR-040/MG;Sul;Colisão frontal;2;4;2;0;0;3;3
04/01/2016;06:43:00;57;Acidente sem Vítima;455,441;BR-040/MG;Sul;Queda de Carga;1;1;0;0;0;0;1
04/01/2016;08:39:00;97;Acidente com Vítima;456,119;BR-040/MG;Norte;Outros;1;6;1;0;0;0;1
04/01/2016;15:22:00;206;Acidente sem Vítima;487,02;BR-040/MG;Norte;Colisão traseira;1;2;0;0;0;0;1
04/01/2016;14:38:00;194;Acidente sem Vítima;523,6;BR-040/MG;Sul;Abalroamento - Longitudinal;1;2;0;0;0;0;1
04/01/2016;06:31:00;50;Acidente sem Vítima;613,2;BR-040/MG;Norte;Colisão traseira;2;5;0;0;0;0;1
04/01/2016;11:10:00;149;Acidente sem Vítima;717,255;BR-040/MG;Norte;Abalroamento - Longitudinal;1;2;0;0;0;0;1
05/01/2016;18:12:00;257;Acidente sem Vítima;513,22;BR-040/MG;Sul;Colisão traseira;1;2;0;0;0;0;1
05/01/2016;18:09:00;252;Acidente sem Vítima;586,85;BR-040/MG;Sul;Choque em veículo parado na pista;2;2;0;0;0;0;1
05/01/2016;16:50:00;235;Acidente sem Vítima;619,262;BR-040/MG;Norte;Colisão traseira;1;2;0;0;0;0;1
06/01/2016;07:03:00;45;Acidente sem Vítima;480,5;BR-040/MG;Sul;Queda de Carga;1;1;0;0;0;0;1
06/01/2016;05:30:00;26;Acidente sem Vítima;652,05;BR-040/MG;Norte;Atropelamento - Animal;1;1;0;0;0;0;1
07/01/2016;09:49:00;151;Acidente sem Vítima;56,05;BR-040/MG;Norte;Abalroamento - Longitudinal;1;2;0;0;0;0;1
07/01/2016;05:09:00;20;Acidente sem Vítima;487;BR-040/MG;Norte;Colisão traseira;2;2;0;0;0;0;1
08/01/2016;17:37:00;266;Acidente com Vítima;95,252;BR-040/GO;Norte;Colisão traseira;1;4;1;0;0;0;1
08/01/2016;06:45:00;49;Acidente sem Vítima;733,3;BR-040/MG;Sul;Abalroamento - Longitudinal;1;2;0;0;0;0;1
10/01/2016;05:43:00;46;Acidente sem Vítima;48,3;BR-040/MG;Sul;Choque com objeto fixo;1;2;0;0;0;0;1
10/01/2016;04:37:00;34;Acidente sem Vítima;506,25;BR-040/MG;Norte;Colisão traseira;1;4;0;0;0;0;1
11/01/2016;18:28:00;330;Acidente sem Vítima;2,6;BR-040/GO;Sul;Colisão traseira;1;3;0;0;0;0;1
11/01/2016;15:05:00;255;Acidente sem Vítima;405,001;BR-040/MG;Norte;Colisão traseira;1;2;0;0;0;0;1
11/01/2016;22:16:00;391;Acidente sem Vítima;510,9;BR-040/MG;Norte;Abalroamento - Longitudinal;1;2;0;0;0;0;1
12/01/2016;07:51:00;89;Acidente sem Vítima;508,5;BR-040/MG;Norte;Choque em defensa;1;1;0;0;0;0;1
12/01/2016;08:59:00;131;Acidente sem Vítima;520,1;BR-040/MG;Norte;Colisão traseira;2;2;0;0;0;0;1
12/01/2016;09:37:00;142;Acidente com Vítima;528,5;BR-040/MG;Sul;Colisão traseira;1;21;1;0;0;0;1
12/01/2016;18:24:00;288;Acidente sem Vítima;529,2;BR-040/MG;Sul;Colisão traseira;2;2;0;0;0;0;1
12/01/2016;06:18:00;46;Acidente sem Vítima;610,46;BR-040/MG;Norte;Colisão traseira;1;4;0;0;0;0;1
12/01/2016;13:49:00;219;Acidente sem Vítima;642,09;BR-040/MG;Sul;Queda de Carga;1;1;0;0;0;0;1
12/01/2016;21:52:00;342;Acidente sem Vítima;92,5;BR-040/GO;Norte;Queda de Carga;1;1;0;0;0;0;1
12/01/2016;17:36:00;279;Acidente sem Vítima;714,05;BR-040/MG;Norte;Abalroamento - Longitudinal;1;2;0;0;0;0;1
13/01/2016;10:47:00;161;Acidente sem Vítima;130,15;BR-040/MG;Norte;Colisão frontal;1;2;0;0;0;0;1
13/01/2016;10:01:00;152;Acidente sem Vítima;467,8;BR-040/MG;Norte;Colisão traseira;1;2;0;0;0;0;1
13/01/2016;18:28:00;296;Acidente sem Vítima;497,3;BR-040/MG;Sul;Queda de Carga;1;1;0;0;0;0;1
13/01/2016;14:37:00;227;Acidente sem Vítima;526,02;BR-040/MG;Sul;Choque com objeto fixo;1;1;0;0;0;0;1
13/01/2016;08:33:00;125;Acidente sem Vítima;587,2;BR-040/MG;Sul;Queda de Carga;1;1;0;0;0;0;1
14/01/2016;08:04:00;88;Acidente sem Vítima;116,8;BR-040/MG;Norte;Abalroamento - Longitudinal;1;3;0;0;0;0;1
14/01/2016;17:31:00;303;Acidente sem Vítima;440,2;BR-040/MG;Norte;Colisão traseira;1;4;0;0;0;0;1
14/01/2016;16:33:00;280;Acidente sem Vítima;440,3;BR-040/MG;Sul;Queda de Carga;1;1;0;0;0;0;1
14/01/2016;17:27:00;302;Acidente sem Vítima;55,6;BR-040/GO;Norte;Queda de Carga;1;1;0;0;0;0;1
15/01/2016;12:08:00;205;Acidente sem Vítima;439,001;BR-040/MG;Norte;Abalroamento - Longitudinal;1;2;0;0;0;0;1
15/01/2016;14:33:00;264;Acidente sem Vítima;501,2;BR-040/MG;Norte;Queda de Carga;1;1;0;0;0;0;1
15/01/2016;16:08:00;296;Acidente sem Vítima;505,001;BR-040/MG;Norte;Outros;1;2;0;0;0;0;1
15/01/2016;13:59:00;254;Acidente sem Vítima;551,5;BR-040/MG;Sul;Colisão traseira;2;2;0;0;0;0;1
15/01/2016;12:54:00;231;Acidente sem Vítima;554,1;BR-040/MG;Sul;Colisão traseira;2;4;0;0;0;0;1
15/01/2016;15:58:00;294;Acidente sem Vítima;84,1;BR-040/GO;Norte;Colisão traseira;1;3;0;0;0;0;1
16/01/2016;17:53:00;269;Acidente sem Vítima;492,15;BR-040/MG;Norte;Abalroamento - Longitudinal;1;2;0;0;0;0;1
16/01/2016;13:03:00;187;Acidente com Vítima;602,97;BR-040/MG;Sul;Colisão traseira;2;1;1;0;0;0;1
16/01/2016;14:25:00;212;Acidente sem Vítima;771,8;BR-040/MG;Sul;Queda de Carga;1;1;0;0;0;0;1
17/01/2016;19:55:00;313;Acidente sem Vítima;30,2;BR-040/MG;Sul;Outros;1;2;0;0;0;0;1
17/01/2016;16:34:00;228;Acidente com Morte;455,286;BR-040/MG;Norte;Colisão traseira;1;2;1;3;0;1;3
17/01/2016;21:42:00;346;Acidente sem Vítima;540,6;BR-040/MG;Sul;Abalroamento - Longitudinal;1;4;0;0;0;0;1
17/01/2016;16:06:00;216;Acidente sem Vítima;591,1;BR-040/MG;Sul;Choque em barreira New Jersey;1;1;0;0;0;0;1
17/01/2016;14:09:00;185;Acidente sem Vítima;651,1;BR-040/MG;Norte;Queda de Carga;1;1;0;0;0;0;1
18/01/2016;09:38:00;179;Acidente com Vítima;24,1;BR-040/GO;Sul;Abalroamento - Longitudinal;1;1;1;0;0;0;1
18/01/2016;12:04:00;239;Acidente sem Vítima;463,4;BR-040/MG;Norte;Colisão traseira;1;2;0;0;0;0;1
18/01/2016;14:22:00;272;Acidente sem Vítima;464,4;BR-040/MG;Sul;Capotamento;1;1;0;0;0;0;1
18/01/2016;10:06:00;191;Acidente sem Vítima;465,1;BR-040/MG;Norte;Outros;1;1;0;0;0;0;1
18/01/2016;05:34:00;56;Acidente sem Vítima;508,3;BR-040/MG;Sul;Abalroamento - Longitudinal;1;2;0;0;0;0;1
18/01/2016;16:43:00;335;Acidente sem Vítima;542,5;BR-040/MG;Sul;Abalroamento - Longitudinal;1;2;0;0;0;0;1
19/01/2016;10:57:00;149;Acidente sem Vítima;455,391;BR-040/MG;Norte;Queda de Carga;1;1;0;0;0;0;1
19/01/2016;13:04:00;184;Acidente sem Vítima;515,1;BR-040/MG;Norte;Queda de Carga;1;1;0;0;0;0;1
19/01/2016;15:08:00;234;Acidente sem Vítima;521;BR-040/MG;Norte;Colisão traseira;1;3;0;0;0;0;1
19/01/2016;08:56:00;114;Acidente com Vítima;539,5;BR-040/MG;Sul;Colisão traseira;2;1;0;1;0;0;2
19/01/2016;09:03:00;121;Acidente sem Vítima;584,9;BR-040/MG;Norte;Colisão traseira;1;2;0;0;0;0;1
19/01/2016;08:46:00;105;Acidente sem Vítima;589,7;BR-040/MG;Sul;Abalroamento - Longitudinal;1;2;0;0;0;0;1
20/01/2016;15:31:00;235;Acidente sem Vítima;50,415;BR-040/MG;Norte;Queda de Carga;1;1;0;0;0;0;1
20/01/2016;07:53:00;82;Acidente com Vítima;529,5;BR-040/MG;Norte;Colisão traseira;1;1;0;1;0;0;2
20/01/2016;15:05:00;225;Acidente sem Vítima;533,3;BR-040/MG;Norte;Colisão traseira;1;2;0;0;0;0;1
20/01/2016;03:59:00;35;Acidente sem Vítima;771,3;BR-040/MG;Sul;Colisão traseira;2;3;0;0;0;0;1