data;horario;n_da_ocorrencia;tipo_de_ocorrencia;km;trecho;sentido;tipo_de_acidente;caminhao;ilesos;levemente_feridos;moderadamente_feridos;gravemente_feridos;mortos;3
22/01/2016;08:33:00;95;Acidente sem Vítima;32,1;BR-040/GO;Sul;Queda de Carga;1;2;0;0;0;0;1
22/01/2016;11:56:00;179;Acidente sem Vítima;481,1;BR-040/MG;Norte;Colisão traseira;1;3;0;0;0;0;1
23/01/2016;12:07:00;135;Acidente sem Vítima;532,9;BR-040/MG;Sul;Choque com objeto fixo;1;1;0;0;0;0;1
23/01/2016;16:44:00;215;Acidente com Morte;566,18;BR-040/MG;Norte;Abalroamento - Transversal;1;7;2;1;0;1;3
23/01/2016;09:20:00;86;Acidente com Vítima;627,3;BR-040/MG;Sul;Outros;2;2;0;0;1;0;2
23/01/2016;16:18:00;210;Acidente sem Vítima;643,1;BR-040/MG;Sul;Colisão traseira;1;3;0;0;0;0;1
24/01/2016;16:13:00;154;Acidente sem Vítima;462,9;BR-040/MG;Sul;Colisão traseira;3;4;0;0;0;0;1
25/01/2016;09:43:00;132;Atropelamento sem Morte;507,7;BR-040/MG;Sul;Atropelamento - Pedestre caminhando;1;1;0;0;1;0;2
26/01/2016;23:37:00;389;Acidente com Morte;179,4;BR-040/MG;Sul;Queda de Carga;1;0;1;0;0;1;3
26/01/2016;05:33:00;44;Acidente sem Vítima;536,5;BR-040/MG;Sul;Abalroamento - Transversal;2;2;0;0;0;0;1
26/01/2016;11:15:00;187;Acidente sem Vítima;643,1;BR-040/MG;Sul;Colisão traseira;1;2;0;0;0;0;1
27/01/2016;18:10:00;291;Acidente com Vítima;463,992;BR-040/MG;Norte;Capotamento;1;0;0;4;0;0;2
27/01/2016;12:25:00;175;Acidente sem Vítima;465,4;BR-040/MG;Norte;Colisão traseira;1;5;0;0;0;0;1
27/01/2016;17:29:00;276;Acidente sem Vítima;469,1;BR-040/MG;Norte;Queda de Carga;1;1;0;0;0;0;1
27/01/2016;16:19:00;254;Acidente sem Vítima;485,1;BR-040/MG;Norte;Colisão traseira;1;3;0;0;0;0;1
27/01/2016;07:06:00;52;Acidente com Morte;539,9;BR-040/MG;Norte;Colisão traseira;1;2;0;0;1;2;3
27/01/2016;20:38:00;337;Acidente sem Vítima;614,459;BR-040/MG;Sul;Colisão traseira;1;2;0;0;0;0;1
27/01/2016;18:23:00;298;Acidente sem Vítima;760,95;BR-040/MG;Sul;Colisão traseira;2;2;0;0;0;0;1
28/01/2016;10:21:00;169;Acidente sem Vítima;179,02;BR-040/MG;Sul;Choque em veículo parado na pista;1;2;0;0;0;0;1
28/01/2016;17:34:00;260;Acidente com Vítima;595,2;BR-040/MG;Sul;Choque com objeto fixo;1;1;0;1;0;0;2
28/01/2016;21:25:00;326;Acidente sem Vítima;759,4;BR-040/MG;Sul;Abalroamento - Longitudinal;1;5;0;0;0;0;1
29/01/2016;15:43:00;245;Acidente sem Vítima;244,8;BR-040/MG;Sul;Outros;2;2;0;0;0;0;1
29/01/2016;19:35:00;346;Acidente sem Vítima;487,1;BR-040/MG;Sul;Colisão traseira;2;3;0;0;0;0;1
29/01/2016;13:04:00;201;Acidente sem Vítima;539,76;BR-040/MG;Sul;Choque em barreira New Jersey;1;3;0;0;0;0;1
31/01/2016;10:05:00;63;Acidente sem Vítima;485,2;BR-040/MG;Sul;Capotamento;1;2;0;0;0;0;1
31/01/2016;17:46:00;165;Acidente com Vítima;510,26;BR-040/MG;Sul;Colisão traseira;1;36;3;4;0;0;2
01/02/2016;19:57:00;296;Acidente com Vítima;134,8;BR-040/MG;Sul;Abalroamento - Longitudinal;1;1;0;1;0;0;2
01/02/2016;14:33:00;200;Acidente sem Vítima;612,1;BR-040/MG;Norte;Abalroamento - Longitudinal;1;2;0;0;0;0;1
02/02/2016;14:48:00;216;Acidente com Vítima;552,5;BR-040/MG;Sul;Abalroamento - Longitudinal;1;2;1;0;0;0;1
02/02/2016;16:33:00;242;Acidente sem Vítima;587,9;BR-040/MG;Norte;Colisão traseira;2;2;0;0;0;0;1
03/02/2016;17:18:00;305;Acidente sem Vítima;1,001;BR-040/GO;Sul;Colisão traseira;1;2;0;0;0;0;1
03/02/2016;06:14:00;45;Acidente sem Vítima;16,2;BR-040/MG;Norte;Colisão traseira;1;3;0;0;0;0;1
03/02/2016;23:30:00;428;Acidente sem Vítima;480,5;BR-040/MG;Norte;Outros;1;2;0;0;0;0;1
03/02/2016;11:06:00;179;Acidente sem Vítima;511,1;BR-040/MG;Sul;Colisão traseira;2;3;0;0;0;0;1
03/02/2016;18:56:00;332;Acidente sem Vítima;524,212;BR-040/MG;Norte;Outros;1;2;0;0;0;0;1
03/02/2016;12:33:00;210;Acidente sem Vítima;602,671;BR-040/MG;Sul;Abalroamento - Longitudinal;2;3;0;0;0;0;1
03/02/2016;19:02:00;334;Acidente com Vítima;613,9;BR-040/MG;Sul;Colisão frontal;1;0;0;4;0;0;2
03/02/2016;07:47:00;78;Acidente sem Vítima;632;BR-040/MG;Sul;Outros;1;1;0;0;0;0;1
04/02/2016;08:22:00;130;Acidente sem Vítima;164,5;BR-040/MG;Sul;Abalroamento - Longitudinal;1;3;0;0;0;0;1
04/02/2016;21:40:00;369;Acidente sem Vítima;231,459;BR-040/MG;Norte;Queda de Carga;1;1;0;0;0;0;1
04/02/2016;09:46:00;156;Acidente sem Vítima;480,3;BR-040/MG;Norte;Abalroamento - Longitudinal;1;2;0;0;0;0;1
04/02/2016;17:01:00;269;Acidente com Vítima;745;BR-040/MG;Norte;Outros;1;1;1;0;0;0;1
05/02/2016;12:28:00;184;Acidente sem Vítima;0,2;BR-040/GO;Sul;Abalroamento - Longitudinal;1;2;0;0;0;0;1
05/02/2016;15:32:00;239;Acidente sem Vítima;2,3;BR-040/DF;Sul;Colisão traseira;1;3;0;0;0;0;1
05/02/2016;06:31:00;43;Acidente sem Vítima;497,15;BR-040/MG;Norte;Abalroamento - Longitudinal;3;3;0;0;0;0;1
05/02/2016;08:30:00;111;Acidente sem Vítima;563,15;BR-040/MG;Sul;Abalroamento - Longitudinal;1;2;0;0;0;0;1
05/02/2016;14:09:00;212;Acidente sem Vítima;117,1;BR-040/GO;Sul;Outros;1;1;0;0;0;0;1
05/02/2016;18:48:00;302;Acidente sem Vítima;136,8;BR-040/GO;Norte;Colisão traseira;1;4;0;0;0;0;1
06/02/2016;13:27:00;221;Acidente com Vítima;1,4;BR-040/GO;Norte;Abalroamento - Longitudinal;1;1;1;0;0;0;1
06/02/2016;02:17:00;31;Acidente sem Vítima;535,4;BR-040/MG;Norte;Abalroamento - Longitudinal;1;3;0;0;0;0;1
07/02/2016;19:42:00;231;Acidente com Vítima;503,9;BR-040/MG;Sul;Capotamento;1;2;2;0;0;0;1
08/02/2016;12:27:00;123;Acidente sem Vítima;486,7;BR-040/MG;Norte;Colisão traseira;1;3;0;0;0;0;1
08/02/2016;11:16:00;94;Acidente sem Vítima;577,1;BR-040/MG;Sul;Colisão traseira;1;5;0;0;0;0;1
08/02/2016;12:23:00;116;Acidente com Vítima;61,5;BR-040/GO;Sul;Outros;1;1;2;0;0;0;1
09/02/2016;16:32:00;198;Acidente com Vítima;520,3;BR-040/MG;Norte;Colisão traseira;1;3;1;0;0;0;1
09/02/2016;15:49:00;179;Acidente sem Vítima;608,15;BR-040/MG;Norte;Abalroamento - Longitudinal;1;2;0;0;0;0;1
10/02/2016;18:33:00;307;Acidente sem Vítima;69,5;BR-040/MG;Norte;Colisão traseira;2;2;0;0;0;0;1
10/02/2016;09:11:00;115;Atropelamento com Morte;527,15;BR-040/MG;Sul;Atropelamento - Pedestre atravessando;1;0;0;0;0;1;3
10/02/2016;07:53:00;88;Acidente sem Vítima;608,5;BR-040/MG;Norte;Abalroamento - Longitudinal;1;2;0;0;0;0;1
11/02/2016;15:37:00;251;Acidente com Vítima;7,2;BR-040/GO;Sul;Colisão traseira;1;1;2;0;0;0;1
11/02/2016;07:11:00;64;Acidente sem Vítima;738,5;BR-040/MG;Norte;Queda de Carga;1;1;0;0;0;0;1
12/02/2016;18:52:00;319;Acidente sem Vítima;413,43;BR-040/MG;Sul;Colisão traseira;2;2;0;0;0;0;1
13/02/2016;02:32:00;17;Acidente sem Vítima;487,02;BR-040/MG;Norte;Colisão traseira;2;47;0;0;0;0;1
13/02/2016;18:34:00;260;Acidente sem Vítima;506,1;BR-040/MG;Norte;Choque com objeto fixo;1;1;0;0;0;0;1
13/02/2016;16:25:00;224;Acidente sem Vítima;714,1;BR-040/MG;Norte;Colisão traseira;1;2;0;0;0;0;1
14/02/2016;12:13:00;104;Acidente com Vítima;527,02;BR-040/MG;Norte;Queda de Carga;1;1;1;0;0;0;1
15/02/2016;07:19:00;53;Acidente sem Vítima;3,1;BR-040/GO;Norte;Colisão traseira;1;2;0;0;0;0;1
15/02/2016;09:00:00;118;Acidente sem Vítima;224,102;BR-040/MG;Sul;Queda de Carga;1;1;0;0;0;0;1
15/02/2016;05:33:00;37;Acidente sem Vítima;523,5;BR-040/MG;Norte;Capotamento;1;2;0;0;0;0;1
15/02/2016;16:08:00;231;Acidente sem Vítima;528,1;BR-040/MG;Sul;Colisão traseira;1;2;0;0;0;0;1
16/02/2016;23:02:00;414;Acidente sem Vítima;26,398;BR-040/MG;Sul;Colisão traseira;1;2;0;0;0;0;1
16/02/2016;16:40:00;298;Acidente sem Vítima;487,001;BR-040/MG;Norte;Colisão traseira;1;2;0;0;0;0;1
16/02/2016;19:21:00;350;Acidente sem Vítima;487,5;BR-040/MG;Norte;Colisão traseira;1;2;0;0;0;0;1
16/02/2016;14:12:00;245;Acidente sem Vítima;524,3;BR-040/MG;Norte;Colisão traseira;1;2;0;0;0;0;1
17/02/2016;07:26:00;64;Acidente sem Vítima;496,6;BR-040/MG;Norte;Abalroamento - Longitudinal;1;2;0;0;0;0;1
17/02/2016;12:14:00;169;Acidente sem Vítima;533,2;BR-040/MG;Norte;Abalroamento - Longitudinal;1;2;0;0;0;0;1
17/02/2016;08:45:00;115;Acidente sem Vítima;535,2;BR-040/MG;Norte;Abalroamento - Transversal;1;2;0;0;0;0;1
17/02/2016;16:23:00;239;Acidente sem Vítima;598,8;BR-040/MG;Norte;Outros;1;3;0;0;0;0;1
17/02/2016;22:18:00;343;Acidente sem Vítima;692,02;BR-040/MG;Norte;Choque com objeto fixo;1;1;0;0;0;0;1
17/02/2016;15:45:00;228;Acidente com Vítima;751,3;BR-040/MG;Sul;Colisão traseira;1;4;0;1;0;0;2
18/02/2016;06:50:00;38;Acidente sem Vítima;6,3;BR-040/GO;Norte;Colisão traseira;1;3;0;0;0;0;1
18/02/2016;16:56:00;219;Acidente sem Vítima;438,1;BR-040/MG;Sul;Colisão traseira;1;3;0;0;0;0;1
18/02/2016;06:55:00;40;Acidente sem Vítima;515,1;BR-040/MG;Norte;Colisão traseira;1;4;0;0;0;0;1
18/02/2016;16:34:00;212;Acidente sem Vítima;610,8;BR-040/MG;Sul;Colisão frontal;2;3;0;0;0;0;1
18/02/2016;18:10:00;245;Acidente sem Vítima;611,1;BR-040/MG;Norte;Abalroamento - Longitudinal;1;2;0;0;0;0;1
18/02/2016;19:38:00;272;Acidente sem Vítima;615,1;BR-040/MG;Sul;Abalroamento - Longitudinal;1;2;0;0;0;0;1
19/02/2016;18:36:00;309;Acidente sem Vítima;5,115;BR-040/DF;Sul;Abalroamento - Transversal;1;2;0;0;0;0;1
19/02/2016;06:38:00;41;Acidente sem Vítima;101;BR-040/MG;Norte;Queda de Carga;1;1;0;0;0;0;1
19/02/2016;17:41:00;287;Acidente sem Vítima;465,001;BR-040/MG;Norte;Colisão traseira;1;2;0;0;0;0;1
19/02/2016;17:50:00;289;Acidente sem Vítima;465,9;BR-040/MG;Norte;Queda de Carga;1;1;0;0;0;0;1
20/02/2016;19:18:00;302;Acidente sem Vítima;1,05;BR-040/GO;Norte;Abalroamento - Transversal;1;4;0;0;0;0;1
20/02/2016;21:54:00;348;Acidente sem Vítima;497,3;BR-040/MG;Sul;Colisão traseira;1;2;0;0;0;0;1
21/02/2016;17:52:00;232;Acidente com Vítima;570,02;BR-040/MG;Norte;Abalroamento - Transversal;1;0;0;4;1;0;2
21/02/2016;10:56:00;123;Acidente sem Vítima;617,2;BR-040/MG;Norte;Colisão traseira;1;4;0;0;0;0;1
21/02/2016;22:57:00;331;Acidente com Vítima;680,5;BR-040/MG;Sul;Queda de Carga;1;0;0;1;0;0;2
21/02/2016;19:53:00;278;Acidente com Vítima;729,7;BR-040/MG;Sul;Colisão traseira;2;1;0;1;0;0;2
22/02/2016;05:52:00;32;Acidente com Morte;26,52;BR-040/GO;Norte;Outros;1;0;0;0;0;1;3
22/02/2016;09:19:00;135;Acidente sem Vítima;591,2;BR-040/MG;Sul;Abalroamento - Longitudinal;1;2;0;0;0;0;1
23/02/2016;14:08:00;243;Acidente sem Vítima;29,01;BR-040/GO;Norte;Capotamento;1;1;0;0;0;0;1
23/02/2016;06:09:00;43;Acidente sem Vítima;509;BR-040/MG;Sul;Colisão traseira;2;49;0;0;0;0;1
23/02/2016;13:11:00;232;Acidente sem Vítima;768,5;BR-040/MG;Sul;Capotamento;1;1;0;0;0;0;1
24/02/2016;14:51:00;248;Acidente sem Vítima;230,001;BR-040/MG;Norte;Atropelamento - Animal;1;1;0;0;0;0;1
24/02/2016;12:06:00;203;Acidente com Vítima;499;BR-040/MG;Norte;Abalroamento - Longitudinal;1;1;1;0;0;0;1
24/02/2016;15:29:00;254;Acidente sem Vítima;706,543;BR-040/MG;Sul;Colisão traseira;1;3;0;0;0;0;1
25/02/2016;13:49:00;189;Acidente com Vítima;444,6;BR-040/MG;Sul;Choque em defensa;1;1;0;1;0;0;2
25/02/2016;02:06:00;13;Acidente sem Vítima;477,442;BR-040/MG;Norte;Colisão traseira;1;2;0;0;0;0;1
25/02/2016;19:47:00;309;Acidente sem Vítima;485,3;BR-040/MG;Norte;Abalroamento - Longitudinal;1;2;0;0;0;0;1
25/02/2016;13:47:00;186;Acidente sem Vítima;515,1;BR-040/MG;Sul;Colisão traseira;1;2;0;0;0;0;1
25/02/2016;10:15:00;122;Acidente sem Vítima;534,8;BR-040/MG;Norte;Colisão traseira;1;2;0;0;0;0;1
25/02/2016;16:50:00;236;Acidente sem Vítima;563,1;BR-040/MG;Sul;Choque com objeto fixo;1;1;0;0;0;0;1
25/02/2016;17:27:00;244;Acidente sem Vítima;564,1;BR-040/MG;Sul;Abalroamento - Longitudinal;1;3;0;0;0;0;1
25/02/2016;00:02:00;1;Acidente sem Vítima;584,55;BR-040/MG;Norte;Colisão traseira;1;2;0;0;0;0;1
25/02/2016;18:42:00;273;Acidente sem Vítima;630,35;BR-040/MG;Sul;Abalroamento - Longitudinal;1;3;0;0;0;0;1
25/02/2016;06:49:00;38;Acidente sem Vítima;711,15;BR-040/MG;Norte;Colisão traseira;1;2;0;0;0;0;1
25/02/2016;13:21:00;175;Acidente com Vítima;729,1;BR-040/MG;Sul;Choque com objeto fixo;1;0;0;0;1;0;2
25/02/2016;12:07:00;160;Acidente sem Vítima;739,5;BR-040/MG;Sul;Queda de Carga;1;1;0;0;0;0;1
26/02/2016;05:06:00;23;Acidente sem Vítima;353,9;BR-040/MG;Sul;Colisão traseira;1;2;0;0;0;0;1
26/02/2016;07:43:00;61;Acidente sem Vítima;619,25;BR-040/MG;Norte;Abalroamento - Transversal;1;4;0;0;0;0;1
27/02/2016;07:29:00;68;Acidente sem Vítima;577,1;BR-040/MG;Sul;Colisão traseira;1;2;0;0;0;0;1
27/02/2016;18:52:00;274;Acidente sem Vítima;587,282;BR-040/MG;Sul;Choque com objeto fixo;1;1;0;0;0;0;1
27/02/2016;05:39:00;41;Acidente com Vítima;717,8;BR-040/MG;Sul;Queda de Carga;1;0;0;1;0;0;2
28/02/2016;02:15:00;14;Acidente sem Vítima;464,7;BR-040/MG;Norte;Queda de Carga;1;1;0;0;0;0;1
28/02/2016;17:57:00;227;Acidente sem Vítima;758,364;BR-040/MG;Sul;Abalroamento - Longitudinal;1;2;0;0;0;0;1
29/02/2016;15:02:00;207;Acidente sem Vítima;513,05;BR-040/MG;Sul;Colisão traseira;1;2;0;0;0;0;1
29/02/2016;08:27:00;95;Acidente sem Vítima;539,2;BR-040/MG;Norte;Choque com objeto fixo;1;1;0;0;0;0;1
29/02/2016;16:07:00;228;Acidente sem Vítima;559,9;BR-040/MG;Sul;Choque com objeto fixo;1;1;0;0;0;0;1
01/03/2016;11:54:00;182;Acidente sem Vítima;583,8;BR-040/MG;Norte;Choque em defensa;1;1;0;0;0;0;1
01/03/2016;08:06:00;90;Acidente com Morte;603,92;BR-040/MG;Norte;Abalroamento - Longitudinal;1;1;0;0;0;1;3
02/03/2016;22:31:00;340;Acidente sem Vítima;448,4;BR-040/MG;Sul;Atropelamento - Animal;1;1;0;0;0;0;1
02/03/2016;19:51:00;315;Acidente sem Vítima;535,2;BR-040/MG;Norte;Abalroamento - Longitudinal;1;2;0;0;0;0;1
02/03/2016;08:13:00;75;Acidente sem Vítima;538,235;BR-040/MG;Sul;Abalroamento - Longitudinal;1;2;0;0;0;0;1
03/03/2016;08:11:00;108;Acidente sem Vítima;533,2;BR-040/MG;Norte;Colisão traseira;1;3;0;0;0;0;1
04/03/2016;17:42:00;246;Acidente com Vítima;462,2;BR-040/MG;Sul;Colisão traseira;1;1;0;1;0;0;2
04/03/2016;17:27:00;242;Acidente sem Vítima;504,3;BR-040/MG;Norte;Colisão traseira;2;2;0;0;0;0;1
04/03/2016;16:01:00;219;Acidente sem Vítima;511,02;BR-040/MG;Norte;Colisão traseira;2;7;0;0;0;0;1
04/03/2016;15:05:00;208;Acidente sem Vítima;539,8;BR-040/MG;Norte;Choque com objeto fixo;1;1;0;0;0;0;1
04/03/2016;18:25:00;257;Acidente com Vítima;664,3;BR-040/MG;Sul;Colisão frontal;1;42;0;2;0;0;2
05/03/2016;14:14:00;157;Acidente sem Vítima;528,5;BR-040/MG;Norte;Colisão traseira;1;2;0;0;0;0;1
06/03/2016;06:08:00;32;Acidente sem Vítima;486,415;BR-040/MG;Norte;Colisão traseira;1;4;0;0;0;0;1
06/03/2016;11:34:00;86;Acidente com Vítima;593,6;BR-040/MG;Sul;Colisão frontal;1;2;0;1;0;0;2
06/03/2016;16:53:00;171;Acidente com Morte;641,6;BR-040/MG;Sul;Abalroamento - Longitudinal;2;1;0;1;0;1;3
07/03/2016;15:43:00;235;Acidente sem Vítima;0,15;BR-040/GO;Sul;Colisão traseira;2;3;0;0;0;0;1
07/03/2016;23:18:00;373;Acidente com Vítima;743,79;BR-040/MG;Norte;Choque em defensa;1;1;0;1;0;0;2
08/03/2016;19:14:00;254;Acidente sem Vítima;524,2;BR-040/MG;Sul;Abalroamento - Longitudinal;1;5;0;0;0;0;1
08/03/2016;21:47:00;290;Acidente sem Vítima;65,7;BR-040/GO;Sul;Abalroamento - Longitudinal;1;2;0;0;0;0;1
09/03/2016;22:58:00;316;Acidente sem Vítima;273,8;BR-040/MG;Sul;Colisão traseira;2;2;0;0;0;0;1
09/03/2016;12:25:00;165;Atropelamento sem Morte;523,498;BR-040/MG;Norte;Atropelamento - Pedestre atravessando;1;1;0;0;1;0;2
09/03/2016;14:40:00;187;Acidente sem Vítima;525,15;BR-040/MG;Sul;Colisão traseira;1;2;0;0;0;0;1
09/03/2016;05:56:00;23;Acidente com Vítima;546,1;BR-040/MG;Sul;Choque com objeto fixo;1;0;1;0;0;0;1
10/03/2016;23:08:00;375;Acidente sem Vítima;597,976;BR-040/MG;Norte;Colisão traseira;2;2;0;0;0;0;1
11/03/2016;06:09:00;45;Acidente com Vítima;48,05;BR-040/MG;Norte;Queda de Carga;1;0;0;1;0;0;2
11/03/2016;16:05:00;285;Acidente sem Vítima;532,4;BR-040/MG;Norte;Colisão traseira;1;3;0;0;0;0;1
11/03/2016;14:05:00;237;Acidente sem Vítima;537,8;BR-040/MG;Sul;Outros;1;2;0;0;0;0;1
11/03/2016;11:10:00;181;Acidente com Vítima;93,1;BR-040/GO;Sul;Colisão traseira;1;1;0;1;0;0;2
12/03/2016;12:32:00;119;Acidente sem Vítima;62,8;BR-040/MG;Sul;Outros;1;2;0;0;0;0;1
12/03/2016;10:06:00;86;Acidente com Vítima;455,5;BR-040/MG;Norte;Colisão traseira;1;1;1;0;0;0;1
12/03/2016;09:13:00;75;Acidente sem Vítima;455,564;BR-040/MG;Sul;Queda de Carga;1;1;0;0;0;0;1
12/03/2016;07:43:00;58;Acidente com Vítima;697,15;BR-040/MG;Sul;Colisão traseira;1;2;3;4;1;0;2
14/03/2016;13:07:00;208;Acidente sem Vítima;485,1;BR-040/MG;Norte;Colisão traseira;1;4;0;0;0;0;1
14/03/2016;06:19:00;38;Acidente sem Vítima;587,8;BR-040/MG;Norte;Colisão traseira;1;2;0;0;0;0;1
14/03/2016;06:00:00;36;Acidente sem Vítima;765,01;BR-040/MG;Sul;Capotamento;1;1;0;0;0;0;1
15/03/2016;21:56:00;374;Acidente sem Vítima;5,5;BR-040/DF;Sul;Abalroamento - Longitudinal;1;2;0;0;0;0;1
15/03/2016;15:12:00;257;Acidente sem Vítima;468,2;BR-040/MG;Sul;Colisão traseira;1;2;0;0;0;0;1
15/03/2016;13:32:00;227;Acidente com Vítima;602,634;BR-040/MG;Sul;Colisão frontal;2;3;1;1;0;0;2
16/03/2016;10:49:00;157;Acidente sem Vítima;368,4;BR-040/MG;Sul;Queda de Carga;1;1;0;0;0;0;1
16/03/2016;17:40:00;268;Acidente sem Vítima;516,2;BR-040/MG;Sul;Abalroamento - Longitudinal;1;2;0;0;0;0;1
18/03/2016;06:11:00;44;Acidente sem Vítima;308,8;BR-040/MG;Norte;Abalroamento - Longitudinal;2;2;0;0;0;0;1
18/03/2016;14:40:00;234;Acidente com Vítima;526,7;BR-040/MG;Sul;Abalroamento - Transversal;1;1;1;0;0;0;1
18/03/2016;02:32:00;18;Acidente sem Vítima;81,7;BR-040/GO;Norte;Atropelamento - Animal;1;2;0;0;0;0;1
18/03/2016;19:39:00;346;Acidente sem Vítima;750,2;BR-040/MG;Sul;Outros;1;1;0;0;0;0;1
19/03/2016;14:29:00;184;Acidente sem Vítima;462,914;BR-040/MG;Norte;Colisão traseira;1;2;0;0;0;0;1
19/03/2016;08:34:00;86;Acidente com Vítima;536,5;BR-040/MG;Norte;Colisão traseira;1;1;1;1;0;0;2
19/03/2016;05:35:00;37;Acidente sem Vítima;553;BR-040/MG;Sul;Colisão traseira;1;2;0;0;0;0;1
19/03/2016;00:49:00;8;Atropelamento sem Morte;682,28;BR-040/MG;Sul;Atropelamento - Pedestre caminhando;1;1;0;0;1;0;2
20/03/2016;19:03:00;202;Acidente com Vítima;514,6;BR-040/MG;Norte;Capotamento;1;2;1;0;0;0;1
21/03/2016;06:32:00;30;Acidente sem Vítima;5,8;BR-040/DF;Norte;Abalroamento - Longitudinal;1;2;0;0;0;0;1
22/03/2016;19:03:00;280;Atropelamento com Morte;3,748;BR-040/GO;Sul;Atropelamento - Ciclista;1;1;0;0;0;1;3
23/03/2016;00:07:00;1;Acidente sem Vítima;69,6;BR-040/MG;Norte;Colisão traseira;1;3;0;0;0;0;1
23/03/2016;17:06:00;301;Acidente sem Vítima;533,03;BR-040/MG;Norte;Abalroamento - Longitudinal;1;2;0;0;0;0;1
23/03/2016;22:12:00;401;Acidente sem Vítima;665,7;BR-040/MG;Sul;Colisão traseira;1;5;0;0;0;0;1
23/03/2016;23:25:00;420;Acidente com Vítima;741,06;BR-040/MG;Norte;Abalroamento - Transversal;2;2;1;1;1;0;2
24/03/2016;20:00:00;327;Acidente sem Vítima;0,6;BR-040/GO;Sul;Abalroamento - Longitudinal;1;3;0;0;0;0;1
24/03/2016;10:01:00;157;Acidente com Vítima;148,655;BR-040/MG;Norte;Abalroamento - Longitudinal;1;1;1;0;0;0;1
24/03/2016;10:49:00;177;Acidente sem Vítima;269,8;BR-040/MG;Sul;Colisão traseira;1;2;0;0;0;0;1
24/03/2016;10:38:00;169;Acidente sem Vítima;469,9;BR-040/MG;Sul;Colisão traseira;1;3;0;0;0;0;1
24/03/2016;05:27:00;47;Acidente com Vítima;725,27;BR-040/MG;Sul;Colisão traseira;2;2;0;0;1;0;2
25/03/2016;23:30:00;262;Acidente sem Vítima;471,03;BR-040/MG;Sul;Choque em defensa;1;2;0;0;0;0;1
27/03/2016;21:29:00;383;Acidente sem Vítima;454,6;BR-040/MG;Sul;Colisão traseira;1;9;0;0;0;0;1
27/03/2016;15:08:00;196;Acidente sem Vítima;507,21;BR-040/MG;Sul;Colisão traseira;2;7;0;0;0;0;1
27/03/2016;12:37:00;136;Acidente sem Vítima;567,1;BR-040/MG;Norte;Abalroamento - Longitudinal;1;2;0;0;0;0;1
27/03/2016;07:13:00;46;Acidente com Vítima;49;BR-040/GO;Norte;Colisão frontal;2;2;1;0;0;0;1
27/03/2016;15:36:00;212;Acidente sem Vítima;755,001;BR-040/MG;Sul;Queda de Carga;1;1;0;0;0;0;1
27/03/2016;12:35:00;134;Acidente sem Vítima;758,85;BR-040/MG;Sul;Abalroamento - Longitudinal;1;2;0;0;0;0;1
28/03/2016;05:07:00;46;Acidente sem Vítima;482,428;BR-040/MG;Sul;Colisão traseira;1;5;0;0;0;0;1
29/03/2016;03:17:00;16;Acidente sem Vítima;520,6;BR-040/MG;Sul;Colisão traseira;1;8;0;0;0;0;1
30/03/2016;21:07:00;347;Acidente com Morte;554,715;BR-040/MG;Sul;Colisão traseira;1;2;0;0;0;1;3
31/03/2016;11:02:00;145;Acidente sem Vítima;530,1;BR-040/MG;Sul;Colisão traseira;1;2;0;0;0;0;1
31/03/2016;12:42:00;173;Acidente sem Vítima;589,418;BR-040/MG;Sul;Colisão traseira;2;2;0;0;0;0;1
31/03/2016;03:49:00;21;Acidente sem Vítima;598,8;BR-040/MG;Sul;Abalroamento - Longitudinal;1;2;0;0;0;0;1
31/03/2016;09:48:00;126;Acidente sem Vítima;729,001;BR-040/MG;Sul;Colisão traseira;1;4;0;0;0;0;1
01/04/2016;15:38:00;212;Acidente sem Vítima;533,5;BR-040/MG;Sul;Colisão traseira;1;3;0;0;0;0;1
01/04/2016;05:35:00;41;Acidente sem Vítima;730,15;BR-040/MG;Sul;Colisão traseira;1;2;0;0;0;0;1
02/04/2016;12:12:00;112;Acidente com Vítima;17,2;BR-040/GO;Norte;Colisão traseira;1;3;1;0;0;0;1
02/04/2016;12:12:00;113;Acidente sem Vítima;593,33;BR-040/MG;Norte;Outros;1;3;0;0;0;0;1
02/04/2016;10:59:00;102;Acidente com Vítima;496,15;BR-040/MG;Norte;Colisão traseira;1;1;1;0;0;0;1
03/04/2016;19:42:00;181;Acidente com Vítima;520,8;BR-040/MG;Sul;Queda de Carga;1;1;0;0;0;0;1
03/04/2016;19:21:00;176;Atropelamento sem Morte;550;BR-040/MG;Sul;Atropelamento de pedestre caminhando;1;1;0;0;1;0;2
03/04/2016;19:11:00;174;Acidente com Vítima;0;Fora_Rota;Norte;Abalroamento transversal;1;0;1;3;1;0;2
03/04/2016;00:56:00;9;Acidente sem Vítima;504,5;BR-040/MG;Sul;Queda de Carga;1;1;0;0;0;0;1
04/04/2016;19:49:00;318;Acidente sem Vítima;721,426;BR-040/MG;Norte;Atropelamento de animal;1;1;0;0;0;0;1
05/04/2016;00:05:00;1;Acidente sem Vítima;425,11;BR-040/MG;Norte;Abalroamento longitudinal;1;2;0;0;0;0;1
06/04/2016;21:28:00;299;Acidente com Vítima;175,5;BR-040/MG;Sul;Choque com objeto fixo;1;0;0;1;0;0;2
06/04/2016;11:20:00;150;Acidente sem Vítima;509,3;BR-040/MG;Sul;Queda de Carga;1;1;0;0;0;0;1