data;horario;n_da_ocorrencia;tipo_de_ocorrencia;km;trecho;sentido;tipo_de_acidente;caminhao;ilesos;levemente_feridos;moderadamente_feridos;gravemente_feridos;mortos;3
06/04/2016;10:04:00;129;Acidente com Vítima;537,8;BR-040/MG;Sul;Colisão traseira;3;4;3;0;0;0;1
06/04/2016;09:18:00;109;Acidente sem Vítima;2,015;BR-040/GO;Norte;Colisão traseira;1;3;0;0;0;0;1
06/04/2016;06:20:00;18;Acidente sem Vítima;464,36;BR-040/MG;Sul;Queda de Carga;1;1;0;0;0;0;1
07/04/2016;18:32:00;280;Acidente com Vítima;588,518;BR-040/MG;Sul;Abalroamento transversal;1;1;0;2;0;0;2
07/04/2016;16:07:00;245;Acidente com Vítima;557,9;BR-040/MG;Norte;Abalroamento longitudinal;1;1;0;1;0;0;2
07/04/2016;15:32:00;234;Acidente sem Vítima;552,42;BR-040/MG;Norte;Colisão traseira;2;2;0;0;0;0;1
07/04/2016;15:14:00;231;Atropelamento sem Morte;632,5;BR-040/MG;Norte;Atropelamento de pedestre atravessando;1;1;0;0;1;0;2
07/04/2016;12:38:00;193;Acidente com Vítima;474,7;BR-040/MG;Sul;Choque com objeto fixo;1;1;0;0;1;0;2
07/04/2016;01:24:00;9;Acidente sem Vítima;77,9;BR-040/GO;Sul;Outros;2;2;0;0;0;0;1
08/04/2016;15:17:00;277;Acidente com Vítima;232,5;BR-040/MG;Norte;Capotamento;1;1;1;3;0;0;2
08/04/2016;07:49:00;114;Acidente sem Vítima;686,01;BR-040/MG;Sul;Abalroamento longitudinal;1;2;0;0;0;0;1
08/04/2016;07:18:00;88;Acidente com Morte;517,8;BR-040/MG;Sul;Colisão traseira;1;3;0;0;0;1;3
08/04/2016;04:46:00;31;Acidente com Vítima;746,77;BR-040/MG;Sul;Queda de Carga;1;0;1;0;0;0;1
11/04/2016;08:51:00;118;Acidente com Vítima;754,1;BR-040/MG;Norte;Capotamento;1;1;1;0;0;0;1
11/04/2016;05:52:00;34;Acidente sem Vítima;610,024;BR-040/MG;Sul;Choque em defensa;1;1;0;0;0;0;1
12/04/2016;17:34:00;297;Acidente sem Vítima;618,569;BR-040/MG;Sul;Queda de Carga;1;2;0;0;0;0;1
12/04/2016;17:28:00;295;Acidente com Vítima;538,15;BR-040/MG;Norte;Colisão traseira;1;3;2;0;0;0;1
12/04/2016;13:09:00;218;Acidente sem Vítima;487,369;BR-040/MG;Sul;Colisão traseira;1;2;0;0;0;0;1
12/04/2016;11:08:00;178;Acidente sem Vítima;532,8;BR-040/MG;Norte;Colisão traseira;1;2;0;0;0;0;1
13/04/2016;09:31:00;122;Acidente sem Vítima;11,15;BR-040/GO;Norte;Capotamento;1;3;0;0;0;0;1
13/04/2016;00:37:00;5;Acidente sem Vítima;661,018;BR-040/MG;Norte;Queda de Carga;1;1;0;0;0;0;1
14/04/2016;18:27:00;231;Acidente com Vítima;616,06;BR-040/MG;Sul;Abalroamento longitudinal;1;5;0;0;1;0;2
14/04/2016;17:22:00;210;Acidente com Vítima;526,5;BR-040/MG;Norte;Outros;1;2;0;1;0;0;2
14/04/2016;09:49:00;115;Acidente sem Vítima;532,654;BR-040/MG;Sul;Colisão traseira;1;2;0;0;0;0;1
15/04/2016;18:46:00;333;Acidente sem Vítima;591,2;BR-040/MG;Sul;Colisão traseira;2;2;0;0;0;0;1
15/04/2016;15:16:00;254;Acidente com Vítima;543,1;BR-040/MG;Sul;Colisão traseira;2;2;0;1;0;0;2
16/04/2016;09:11:00;115;Acidente sem Vítima;549,001;BR-040/MG;Sul;Abalroamento longitudinal;1;2;0;0;0;0;1
17/04/2016;12:38:00;107;Acidente com Morte;512,62;BR-040/MG;Sul;Abalroamento longitudinal;1;1;0;0;0;1;3
18/04/2016;17:08:00;208;Acidente sem Vítima;396,5;BR-040/MG;Norte;Abalroamento longitudinal;1;2;0;0;0;0;1
18/04/2016;12:09:00;147;Acidente com Vítima;629,281;BR-040/MG;Norte;Abalroamento longitudinal;1;1;0;0;0;0;1
18/04/2016;11:38:00;141;Acidente sem Vítima;529,2;BR-040/MG;Sul;Colisão traseira;1;2;0;0;0;0;1
19/04/2016;17:34:00;280;Acidente sem Vítima;714,2;BR-040/MG;Norte;Colisão traseira;1;2;0;0;0;0;1
19/04/2016;15:23:00;244;Acidente sem Vítima;466,341;BR-040/MG;Norte;Colisão traseira;2;4;0;0;0;0;1
20/04/2016;13:56:00;267;Acidente sem Vítima;533,001;BR-040/MG;Sul;Colisão traseira;1;2;0;0;0;0;1
20/04/2016;12:54:00;249;Acidente sem Vítima;3,8;BR-040/GO;Norte;Colisão traseira;2;39;0;0;0;0;1
20/04/2016;12:53:00;248;Acidente sem Vítima;531,1;BR-040/MG;Sul;Abalroamento longitudinal;1;2;0;0;0;0;1
20/04/2016;07:15:00;92;Acidente com Vítima;524,1;BR-040/MG;Norte;Colisão traseira;2;4;3;1;0;0;2
21/04/2016;10:38:00;132;Acidente sem Vítima;603,2;BR-040/MG;Sul;Colisão traseira;1;2;0;0;0;0;1
22/04/2016;07:50:00;58;Acidente sem Vítima;533,2;BR-040/MG;Sul;Abalroamento longitudinal;1;2;0;0;0;0;1
23/04/2016;03:58:00;25;Acidente sem Vítima;765,95;BR-040/MG;Norte;Choque com objeto fixo;1;1;0;0;0;0;1
23/04/2016;00:17:00;5;Acidente sem Vítima;475,976;BR-040/MG;Sul;Colisão traseira;2;3;0;0;0;0;1
24/04/2016;19:30:00;313;Acidente sem Vítima;47,268;BR-040/GO;Norte;Capotamento;1;3;0;0;0;0;1
24/04/2016;18:34:00;278;Acidente sem Vítima;507,897;BR-040/MG;Sul;Colisão traseira;1;2;0;0;0;0;1
25/04/2016;21:14:00;295;Acidente sem Vítima;18,3;BR-040/GO;Sul;Colisão traseira;1;3;0;0;0;0;1
25/04/2016;10:02:00;134;Acidente sem Vítima;525,12;BR-040/MG;Norte;Colisão traseira;1;2;0;0;0;0;1
26/04/2016;19:38:00;228;Acidente sem Vítima;696,157;BR-040/MG;Sul;Colisão traseira;1;2;0;0;0;0;1
26/04/2016;15:10:00;161;Acidente sem Vítima;603;BR-040/MG;Sul;Colisão traseira;2;2;0;0;0;0;1
26/04/2016;14:57:00;158;Acidente sem Vítima;536,15;BR-040/MG;Norte;Colisão traseira;1;3;0;0;0;0;1
27/04/2016;13:47:00;200;Acidente com Morte;750,38;BR-040/MG;Sul;Colisão frontal;2;15;1;0;2;3;3
27/04/2016;12:49:00;180;Acidente sem Vítima;533,001;BR-040/MG;Norte;Colisão traseira;1;3;0;0;0;0;1
27/04/2016;02:44:00;14;Acidente sem Vítima;521,04;BR-040/MG;Norte;Choque com objeto fixo;1;1;0;0;0;0;1
27/04/2016;01:55:00;11;Acidente com Vítima;47,1;BR-040/GO;Norte;Queda de Carga;1;0;1;1;0;0;2
28/04/2016;23:45:00;398;Acidente sem Vítima;25,5;BR-040/MG;Sul;Atropelamento de animal;1;1;0;0;0;0;1
28/04/2016;17:33:00;298;Acidente com Vítima;510,9;BR-040/MG;Sul;Colisão traseira;1;2;1;0;0;0;1
28/04/2016;14:30:00;245;Acidente sem Vítima;51,001;BR-040/GO;Norte;Colisão traseira;1;2;0;0;0;0;1
29/04/2016;14:55:00;264;Acidente sem Vítima;505,2;BR-040/MG;Norte;Colisão traseira;1;3;0;0;0;0;1
29/04/2016;10:50:00;184;Acidente sem Vítima;535,5;BR-040/MG;Norte;Colisão traseira;1;2;0;0;0;0;1
29/04/2016;10:42:00;180;Acidente com Vítima;505,5;BR-040/MG;Sul;Capotamento;1;0;1;0;0;0;1
29/04/2016;10:06:00;171;Acidente sem Vítima;526,1;BR-040/MG;Norte;Colisão traseira;1;2;0;0;0;0;1
29/04/2016;06:21:00;49;Acidente sem Vítima;577,835;BR-040/MG;Sul;Abalroamento longitudinal;1;2;0;0;0;0;1
30/04/2016;11:04:00;119;Acidente sem Vítima;0,2;BR-040/DF;Norte;Colisão traseira;1;5;0;0;0;0;1
30/04/2016;10:05:00;110;Acidente sem Vítima;540,1;BR-040/MG;Sul;Abalroamento longitudinal;1;3;0;0;0;0;1
30/04/2016;07:23:00;55;Acidente sem Vítima;473,03;BR-040/MG;Sul;Colisão traseira;1;2;0;0;0;0;1
01/05/2016;16:15:00;160;Acidente sem Vítima;64,5;BR-040/MG;Sul;Abalroamento - Longitudinal;1;2;0;0;0;0;1
01/05/2016;01:47:00;9;Acidente sem Vítima;19,2;BR-040/GO;Norte;Colisão traseira;1;3;0;0;0;0;1
01/05/2016;22:34:00;261;Acidente com Vítima;70,615;BR-040/MG;Norte;Colisão traseira;2;3;1;0;0;0;1
01/05/2016;15:19:00;140;Acidente com Vítima;611,001;BR-040/MG;Sul;Colisão traseira;1;2;2;1;0;0;2
03/05/2016;15:12:00;197;Acidente sem Vítima;6,034;BR-040/GO;Sul;Colisão traseira;1;2;0;0;0;0;1
03/05/2016;09:20:00;136;Acidente sem Vítima;17,02;BR-040/MG;Sul;Colisão traseira;2;2;0;0;0;0;1
03/05/2016;23:11:00;308;Acidente sem Vítima;341,5;BR-040/MG;Sul;Atropelamento - Animal;1;2;0;0;0;0;1
03/05/2016;22:13:00;295;Acidente sem Vítima;501,3;BR-040/MG;Sul;Colisão traseira;2;3;0;0;0;0;1
03/05/2016;15:10:00;196;Acidente sem Vítima;577,15;BR-040/MG;Norte;Colisão traseira;2;2;0;0;0;0;1
04/05/2016;07:01:00;41;Acidente sem Vítima;461,05;BR-040/MG;Norte;Colisão traseira;1;2;0;0;0;0;1
04/05/2016;13:41:00;172;Acidente com Vítima;523,4;BR-040/MG;Norte;Capotamento;1;2;0;1;0;0;2
04/05/2016;07:58:00;91;Acidente sem Vítima;594,179;BR-040/MG;Sul;Colisão traseira;2;3;0;0;0;0;1
05/05/2016;18:43:00;288;Acidente com Vítima;5;BR-040/GO;Sul;Abalroamento - Longitudinal;1;1;1;0;0;0;1
05/05/2016;04:16:00;21;Acidente sem Vítima;17,5;BR-040/MG;Norte;Colisão traseira;2;2;0;0;0;0;1
05/05/2016;08:43:00;116;Acidente com Vítima;513,9;BR-040/MG;Sul;Outros;1;2;1;0;0;0;1
05/05/2016;07:09:00;52;Acidente sem Vítima;542,852;BR-040/MG;Norte;Abalroamento - Longitudinal;1;2;0;0;0;0;1
05/05/2016;07:01:00;49;Acidente sem Vítima;577;BR-040/MG;Sul;Colisão traseira;1;2;0;0;0;0;1
05/05/2016;09:50:00;145;Acidente sem Vítima;714,1;BR-040/MG;Norte;Colisão traseira;2;3;0;0;0;0;1
05/05/2016;13:38:00;202;Acidente com Vítima;739;BR-040/MG;Sul;Colisão traseira;1;2;1;0;0;0;1
06/05/2016;19:51:00;344;Acidente com Vítima;530,141;BR-040/MG;Norte;Colisão traseira;1;2;1;0;0;0;1
06/05/2016;17:03:00;285;Acidente sem Vítima;533,6;BR-040/MG;Norte;Abalroamento - Longitudinal;1;6;0;0;0;0;1
07/05/2016;13:21:00;167;Acidente sem Vítima;384,3;BR-040/MG;Sul;Queda de Carga;1;1;0;0;0;0;1
07/05/2016;09:36:00;108;Acidente com Vítima;580,7;BR-040/MG;Sul;Colisão traseira;3;4;0;0;1;0;2
07/05/2016;17:25:00;234;Acidente com Vítima;100;BR-040/GO;Norte;Colisão traseira;1;1;1;0;0;0;1
08/05/2016;14:18:00;131;Acidente com Vítima;462,5;BR-040/MG;Norte;Colisão traseira;2;1;1;0;0;0;1
08/05/2016;06:52:00;40;Acidente sem Vítima;562,2;BR-040/MG;Norte;Capotamento;1;2;0;0;0;0;1
09/05/2016;00:24:00;7;Acidente com Vítima;467,89;BR-040/MG;Sul;Colisão traseira;2;3;2;1;0;0;2
09/05/2016;10:20:00;159;Acidente sem Vítima;533,001;BR-040/MG;Sul;Abalroamento - Longitudinal;1;3;0;0;0;0;1
09/05/2016;22:52:00;362;Acidente sem Vítima;706,9;BR-040/MG;Sul;Colisão traseira;1;2;0;0;0;0;1
10/05/2016;05:28:00;30;Acidente com Vítima;4,47;BR-040/GO;Sul;Abalroamento - Longitudinal;1;5;0;1;0;0;2
10/05/2016;13:48:00;214;Acidente com Vítima;496,05;BR-040/MG;Sul;Abalroamento - Longitudinal;1;1;1;0;0;0;1
10/05/2016;06:12:00;35;Acidente com Morte;524,001;BR-040/MG;Sul;Colisão traseira;1;82;1;3;1;1;3
10/05/2016;12:13:00;192;Acidente com Vítima;530,8;BR-040/MG;Norte;Colisão traseira;1;3;2;1;0;0;2
10/05/2016;12:46:00;199;Acidente sem Vítima;592,831;BR-040/MG;Sul;Outros;2;2;0;0;0;0;1
11/05/2016;18:45:00;295;Acidente sem Vítima;259,8;BR-040/MG;Sul;Outros;1;3;0;0;0;0;1
12/05/2016;23:33:00;352;Acidente com Vítima;370,95;BR-040/MG;Norte;Colisão traseira;2;1;0;1;0;0;2
12/05/2016;15:59:00;235;Acidente com Vítima;532,9;BR-040/MG;Sul;Colisão traseira;1;1;0;1;0;0;2
13/05/2016;14:49:00;234;Acidente com Vítima;2,2;BR-040/GO;Norte;Abalroamento - Transversal;1;1;1;0;0;0;1
13/05/2016;07:54:00;76;Acidente com Vítima;348,5;BR-040/MG;Sul;Capotamento;1;0;0;1;0;0;2
13/05/2016;20:37:00;341;Acidente sem Vítima;533,2;BR-040/MG;Sul;Colisão traseira;1;5;0;0;0;0;1
14/05/2016;14:32:00;193;Acidente sem Vítima;509,1;BR-040/MG;Sul;Abalroamento - Longitudinal;1;2;0;0;0;0;1
14/05/2016;11:56:00;162;Acidente sem Vítima;650,1;BR-040/MG;Sul;Colisão traseira;1;2;0;0;0;0;1
14/05/2016;17:00:00;231;Acidente sem Vítima;54,1;BR-040/GO;Sul;Outros;1;1;0;0;0;0;1
16/05/2016;17:34:00;233;Acidente sem Vítima;173,4;BR-040/MG;Sul;Colisão traseira;1;4;0;0;0;0;1
16/05/2016;09:32:00;119;Acidente com Vítima;598,18;BR-040/MG;Norte;Colisão frontal;1;1;0;1;0;0;2
17/05/2016;23:32:00;319;Acidente com Morte;505,01;BR-040/MG;Sul;Capotamento;1;0;0;0;0;1;3
17/05/2016;12:22:00;152;Acidente com Vítima;525,3;BR-040/MG;Sul;Colisão traseira;1;1;1;0;0;0;1
17/05/2016;11:17:00;140;Acidente sem Vítima;550;BR-040/MG;Sul;Abalroamento - Longitudinal;1;2;0;0;0;0;1
17/05/2016;17:19:00;241;Acidente sem Vítima;748,1;BR-040/MG;Norte;Queda de Carga;1;1;0;0;0;0;1
18/05/2016;09:05:00;125;Acidente sem Vítima;4,7;BR-040/GO;Sul;Abalroamento - Transversal;1;2;0;0;0;0;1
18/05/2016;23:57:00;372;Acidente com Vítima;510,292;BR-040/MG;Norte;Abalroamento - Longitudinal;1;2;4;0;0;0;1
18/05/2016;13:45:00;214;Acidente sem Vítima;573,3;BR-040/MG;Norte;Choque com objeto fixo;1;1;0;0;0;0;1
18/05/2016;12:35:00;189;Acidente com Vítima;575,1;BR-040/MG;Norte;Colisão traseira;1;1;0;1;0;0;2
18/05/2016;08:01:00;106;Acidente com Vítima;2;BR-040/DF;Norte;Abalroamento - Longitudinal;1;2;0;1;0;0;2
19/05/2016;18:28:00;277;Acidente sem Vítima;224,4;BR-040/MG;Norte;Outros;1;1;0;0;0;0;1
19/05/2016;17:03:00;249;Acidente sem Vítima;405,2;BR-040/MG;Sul;Colisão traseira;1;2;0;0;0;0;1
19/05/2016;13:07:00;189;Acidente com Vítima;603,97;BR-040/MG;Sul;Colisão traseira;1;2;1;0;1;0;2
20/05/2016;15:20:00;223;Acidente sem Vítima;577,1;BR-040/MG;Sul;Colisão traseira;2;2;0;0;0;0;1
20/05/2016;17:37:00;270;Acidente sem Vítima;694,5;BR-040/MG;Sul;Colisão traseira;1;2;0;0;0;0;1
21/05/2016;05:36:00;30;Acidente com Morte;452,5;BR-040/MG;Sul;Queda de Carga;1;0;0;0;0;1;3
21/05/2016;21:22:00;268;Acidente sem Vítima;615,493;BR-040/MG;Sul;Abalroamento - Transversal;1;2;0;0;0;0;1
21/05/2016;10:32:00;111;Acidente sem Vítima;619,6;BR-040/MG;Sul;Colisão traseira;1;4;0;0;0;0;1
21/05/2016;06:54:00;39;Acidente sem Vítima;699,4;BR-040/MG;Sul;Abalroamento - Longitudinal;1;2;0;0;0;0;1
22/05/2016;10:06:00;102;Acidente sem Vítima;279,9;BR-040/MG;Norte;Choque com objeto fixo;1;1;0;0;0;0;1
22/05/2016;15:05:00;184;Acidente com Vítima;656,99;BR-040/MG;Sul;Capotamento;1;2;3;0;0;0;1
23/05/2016;01:51:00;13;Acidente com Vítima;485,1;BR-040/MG;Sul;Abalroamento - Longitudinal;2;2;1;0;0;0;1
23/05/2016;02:10:00;16;Acidente sem Vítima;486,1;BR-040/MG;Sul;Colisão traseira;1;2;0;0;0;0;1
23/05/2016;15:18:00;224;Acidente sem Vítima;487,4;BR-040/MG;Norte;Colisão traseira;1;3;0;0;0;0;1
23/05/2016;13:46:00;205;Acidente com Vítima;548,5;BR-040/MG;Norte;Colisão traseira;1;2;2;0;0;0;1
24/05/2016;17:13:00;249;Acidente com Morte;525,305;BR-040/MG;Norte;Abalroamento - Longitudinal;1;1;0;0;0;1;3
24/05/2016;09:27:00;121;Acidente sem Vítima;586,13;BR-040/MG;Norte;Queda de Carga;1;1;0;0;0;0;1
24/05/2016;14:02:00;200;Acidente com Vítima;655,3;BR-040/MG;Norte;Queda de Carga;1;0;1;0;0;0;1
25/05/2016;08:55:00;103;Acidente sem Vítima;3,2;BR-040/GO;Sul;Abalroamento - Longitudinal;1;2;0;0;0;0;1
25/05/2016;13:33:00;186;Acidente sem Vítima;141,049;BR-040/MG;Sul;Queda de Carga;1;2;0;0;0;0;1
25/05/2016;18:36:00;277;Acidente sem Vítima;510,98;BR-040/MG;Norte;Abalroamento - Longitudinal;1;2;0;0;0;0;1
26/05/2016;07:54:00;68;Acidente sem Vítima;13,5;BR-040/GO;Norte;Abalroamento - Longitudinal;1;3;0;0;0;0;1
26/05/2016;16:58:00;240;Acidente com Vítima;586,1;BR-040/MG;Sul;Colisão frontal;1;1;1;0;1;0;2
26/05/2016;12:16:00;157;Acidente sem Vítima;715,001;BR-040/MG;Norte;Abalroamento - Transversal;1;2;0;0;0;0;1
27/05/2016;20:09:00;252;Acidente sem Vítima;15,5;BR-040/GO;Sul;Abalroamento - Longitudinal;1;25;0;0;0;0;1
27/05/2016;05:43:00;49;Acidente sem Vítima;449;BR-040/MG;Sul;Atropelamento - Animal;1;1;0;0;0;0;1
27/05/2016;16:36:00;189;Atropelamento com Morte;455,925;BR-040/MG;Norte;Atropelamento - Pedestre caminhando;1;2;0;0;0;1;3
27/05/2016;18:38:00;222;Acidente sem Vítima;504,2;BR-040/MG;Norte;Abalroamento - Longitudinal;1;4;0;0;0;0;1
27/05/2016;20:26:00;260;Acidente sem Vítima;506,2;BR-040/MG;Sul;Abalroamento - Longitudinal;1;3;0;0;0;0;1
28/05/2016;11:44:00;79;Acidente sem Vítima;541,7;BR-040/MG;Norte;Abalroamento - Longitudinal;1;2;0;0;0;0;1
29/05/2016;14:33:00;164;Acidente sem Vítima;172,001;BR-040/MG;Sul;Colisão traseira;1;4;0;0;0;0;1
29/05/2016;10:05:00;63;Acidente sem Vítima;477,8;BR-040/MG;Norte;Abalroamento - Longitudinal;1;2;0;0;0;0;1
29/05/2016;12:50:00;127;Acidente sem Vítima;660,17;BR-040/MG;Sul;Choque com objeto fixo;1;23;0;0;0;0;1
30/05/2016;00:18:00;3;Acidente sem Vítima;215,2;BR-040/MG;Norte;Abalroamento - Longitudinal;1;3;0;0;0;0;1
30/05/2016;08:37:00;122;Acidente sem Vítima;534;BR-040/MG;Norte;Colisão traseira;1;5;0;0;0;0;1
30/05/2016;04:07:00;23;Acidente sem Vítima;95,1;BR-040/GO;Norte;Choque em defensa;1;1;0;0;0;0;1
31/05/2016;14:59:00;200;Acidente sem Vítima;543,1;BR-040/MG;Norte;Colisão traseira;1;2;0;0;0;0;1
31/05/2016;18:05:00;274;Acidente sem Vítima;577,1;BR-040/MG;Norte;Colisão traseira;1;4;0;0;0;0;1
31/05/2016;09:18:00;119;Acidente sem Vítima;588,5;BR-040/MG;Sul;Queda de Carga;1;1;0;0;0;0;1
01/06/2016;16:16:00;213;Acidente com Vítima;528,9;BR-040/MG;Norte;Capotamento;1;1;0;1;0;0;2
01/06/2016;14:05:00;181;Acidente sem Vítima;473,1;BR-040/MG;Norte;Colisão traseira;2;4;0;0;0;0;1
01/06/2016;13:19:00;172;Acidente com Vítima;533,93;BR-040/MG;Norte;Colisão traseira;1;1;0;1;0;0;2
01/06/2016;11:38:00;150;Acidente com Vítima;63,05;BR-040/GO;Sul;Abalroamento - Longitudinal;2;3;0;2;0;0;2
01/06/2016;11:29:00;145;Acidente sem Vítima;527,594;BR-040/MG;Norte;Colisão traseira;1;2;0;0;0;0;1
02/06/2016;22:07:00;346;Acidente com Vítima;3,1;BR-040/GO;Sul;Colisão traseira;1;68;0;2;0;0;2
02/06/2016;19:34:00;311;Acidente sem Vítima;542,2;BR-040/MG;Norte;Colisão traseira;3;3;0;0;0;0;1
02/06/2016;06:53:00;40;Acidente sem Vítima;590,975;BR-040/MG;Norte;Choque em defensa;1;6;0;0;0;0;1
03/06/2016;11:16:00;182;Acidente sem Vítima;459,1;BR-040/MG;Sul;Choque com objeto fixo;1;2;0;0;0;0;1
04/06/2016;16:47:00;204;Acidente com Morte;604,308;BR-040/MG;Norte;Colisão frontal;1;17;0;1;0;3;3
05/06/2016;14:04:00;143;Acidente com Morte;268,47;BR-040/MG;Norte;Colisão frontal;2;0;0;1;0;1;3
06/06/2016;18:16:00;281;Acidente com Vítima;61,062;BR-040/MG;Norte;Abalroamento - Longitudinal;1;2;2;0;0;0;1
07/06/2016;18:47:00;339;Acidente sem Vítima;584,25;BR-040/MG;Sul;Abalroamento - Longitudinal;2;2;0;0;0;0;1
07/06/2016;18:16:00;322;Acidente sem Vítima;606,4;BR-040/MG;Norte;Abalroamento - Longitudinal;2;4;0;0;0;0;1
07/06/2016;18:00:00;316;Acidente sem Vítima;574,4;BR-040/MG;Norte;Colisão traseira;1;2;0;0;0;0;1
07/06/2016;08:26:00;107;Acidente sem Vítima;536,1;BR-040/MG;Norte;Colisão traseira;1;2;0;0;0;0;1
08/06/2016;16:29:00;241;Acidente sem Vítima;474,1;BR-040/MG;Norte;Abalroamento - Longitudinal;1;2;0;0;0;0;1
08/06/2016;06:05:00;28;Acidente sem Vítima;568,1;BR-040/MG;Sul;Outros;1;2;0;0;0;0;1
08/06/2016;06:01:00;27;Acidente com Morte;500,95;BR-040/MG;Sul;Colisão traseira;1;1;0;0;0;2;3
09/06/2016;08:18:00;93;Acidente sem Vítima;700,97;BR-040/MG;Norte;Colisão traseira;2;2;0;0;0;0;1
09/06/2016;02:34:00;13;Acidente com Vítima;585,144;BR-040/MG;Sul;Colisão traseira;3;2;1;0;1;0;2
10/06/2016;19:42:00;332;Acidente sem Vítima;642,85;BR-040/MG;Norte;Colisão traseira;2;2;0;0;0;0;1
10/06/2016;18:08:00;291;Acidente sem Vítima;0,3;BR-040/DF;Sul;Abalroamento - Longitudinal;1;4;0;0;0;0;1
10/06/2016;08:28:00;89;Acidente com Vítima;528,5;BR-040/MG;Norte;Capotamento;1;1;1;0;0;0;1
10/06/2016;07:24:00;49;Acidente com Vítima;718,602;BR-040/MG;Sul;Colisão traseira;1;2;0;1;0;0;2
10/06/2016;00:40:00;2;Acidente sem Vítima;126,7;BR-040/MG;Sul;Colisão traseira;1;3;0;0;0;0;1
11/06/2016;19:18:00;268;Acidente sem Vítima;55,5;BR-040/GO;Norte;Colisão traseira;1;2;0;0;0;0;1
11/06/2016;01:20:00;16;Acidente sem Vítima;435,634;BR-040/MG;Sul;Colisão traseira;1;2;0;0;0;0;1
12/06/2016;10:10:00;77;Acidente sem Vítima;714,2;BR-040/MG;Sul;Colisão traseira;1;2;0;0;0;0;1
13/06/2016;19:05:00;236;Acidente sem Vítima;508,1;BR-040/MG;Norte;Abalroamento - Longitudinal;1;2;0;0;0;0;1
13/06/2016;16:34:00;188;Acidente sem Vítima;526,15;BR-040/MG;Sul;Choque com objeto fixo;1;1;0;0;0;0;1
14/06/2016;07:52:00;66;Acidente sem Vítima;531,047;BR-040/MG;Sul;Colisão traseira;1;3;0;0;0;0;1
14/06/2016;05:12:00;21;Acidente com Vítima;25,2;BR-040/GO;Sul;Colisão traseira;1;1;1;0;0;0;1
15/06/2016;21:57:00;328;Acidente com Vítima;0;Fora_Rota;Sul;Choque em veículo parado na pista;1;1;0;0;1;0;2
15/06/2016;15:56:00;236;Acidente sem Vítima;407;BR-040/MG;Sul;Colisão traseira;1;2;0;0;0;0;1
15/06/2016;10:23:00;149;Acidente com Vítima;521,252;BR-040/MG;Sul;Colisão traseira;1;1;0;1;0;0;2
15/06/2016;09:48:00;132;Acidente com Vítima;7,4;BR-040/GO;Norte;Abalroamento - Longitudinal;2;2;1;0;0;0;1
15/06/2016;08:54:00;108;Acidente sem Vítima;197,1;BR-040/MG;Norte;Queda de Carga;1;1;0;0;0;0;1
15/06/2016;05:58:00;29;Acidente sem Vítima;28,1;BR-040/MG;Sul;Colisão traseira;1;2;0;0;0;0;1
16/06/2016;23:32:00;359;Acidente sem Vítima;533,5;BR-040/MG;Norte;Colisão traseira;1;4;0;0;0;0;1
16/06/2016;09:44:00;143;Acidente sem Vítima;530,1;BR-040/MG;Sul;Colisão traseira;1;3;0;0;0;0;1
16/06/2016;08:46:00;121;Acidente sem Vítima;543,194;BR-040/MG;Sul;Abalroamento - Longitudinal;1;2;0;0;0;0;1
16/06/2016;08:06:00;85;Acidente sem Vítima;681,7;BR-040/MG;Sul;Abalroamento - Longitudinal;1;2;0;0;0;0;1
17/06/2016;17:17:00;280;Acidente com Vítima;0;Fora_Rota;Norte;Abalroamento - Longitudinal;1;1;0;0;1;0;2
17/06/2016;17:15:00;278;Acidente sem Vítima;610,15;BR-040/MG;Norte;Abalroamento - Longitudinal;1;2;0;0;0;0;1
17/06/2016;07:56:00;87;Acidente com Vítima;2,04;BR-040/GO;Sul;Colisão traseira;1;1;0;1;0;0;2
18/06/2016;21:39:00;288;Acidente sem Vítima;447,035;BR-040/MG;Sul;Abalroamento - Longitudinal;1;3;0;0;0;0;1
18/06/2016;21:08:00;282;Acidente com Vítima;539,3;BR-040/MG;Norte;Choque com objeto fixo;1;1;0;1;0;0;2
18/06/2016;17:58:00;233;Acidente sem Vítima;710,5;BR-040/MG;Norte;Abalroamento - Longitudinal;1;2;0;0;0;0;1
18/06/2016;12:20:00;123;Acidente com Vítima;560;BR-040/MG;Sul;Colisão traseira;1;2;1;0;0;0;1
18/06/2016;12:01:00;114;Acidente sem Vítima;527,001;BR-040/MG;Norte;Colisão traseira;1;2;0;0;0;0;1
18/06/2016;08:39:00;64;Acidente sem Vítima;691;BR-040/MG;Norte;Colisão frontal;1;2;0;0;0;0;1
19/06/2016;19:21:00;291;Acidente com Morte;374,6;BR-040/MG;Sul;Colisão frontal;1;2;0;2;0;2;3
19/06/2016;15:35:00;195;Acidente com Vítima;467,8;BR-040/MG;Sul;Outros;1;2;0;3;0;0;2
21/06/2016;19:23:00;258;Acidente sem Vítima;590,32;BR-040/MG;Norte;Colisão traseira;1;2;0;0;0;0;1
22/06/2016;19:44:00;320;Acidente sem Vítima;129,65;BR-040/GO;Sul;Abalroamento - Transversal;1;2;0;0;0;0;1
23/06/2016;20:54:00;343;Acidente com Vítima;517,423;BR-040/MG;Norte;Abalroamento - Transversal;1;1;0;1;0;0;2
23/06/2016;19:16:00;306;Acidente com Vítima;345,8;BR-040/MG;Sul;Abalroamento - Longitudinal;1;1;0;0;1;0;2