data;horario;n_da_ocorrencia;tipo_de_ocorrencia;km;trecho;sentido;tipo_de_acidente;caminhao;ilesos;levemente_feridos;moderadamente_feridos;gravemente_feridos;mortos;3
24/06/2016;18:15:00;294;Acidente com Morte;479,751;BR-040/MG;Norte;Capotamento;1;4;2;3;0;1;3
24/06/2016;17:00:00;269;Acidente sem Vítima;697,1;BR-040/MG;Sul;Abalroamento - Longitudinal;1;11;0;0;0;0;1
24/06/2016;08:22:00;88;Acidente sem Vítima;535,1;BR-040/MG;Norte;Abalroamento - Longitudinal;1;2;0;0;0;0;1
25/06/2016;11:36:00;139;Acidente sem Vítima;660,46;BR-040/MG;Sul;Abalroamento - Longitudinal;2;2;0;0;0;0;1
26/06/2016;13:22:00;122;Acidente com Vítima;494,212;BR-040/MG;Sul;Abalroamento - Longitudinal;1;3;1;0;0;0;1
28/06/2016;06:51:00;41;Atropelamento sem Morte;528,1;BR-040/MG;Sul;Atropelamento - Pedestre caminhando;1;1;1;0;0;0;1
29/06/2016;18:51:00;241;Acidente sem Vítima;649,3;BR-040/MG;Sul;Atropelamento - Animal;1;1;0;0;0;0;1
29/06/2016;18:25:00;228;Acidente com Vítima;632;BR-040/MG;Norte;Colisão traseira;1;2;3;0;0;0;1
29/06/2016;12:18:00;139;Acidente sem Vítima;74,548;BR-040/MG;Norte;Outros;1;2;0;0;0;0;1
29/06/2016;10:55:00;117;Acidente com Vítima;12,3;BR-040/GO;Norte;Colisão traseira;1;2;1;1;0;0;2
30/06/2016;20:20:00;327;Acidente sem Vítima;147,995;BR-040/GO;Sul;Outros;1;1;0;0;0;0;1
30/06/2016;19:31:00;311;Acidente sem Vítima;0,3;BR-040/DF;Sul;Abalroamento - Longitudinal;1;5;0;0;0;0;1
30/06/2016;14:56:00;229;Acidente sem Vítima;508,8;BR-040/MG;Sul;Queda de Carga;1;1;0;0;0;0;1
30/06/2016;11:32:00;154;Acidente sem Vítima;577,224;BR-040/MG;Sul;Colisão traseira;2;3;0;0;0;0;1
30/06/2016;10:50:00;143;Acidente sem Vítima;536,5;BR-040/MG;Norte;Colisão traseira;1;2;0;0;0;0;1
30/06/2016;02:34:00;9;Acidente com Vítima;546,3;BR-040/MG;Sul;Colisão traseira;2;3;2;0;0;0;1
01/07/2016;00:09:00;3;Acidente com Vítima;106,056;BR-040/MG;Sul;Queda de Carga;1;0;1;0;0;0;1
02/07/2016;17:31:00;214;Atropelamento sem Morte;13,1;BR-040/GO;Norte;Atropelamento de pedestre atravessando;1;1;0;1;0;0;2
02/07/2016;12:13:00;139;Acidente sem Vítima;668;BR-040/MG;Norte;Outros;1;2;0;0;0;0;1
02/07/2016;09:03:00;94;Acidente sem Vítima;714,15;BR-040/MG;Norte;Colisão traseira;1;2;0;0;0;0;1
02/07/2016;07:44:00;66;Acidente sem Vítima;41,2;BR-040/MG;Sul;Choque com objeto fixo;1;1;0;0;0;0;1
02/07/2016;05:08:00;32;Atropelamento com Morte;517,25;BR-040/MG;Norte;Atropelamento de pedestre atravessando;1;1;0;0;0;1;3
04/07/2016;15:48:00;218;Acidente sem Vítima;528,5;BR-040/MG;Sul;Colisão traseira;1;3;0;0;0;0;1
04/07/2016;12:16:00;153;Acidente sem Vítima;505,7;BR-040/MG;Norte;Abalroamento longitudinal;1;6;0;0;0;0;1
04/07/2016;09:11:00;97;Acidente sem Vítima;599,5;BR-040/MG;Norte;Colisão traseira;1;5;0;0;0;0;1
05/07/2016;20:52:00;313;Acidente sem Vítima;660,4;BR-040/MG;Norte;Abalroamento transversal;1;2;0;0;0;0;1
05/07/2016;19:38:00;288;Acidente com Vítima;233,5;BR-040/MG;Sul;Abalroamento longitudinal;2;4;0;1;0;0;2
06/07/2016;17:06:00;196;Atropelamento com Morte;530,6;BR-040/MG;Sul;Atropelamento de pedestre atravessando;1;1;0;0;0;1;3
07/07/2016;17:31:00;252;Acidente sem Vítima;538,15;BR-040/MG;Norte;Colisão traseira;1;2;0;0;0;0;1
07/07/2016;13:53:00;183;Acidente sem Vítima;538,9;BR-040/MG;Sul;Colisão traseira;1;2;0;0;0;0;1
07/07/2016;13:39:00;180;Acidente sem Vítima;5,8;BR-040/DF;Sul;Abalroamento longitudinal;1;2;0;0;0;0;1
07/07/2016;08:12:00;88;Acidente com Vítima;496,17;BR-040/MG;Sul;Abalroamento longitudinal;1;1;1;0;0;0;1
08/07/2016;20:29:00;357;Acidente com Vítima;11,26;BR-040/GO;Sul;Colisão traseira;1;4;0;1;0;0;2
08/07/2016;20:19:00;351;Acidente sem Vítima;456,028;BR-040/MG;Sul;Abalroamento longitudinal;2;2;0;0;0;0;1
08/07/2016;19:29:00;334;Acidente sem Vítima;536;BR-040/MG;Sul;Abalroamento longitudinal;1;2;0;0;0;0;1
08/07/2016;19:13:00;331;Acidente com Vítima;43,13;BR-040/MG;Sul;Abalroamento longitudinal;1;3;1;0;0;0;1
08/07/2016;18:04:00;295;Acidente com Vítima;608,35;BR-040/MG;Sul;Abalroamento transversal;1;1;5;0;0;0;1
08/07/2016;17:13:00;277;Acidente sem Vítima;597,89;BR-040/MG;Norte;Colisão traseira;1;2;0;0;0;0;1
08/07/2016;14:09:00;207;Acidente com Vítima;579,854;BR-040/MG;Sul;Abalroamento longitudinal;1;3;1;0;0;0;1
08/07/2016;11:51:00;154;Acidente com Vítima;587,104;BR-040/MG;Sul;Colisão traseira;1;1;1;0;0;0;1
09/07/2016;15:28:00;228;Acidente com Vítima;12,1;BR-040/GO;Norte;Capotamento;1;5;3;7;0;0;2
09/07/2016;00:25:00;6;Atropelamento com Morte;23,5;BR-040/GO;Sul;Atropelamento de pedestre atravessando;1;1;0;0;0;1;3
10/07/2016;15:14:00;154;Acidente com Vítima;534,5;BR-040/MG;Sul;Queda de Carga;1;0;0;0;0;0;1
10/07/2016;05:14:00;48;Acidente sem Vítima;187,9;BR-040/MG;Sul;Colisão traseira;2;2;0;0;0;0;1
11/07/2016;19:05:00;263;Acidente sem Vítima;535,1;BR-040/MG;Norte;Abalroamento longitudinal;1;2;0;0;0;0;1
11/07/2016;15:23:00;200;Acidente sem Vítima;2,3;BR-040/GO;Sul;Colisão traseira;1;2;0;0;0;0;1
12/07/2016;18:32:00;288;Acidente com Vítima;617,499;BR-040/MG;Sul;Abalroamento longitudinal;1;1;1;0;0;0;1
12/07/2016;15:49:00;236;Acidente sem Vítima;547,6;BR-040/MG;Sul;Colisão traseira;1;4;0;0;0;0;1
12/07/2016;12:32:00;183;Acidente sem Vítima;487,001;BR-040/MG;Norte;Colisão traseira;1;2;0;0;0;0;1
12/07/2016;09:47:00;131;Acidente sem Vítima;533,001;BR-040/MG;Norte;Colisão traseira;2;3;0;0;0;0;1
12/07/2016;07:28:00;56;Acidente sem Vítima;527,8;BR-040/MG;Norte;Colisão traseira;2;4;0;0;0;0;1
12/07/2016;06:55:00;43;Acidente sem Vítima;17,2;BR-040/MG;Sul;Colisão traseira;1;9;0;0;0;0;1
14/07/2016;21:13:00;331;Acidente com Vítima;695,085;BR-040/MG;Norte;Queda de Carga;1;0;1;0;0;0;1
14/07/2016;20:48:00;322;Atropelamento sem Morte;93,945;BR-040/GO;Sul;Atropelamento de pedestre atravessando;1;2;0;0;1;0;2
14/07/2016;13:32:00;206;Atropelamento sem Morte;436,221;BR-040/MG;Norte;Atropelamento de pedestre atravessando;1;1;0;0;1;0;2
15/07/2016;22:07:00;361;Acidente com Vítima;9,3;BR-040/GO;Norte;Abalroamento transversal;1;1;0;1;0;0;2
15/07/2016;19:42:00;316;Atropelamento com Morte;669,23;BR-040/MG;Sul;Atropelamento de ciclista;1;1;0;0;0;1;3
15/07/2016;10:20:00;122;Acidente sem Vítima;12,2;BR-040/GO;Sul;Abalroamento longitudinal;1;2;0;0;0;0;1
15/07/2016;09:14:00;101;Acidente sem Vítima;569,8;BR-040/MG;Norte;Abalroamento longitudinal;1;2;0;0;0;0;1
16/07/2016;08:18:00;81;Acidente sem Vítima;600,01;BR-040/MG;Sul;Colisão traseira;1;2;0;0;0;0;1
17/07/2016;16:07:00;201;Acidente com Vítima;603;BR-040/MG;Sul;Abalroamento transversal;1;1;0;2;0;0;2
18/07/2016;06:39:00;51;Acidente com Vítima;509,47;BR-040/MG;Sul;Colisão traseira;1;1;0;1;0;0;2
19/07/2016;18:31:00;264;Acidente sem Vítima;594,1;BR-040/MG;Norte;Abalroamento longitudinal;1;2;0;0;0;0;1
19/07/2016;18:12:00;256;Atropelamento sem Morte;771,5;BR-040/MG;Norte;Atropelamento de pedestre atravessando;1;1;1;0;0;0;1
19/07/2016;16:03:00;217;Acidente sem Vítima;0,3;BR-040/DF;Norte;Capotamento;1;2;0;0;0;0;1
19/07/2016;11:32:00;147;Acidente sem Vítima;17,15;BR-040/MG;Norte;Abalroamento transversal;1;2;0;0;0;0;1
19/07/2016;11:25:00;145;Acidente com Morte;544,01;BR-040/MG;Sul;Choque em barreira New Jersey;1;2;0;0;0;1;3
20/07/2016;20:04:00;319;Acidente com Morte;458,63;BR-040/MG;Sul;Colisão traseira;2;1;0;0;0;1;3
20/07/2016;12:22:00;177;Acidente com Vítima;31,7;BR-040/GO;Sul;Queda de Carga;1;0;1;0;0;0;1
20/07/2016;11:21:00;158;Acidente sem Vítima;532;BR-040/MG;Norte;Colisão traseira;1;2;0;0;0;0;1
20/07/2016;09:26:00;119;Acidente com Vítima;466,8;BR-040/MG;Sul;Abalroamento longitudinal;1;2;2;0;0;0;1
20/07/2016;02:08:00;14;Acidente sem Vítima;521,5;BR-040/MG;Sul;Atropelamento de animal;1;1;0;0;0;0;1
21/07/2016;17:47:00;300;Acidente sem Vítima;617,1;BR-040/MG;Norte;Colisão traseira;1;2;0;0;0;0;1
22/07/2016;12:40:00;157;Acidente sem Vítima;539,8;BR-040/MG;Sul;Abalroamento longitudinal;1;2;0;0;0;0;1
22/07/2016;00:51:00;10;Acidente com Vítima;623,1;BR-040/MG;Sul;Abalroamento longitudinal;1;1;1;0;0;0;1
23/07/2016;22:10:00;300;Acidente sem Vítima;473,046;BR-040/MG;Norte;Colisão traseira;1;3;0;0;0;0;1
23/07/2016;18:07:00;228;Acidente com Vítima;413,1;BR-040/MG;Norte;Abalroamento longitudinal;1;4;0;0;0;0;1
23/07/2016;15:42:00;189;Acidente com Vítima;277,2;BR-040/MG;Sul;Outros;1;1;1;0;0;0;1
23/07/2016;15:05:00;177;Acidente sem Vítima;507,2;BR-040/MG;Norte;Choque em defensa;2;2;0;0;0;0;1
23/07/2016;15:05:00;178;Acidente sem Vítima;714,2;BR-040/MG;Norte;Colisão traseira;1;3;0;0;0;0;1
23/07/2016;05:54:00;49;Acidente sem Vítima;744,5;BR-040/MG;Norte;Outros;1;1;0;0;0;0;1
24/07/2016;21:28:00;260;Acidente sem Vítima;27,5;BR-040/GO;Sul;Abalroamento transversal;1;4;0;0;0;0;1
25/07/2016;20:37:00;401;Acidente com Vítima;735,5;BR-040/MG;Norte;Abalroamento longitudinal;1;1;1;0;0;0;1
26/07/2016;19:39:00;290;Acidente sem Vítima;686,7;BR-040/MG;Sul;Outros;1;6;0;0;0;0;1
28/07/2016;14:57:00;229;Acidente com Vítima;281;BR-040/MG;Sul;Colisão traseira;1;2;2;0;0;0;1
28/07/2016;10:01:00;146;Acidente sem Vítima;703,001;BR-040/MG;Sul;Colisão traseira;1;2;0;0;0;0;1
29/07/2016;17:06:00;298;Acidente com Vítima;58,005;BR-040/MG;Norte;Colisão traseira;2;28;0;1;0;0;2
29/07/2016;07:54:00;116;Acidente sem Vítima;720;BR-040/MG;Norte;Colisão traseira;1;2;0;0;0;0;1
30/07/2016;22:11:00;289;Acidente sem Vítima;299,8;BR-040/MG;Norte;Queda de Carga;1;1;0;0;0;0;1
30/07/2016;15:24:00;178;Acidente sem Vítima;10,15;BR-040/GO;Norte;Colisão traseira;1;2;0;0;0;0;1
31/07/2016;21:57:00;316;Acidente sem Vítima;524,75;BR-040/MG;Norte;Outros;1;3;0;0;0;0;1
31/07/2016;19:38:00;268;Acidente sem Vítima;513,5;BR-040/MG;Sul;Colisão traseira;2;2;0;0;0;0;1
31/07/2016;16:40:00;199;Acidente com Morte;300,15;BR-040/MG;Sul;Queda de Carga;1;0;0;0;0;1;3
01/08/2016;12:41:00;221;Acidente sem Vítima;468;BR-040/MG;Sul;Abalroamento longitudinal;1;3;0;0;0;0;1
01/08/2016;11:40:00;201;Acidente sem Vítima;91;BR-040/MG;Sul;Colisão traseira;1;2;0;0;0;0;1
01/08/2016;00:13:00;4;Acidente com Vítima;6,1;BR-040/GO;Sul;Colisão traseira;1;2;0;0;0;0;1
02/08/2016;23:53:00;383;Acidente sem Vítima;18,1;BR-040/GO;Norte;Choque em veículo parado na pista;2;2;0;0;0;0;1
02/08/2016;16:57:00;290;Acidente sem Vítima;99,1;BR-040/GO;Sul;Atropelamento de animal;1;1;0;0;0;0;1
02/08/2016;08:03:00;103;Acidente sem Vítima;517;BR-040/MG;Sul;Colisão traseira;1;4;0;0;0;0;1
04/08/2016;17:50:00;279;Acidente sem Vítima;526,15;BR-040/MG;Sul;Abalroamento longitudinal;1;3;0;0;0;0;1
04/08/2016;08:43:00;121;Acidente sem Vítima;565,08;BR-040/MG;Norte;Colisão traseira;1;4;0;0;0;0;1
05/08/2016;20:38:00;382;Acidente sem Vítima;509,473;BR-040/MG;Norte;Colisão traseira;1;4;0;0;0;0;1
05/08/2016;14:59:00;237;Acidente com Vítima;588;BR-040/MG;Norte;Colisão traseira;1;2;1;0;0;0;1
05/08/2016;12:28:00;186;Acidente sem Vítima;43,8;BR-040/GO;Norte;Abalroamento longitudinal;1;4;0;0;0;0;1
07/08/2016;18:28:00;214;Acidente sem Vítima;650,1;BR-040/MG;Norte;Abalroamento longitudinal;1;6;0;0;0;0;1
08/08/2016;16:27:00;242;Acidente sem Vítima;536,7;BR-040/MG;Sul;Colisão traseira;1;5;0;0;0;0;1
08/08/2016;15:43:00;228;Acidente sem Vítima;536,1;BR-040/MG;Sul;Colisão traseira;2;3;0;0;0;0;1
08/08/2016;11:13:00;159;Acidente sem Vítima;2,1;BR-040/GO;Sul;Choque em defensa;1;1;0;0;0;0;1
08/08/2016;07:28:00;93;Acidente sem Vítima;476,1;BR-040/MG;Sul;Abalroamento longitudinal;1;2;0;0;0;0;1
10/08/2016;19:27:00;367;Acidente com Vítima;520,6;BR-040/MG;Sul;Colisão traseira;1;1;0;1;0;0;2
10/08/2016;16:42:00;311;Acidente sem Vítima;640,4;BR-040/MG;Norte;Colisão traseira;1;2;0;0;0;0;1
10/08/2016;15:50:00;292;Acidente sem Vítima;475,567;BR-040/MG;Norte;Colisão traseira;2;2;0;0;0;0;1
10/08/2016;14:56:00;271;Acidente sem Vítima;7,6;BR-040/DF;Norte;Abalroamento longitudinal;1;3;0;0;0;0;1
10/08/2016;07:57:00;108;Atropelamento sem Morte;10,9;BR-040/GO;Sul;Atropelamento de ciclista;1;1;0;1;0;0;2
11/08/2016;22:53:00;313;Acidente sem Vítima;603,04;BR-040/MG;Norte;Abalroamento longitudinal;2;2;0;0;0;0;1
11/08/2016;17:50:00;230;Acidente com Vítima;6,22;BR-040/GO;Sul;Colisão traseira;1;3;1;1;0;0;2
12/08/2016;16:05:00;236;Acidente com Vítima;738,1;BR-040/MG;Norte;Abalroamento longitudinal;1;1;0;1;0;0;2
12/08/2016;12:48:00;180;Acidente sem Vítima;511,25;BR-040/MG;Norte;Abalroamento longitudinal;1;2;0;0;0;0;1
13/08/2016;18:10:00;248;Acidente sem Vítima;273,013;BR-040/MG;Sul;Choque com objeto fixo;1;1;0;0;0;0;1
13/08/2016;14:11:00;171;Acidente com Vítima;27,001;BR-040/GO;Norte;Outros;1;1;0;0;0;0;1
14/08/2016;17:28:00;206;Acidente com Vítima;548,91;BR-040/MG;Sul;Colisão traseira;1;1;0;1;0;0;2
15/08/2016;18:11:00;273;Acidente sem Vítima;147,3;BR-040/GO;Sul;Outros;1;1;0;0;0;0;1
15/08/2016;12:50:00;175;Acidente com Vítima;351,5;BR-040/MG;Norte;Queda de Carga;1;0;0;1;0;0;2
15/08/2016;08:18:00;107;Acidente com Vítima;771,5;BR-040/MG;Sul;Colisão traseira;1;2;1;0;0;0;1
15/08/2016;04:33:00;24;Acidente sem Vítima;532,781;BR-040/MG;Sul;Abalroamento longitudinal;1;2;0;0;0;0;1
16/08/2016;22:44:00;331;Acidente sem Vítima;714,1;BR-040/MG;Sul;Colisão traseira;1;2;0;0;0;0;1
16/08/2016;19:56:00;292;Acidente com Vítima;538,3;BR-040/MG;Norte;Colisão traseira;1;2;0;2;0;0;2
16/08/2016;09:46:00;137;Acidente sem Vítima;510,43;BR-040/MG;Norte;Colisão traseira;1;2;0;0;0;0;1
16/08/2016;06:19:00;38;Acidente sem Vítima;494,1;BR-040/MG;Norte;Choque em defensa;1;1;0;0;0;0;1
16/08/2016;04:38:00;25;Acidente sem Vítima;500,804;BR-040/MG;Norte;Choque com objeto fixo;1;1;0;0;0;0;1
17/08/2016;23:52:00;405;Acidente sem Vítima;189,2;BR-040/MG;Norte;Queda de Carga;1;1;0;0;0;0;1
17/08/2016;10:40:00;172;Acidente sem Vítima;504,771;BR-040/MG;Sul;Capotamento;1;2;0;0;0;0;1
17/08/2016;10:19:00;164;Acidente sem Vítima;520,8;BR-040/MG;Norte;Colisão traseira;2;3;0;0;0;0;1
17/08/2016;02:36:00;13;Acidente com Vítima;477,726;BR-040/MG;Sul;Colisão traseira;1;1;0;1;0;0;2
18/08/2016;07:23:00;75;Acidente sem Vítima;46,3;BR-040/GO;Sul;Abalroamento longitudinal;1;2;0;0;0;0;1
18/08/2016;04:57:00;26;Acidente sem Vítima;610,55;BR-040/MG;Sul;Colisão traseira;1;2;0;0;0;0;1
18/08/2016;04:12:00;24;Acidente sem Vítima;527,75;BR-040/MG;Norte;Abalroamento longitudinal;1;3;0;0;0;0;1
20/08/2016;15:36:00;196;Acidente com Vítima;452,8;BR-040/MG;Sul;Abalroamento longitudinal;1;1;1;0;0;0;1
20/08/2016;13:45:00;170;Acidente sem Vítima;5,5;BR-040/DF;Norte;Colisão traseira;1;2;0;0;0;0;1
20/08/2016;11:20:00;130;Acidente sem Vítima;54,01;BR-040/MG;Sul;Atropelamento de animal;1;1;0;0;0;0;1
20/08/2016;08:18:00;74;Acidente sem Vítima;632,1;BR-040/MG;Sul;Colisão traseira;1;4;0;0;0;0;1
21/08/2016;19:01:00;282;Acidente com Morte;27,25;BR-040/GO;Sul;Colisão frontal;1;1;0;0;0;1;3
21/08/2016;18:32:00;268;Acidente sem Vítima;577,2;BR-040/MG;Norte;Colisão traseira;1;3;0;0;0;0;1
21/08/2016;18:21:00;260;Acidente sem Vítima;577,2;BR-040/MG;Norte;Abalroamento longitudinal;1;9;0;0;0;0;1
21/08/2016;14:40:00;186;Acidente sem Vítima;704,001;BR-040/MG;Sul;Capotamento;1;1;0;0;0;0;1
21/08/2016;02:12:00;20;Acidente sem Vítima;468,5;BR-040/MG;Norte;Atropelamento de animal;1;1;0;0;0;0;1
22/08/2016;15:41:00;278;Acidente sem Vítima;61,328;BR-040/GO;Sul;Abalroamento longitudinal;3;7;0;0;0;0;1
22/08/2016;06:14:00;43;Acidente sem Vítima;608;BR-040/MG;Sul;Colisão traseira;2;2;0;0;0;0;1
23/08/2016;18:20:00;237;Acidente sem Vítima;71,1;BR-040/GO;Norte;Queda de Carga;1;1;0;0;0;0;1
23/08/2016;15:49:00;215;Acidente com Vítima;7,2;BR-040/GO;Norte;Abalroamento longitudinal;1;1;1;0;0;0;1
23/08/2016;15:17:00;206;Acidente com Vítima;462,1;BR-040/MG;Norte;Capotamento;1;1;0;1;0;0;2
24/08/2016;19:45:00;283;Acidente com Vítima;525,25;BR-040/MG;Sul;Colisão traseira;1;2;2;0;0;0;1
24/08/2016;10:12:00;157;Acidente sem Vítima;525,5;BR-040/MG;Norte;Abalroamento longitudinal;1;2;0;0;0;0;1
24/08/2016;09:52:00;154;Acidente com Vítima;726,38;BR-040/MG;Sul;Queda de Carga;1;0;0;1;0;0;2
25/08/2016;21:07:00;361;Acidente com Vítima;467,001;BR-040/MG;Sul;Colisão traseira;2;1;1;0;0;0;1
25/08/2016;19:36:00;332;Acidente sem Vítima;404,9;BR-040/MG;Norte;Colisão traseira;2;2;0;0;0;0;1
26/08/2016;22:31:00;367;Acidente com Morte;29,1;BR-040/GO;Norte;Colisão frontal;1;1;0;2;0;1;3
26/08/2016;17:56:00;283;Atropelamento com Morte;640,02;BR-040/MG;Sul;Atropelamento de pedestre atravessando;1;2;0;0;0;1;3
26/08/2016;16:51:00;260;Acidente sem Vítima;71;BR-040/GO;Norte;Abalroamento transversal;1;2;0;0;0;0;1
26/08/2016;02:22:00;16;Acidente com Morte;573,9;BR-040/MG;Norte;Colisão frontal;3;36;8;0;0;3;3
27/08/2016;15:28:00;174;Acidente sem Vítima;17,76;BR-040/GO;Sul;Colisão traseira;1;2;0;0;0;0;1
27/08/2016;10:48:00;112;Acidente sem Vítima;525,164;BR-040/MG;Norte;Colisão traseira;1;2;0;0;0;0;1
27/08/2016;08:11:00;75;Acidente sem Vítima;127,5;BR-040/MG;Norte;Abalroamento longitudinal;1;2;0;0;0;0;1
28/08/2016;18:23:00;190;Acidente sem Vítima;272,9;BR-040/MG;Sul;Outros;1;6;0;0;0;0;1
28/08/2016;12:04:00;99;Acidente sem Vítima;485,234;BR-040/MG;Sul;Queda de Carga;1;1;0;0;0;0;1
28/08/2016;03:39:00;34;Acidente sem Vítima;511,4;BR-040/MG;Norte;Abalroamento longitudinal;1;6;0;0;0;0;1
29/08/2016;17:10:00;300;Acidente sem Vítima;62;BR-040/GO;Norte;Colisão traseira;2;2;0;0;0;0;1
29/08/2016;15:21:00;273;Acidente sem Vítima;536;BR-040/MG;Sul;Colisão traseira;2;2;0;0;0;0;1
29/08/2016;14:27:00;258;Acidente sem Vítima;643,02;BR-040/MG;Norte;Choque com objeto fixo;1;1;0;0;0;0;1
29/08/2016;06:19:00;46;Acidente sem Vítima;541,063;BR-040/MG;Sul;Colisão traseira;1;3;0;0;0;0;1
30/08/2016;22:53:00;442;Acidente sem Vítima;701,072;BR-040/MG;Sul;Queda de Carga;1;1;0;0;0;0;1
30/08/2016;22:52:00;441;Acidente sem Vítima;511,019;BR-040/MG;Norte;Abalroamento longitudinal;1;2;0;0;0;0;1
30/08/2016;21:05:00;421;Acidente sem Vítima;141,6;BR-040/MG;Sul;Abalroamento longitudinal;1;9;0;0;0;0;1
30/08/2016;21:00:00;419;Acidente sem Vítima;693,5;BR-040/MG;Sul;Outros;1;3;0;0;0;0;1
30/08/2016;12:22:00;269;Acidente sem Vítima;770,7;BR-040/MG;Sul;Abalroamento transversal;1;2;0;0;0;0;1
30/08/2016;11:21:00;245;Acidente sem Vítima;472,07;BR-040/MG;Sul;Colisão traseira;1;2;0;0;0;0;1
30/08/2016;07:06:00;88;Acidente sem Vítima;483,53;BR-040/MG;Norte;Colisão traseira;2;2;0;0;0;0;1
31/08/2016;07:05:00;51;Acidente com Morte;751,05;BR-040/MG;Norte;Queda de Carga;1;0;0;0;0;1;3
31/08/2016;06:34:00;24;Acidente sem Vítima;487,2;BR-040/MG;Sul;Colisão frontal;2;2;0;0;0;0;1
01/09/2016;17:02:00;258;Acidente sem Vítima;7,1;BR-040/GO;Sul;Abalroamento longitudinal;1;3;0;0;0;0;1
01/09/2016;14:10:00;226;Acidente sem Vítima;453,3;BR-040/MG;Norte;Outros;1;1;0;0;0;0;1
01/09/2016;01:02:00;13;Acidente sem Vítima;570,288;BR-040/MG;Sul;Abalroamento transversal;1;2;0;0;0;0;1
02/09/2016;21:18:00;397;Acidente com Vítima;187,6;BR-040/MG;Norte;Choque com objeto fixo;1;0;1;0;0;0;1
02/09/2016;20:22:00;380;Acidente sem Vítima;709,031;BR-040/MG;Sul;Colisão traseira;1;5;0;0;0;0;1
02/09/2016;19:47:00;364;Acidente com Vítima;611,002;BR-040/MG;Norte;Colisão traseira;1;10;1;0;0;0;1
02/09/2016;16:45:00;295;Acidente sem Vítima;605,032;BR-040/MG;Norte;Choque em defensa;1;1;0;0;0;0;1
02/09/2016;06:53:00;48;Acidente sem Vítima;523,5;BR-040/MG;Sul;Colisão traseira;1;3;0;0;0;0;1
03/09/2016;22:11:00;329;Acidente sem Vítima;594,65;BR-040/MG;Sul;Colisão traseira;1;2;0;0;0;0;1
03/09/2016;16:26:00;242;Acidente sem Vítima;633;BR-040/MG;Norte;Abalroamento transversal;1;4;0;0;0;0;1
04/09/2016;20:07:00;273;Acidente com Vítima;281,404;BR-040/MG;Sul;Abalroamento longitudinal;1;1;2;1;0;0;2
04/09/2016;17:23:00;199;Acidente com Vítima;510,26;BR-040/MG;Sul;Colisão traseira;1;13;1;0;0;0;1
05/09/2016;23:32:00;385;Acidente sem Vítima;658,9;BR-040/MG;Sul;Outros;2;2;0;0;0;0;1
05/09/2016;18:11:00;308;Acidente sem Vítima;525,6;BR-040/MG;Sul;Abalroamento transversal;1;3;0;0;0;0;1
05/09/2016;07:41:00;95;Acidente com Vítima;519,625;BR-040/MG;Sul;Colisão traseira;1;2;0;2;0;0;2
05/09/2016;06:42:00;41;Acidente com Vítima;545,05;BR-040/MG;Sul;Colisão traseira;1;1;1;0;0;0;1
06/09/2016;22:00:00;440;Acidente sem Vítima;724;BR-040/MG;Norte;Atropelamento de animal;1;1;0;0;0;0;1
06/09/2016;10:10:00;214;Acidente sem Vítima;532,001;BR-040/MG;Sul;Colisão traseira;2;2;0;0;0;0;1
06/09/2016;01:21:00;17;Acidente sem Vítima;11,5;BR-040/MG;Norte;Atropelamento de animal;1;1;0;0;0;0;1
07/09/2016;23:51:00;289;Acidente com Vítima;732;BR-040/MG;Norte;Colisão traseira;1;2;0;1;0;0;2
07/09/2016;16:29:00;209;Acidente com Vítima;697,8;BR-040/MG;Sul;Abalroamento transversal;1;1;1;0;0;0;1
07/09/2016;13:19:00;157;Acidente sem Vítima;523,6;BR-040/MG;Norte;Abalroamento longitudinal;1;2;0;0;0;0;1
07/09/2016;06:53:00;35;Acidente sem Vítima;747,95;BR-040/MG;Sul;Atropelamento de animal;1;1;0;0;0;0;1
07/09/2016;05:25:00;25;Acidente sem Vítima;413,5;BR-040/MG;Sul;Queda de Carga;1;1;0;0;0;0;1
08/09/2016;15:24:00;263;Acidente sem Vítima;525,8;BR-040/MG;Norte;Abalroamento longitudinal;1;2;0;0;0;0;1
08/09/2016;13:43:00;231;Acidente sem Vítima;541,1;BR-040/MG;Norte;Colisão traseira;1;2;0;0;0;0;1
08/09/2016;05:34:00;23;Acidente sem Vítima;209,5;BR-040/MG;Sul;Atropelamento de animal;1;1;0;0;0;0;1
08/09/2016;05:09:00;19;Acidente com Vítima;448,5;BR-040/MG;Sul;Colisão traseira;2;1;0;1;0;0;2
09/09/2016;17:29:00;325;Acidente sem Vítima;694,3;BR-040/MG;Sul;Abalroamento longitudinal;1;2;0;0;0;0;1
09/09/2016;16:02:00;298;Acidente sem Vítima;538,1;BR-040/MG;Sul;Queda de Carga;1;1;0;0;0;0;1
09/09/2016;15:31:00;283;Acidente com Vítima;662,15;BR-040/MG;Norte;Queda de Carga;1;0;0;1;0;0;2
10/09/2016;10:39:00;146;Acidente sem Vítima;524,939;BR-040/MG;Norte;Abalroamento longitudinal;1;3;0;0;0;0;1
11/09/2016;14:23:00;180;Acidente com Vítima;475,3;BR-040/MG;Sul;Colisão traseira;1;1;1;1;0;0;2