data;horario;n_da_ocorrencia;tipo_de_ocorrencia;km;trecho;sentido;tipo_de_acidente;caminhao;ilesos;levemente_feridos;moderadamente_feridos;gravemente_feridos;mortos;3
11/09/2016;13:29:00;156;Acidente sem Vítima;740;BR-040/MG;Norte;Queda de Carga;1;1;0;0;0;0;1
11/09/2016;09:28:00;92;Acidente sem Vítima;437,681;BR-040/MG;Norte;Choque com objeto fixo;1;5;0;0;0;0;1
11/09/2016;08:30:00;77;Acidente sem Vítima;425,2;BR-040/MG;Norte;Queda de Carga;1;1;0;0;0;0;1
11/09/2016;02:48:00;20;Acidente sem Vítima;724,05;BR-040/MG;Norte;Choque em barreira New Jersey;1;3;0;0;0;0;1
12/09/2016;22:17:00;406;Acidente sem Vítima;491,436;BR-040/MG;Sul;Queda de Carga;1;1;0;0;0;0;1
12/09/2016;09:35:00;172;Acidente com Morte;607,87;BR-040/MG;Sul;Abalroamento transversal;1;1;0;0;0;1;3
12/09/2016;08:08:00;127;Acidente sem Vítima;541,5;BR-040/MG;Sul;Colisão traseira;1;2;0;0;0;0;1
12/09/2016;07:59:00;121;Acidente sem Vítima;587,1;BR-040/MG;Sul;Queda de Carga;1;1;0;0;0;0;1
13/09/2016;17:47:00;291;Acidente sem Vítima;520,2;BR-040/MG;Norte;Colisão traseira;1;2;0;0;0;0;1
13/09/2016;01:21:00;12;Acidente sem Vítima;439,3;BR-040/MG;Sul;Atropelamento de animal;1;1;0;0;0;0;1
14/09/2016;19:43:00;371;Acidente sem Vítima;682,375;BR-040/MG;Norte;Abalroamento longitudinal;1;3;0;0;0;0;1
14/09/2016;11:27:00;209;Acidente com Morte;546;BR-040/MG;Norte;Choque com objeto fixo;1;0;0;0;0;1;3
15/09/2016;22:37:00;463;Acidente sem Vítima;714,1;BR-040/MG;Norte;Abalroamento longitudinal;1;3;0;0;0;0;1
15/09/2016;22:25:00;457;Acidente sem Vítima;586,2;BR-040/MG;Norte;Colisão traseira;2;2;0;0;0;0;1
15/09/2016;19:45:00;409;Acidente sem Vítima;706,12;BR-040/MG;Sul;Abalroamento longitudinal;2;2;0;0;0;0;1
15/09/2016;18:00:00;372;Acidente sem Vítima;611,3;BR-040/MG;Norte;Abalroamento longitudinal;1;3;0;0;0;0;1
15/09/2016;14:41:00;291;Acidente sem Vítima;516,43;BR-040/MG;Norte;Abalroamento longitudinal;1;2;0;0;0;0;1
15/09/2016;13:15:00;254;Acidente sem Vítima;487,3;BR-040/MG;Sul;Abalroamento longitudinal;1;2;0;0;0;0;1
15/09/2016;09:43:00;181;Acidente sem Vítima;610,144;BR-040/MG;Norte;Abalroamento longitudinal;1;2;0;0;0;0;1
15/09/2016;07:08:00;60;Acidente sem Vítima;487;BR-040/MG;Norte;Colisão traseira;1;2;0;0;0;0;1
16/09/2016;21:00:00;440;Acidente com Vítima;624,04;BR-040/MG;Sul;Colisão traseira;1;2;0;1;0;0;2
16/09/2016;12:19:00;214;Acidente sem Vítima;611,8;BR-040/MG;Sul;Choque em defensa;1;2;0;0;0;0;1
16/09/2016;11:16:00;199;Acidente sem Vítima;7,6;BR-040/DF;Norte;Choque com objeto fixo;1;1;0;0;0;0;1
16/09/2016;09:31:00;172;Acidente com Vítima;536,6;BR-040/MG;Sul;Colisão traseira;1;1;1;0;0;0;1
16/09/2016;04:39:00;44;Acidente sem Vítima;120,3;BR-040/GO;Norte;Choque com objeto fixo;1;1;0;0;0;0;1
16/09/2016;01:28:00;17;Acidente sem Vítima;579,5;BR-040/MG;Norte;Choque em defensa;1;1;0;0;0;0;1
16/09/2016;00:59:00;12;Acidente sem Vítima;728,12;BR-040/MG;Norte;Colisão traseira;2;3;0;0;0;0;1
19/09/2016;18:31:00;392;Acidente sem Vítima;628,72;BR-040/MG;Sul;Abalroamento longitudinal;1;3;0;0;0;0;1
19/09/2016;10:13:00;207;Acidente sem Vítima;596,4;BR-040/MG;Sul;Colisão traseira;1;2;0;0;0;0;1
20/09/2016;20:45:00;388;Acidente com Vítima;118,12;BR-040/MG;Norte;Abalroamento transversal;1;1;0;0;1;0;2
21/09/2016;12:28:00;211;Acidente com Vítima;506,15;BR-040/MG;Norte;Colisão traseira;1;1;0;1;0;0;2
21/09/2016;08:58:00;153;Acidente com Vítima;364,1;BR-040/MG;Sul;Abalroamento longitudinal;1;2;1;0;0;0;1
22/09/2016;18:30:00;320;Acidente com Morte;652,64;BR-040/MG;Norte;Colisão traseira;2;2;0;0;0;1;3
22/09/2016;18:06:00;315;Acidente sem Vítima;410,8;BR-040/MG;Norte;Abalroamento longitudinal;1;2;0;0;0;0;1
22/09/2016;11:45:00;206;Acidente com Vítima;5,037;BR-040/GO;Sul;Abalroamento transversal;1;1;0;1;0;0;2
22/09/2016;10:40:00;183;Acidente sem Vítima;531,5;BR-040/MG;Sul;Colisão traseira;1;2;0;0;0;0;1
22/09/2016;06:04:00;28;Acidente com Vítima;446,4;BR-040/MG;Norte;Choque em defensa;1;0;0;0;1;0;2
23/09/2016;19:14:00;376;Acidente sem Vítima;71,023;BR-040/GO;Sul;Choque com objeto fixo;1;2;0;0;0;0;1
23/09/2016;14:15:00;266;Acidente sem Vítima;49,161;BR-040/MG;Norte;Colisão traseira;1;3;0;0;0;0;1
23/09/2016;11:16:00;203;Acidente com Vítima;1,7;BR-040/GO;Sul;Colisão traseira;1;1;1;0;0;0;1
23/09/2016;06:54:00;61;Acidente sem Vítima;530,037;BR-040/MG;Sul;Abalroamento transversal;1;2;0;0;0;0;1
24/09/2016;20:37:00;332;Acidente sem Vítima;449,67;BR-040/MG;Norte;Outros;1;2;0;0;0;0;1
24/09/2016;12:12:00;162;Acidente sem Vítima;492,1;BR-040/MG;Norte;Atropelamento de animal;1;1;0;0;0;0;1
24/09/2016;09:31:00;110;Acidente com Vítima;275,7;BR-040/MG;Sul;Abalroamento longitudinal;1;2;0;0;0;0;1
25/09/2016;14:38:00;102;Acidente sem Vítima;495,186;BR-040/MG;Norte;Colisão traseira;2;2;0;0;0;0;1
26/09/2016;22:10:00;388;Acidente com Vítima;464,972;BR-040/MG;Norte;Capotamento;1;2;1;2;0;0;2
26/09/2016;10:56:00;197;Acidente sem Vítima;643,1;BR-040/MG;Norte;Colisão traseira;1;2;0;0;0;0;1
26/09/2016;10:00:00;181;Acidente sem Vítima;91;BR-040/MG;Sul;Colisão traseira;2;2;0;0;0;0;1
26/09/2016;07:48:00;92;Acidente sem Vítima;91;BR-040/GO;Norte;Abalroamento longitudinal;2;2;0;0;0;0;1
26/09/2016;04:52:00;17;Acidente sem Vítima;521,5;BR-040/MG;Sul;Colisão traseira;1;2;0;0;0;0;1
27/09/2016;15:22:00;309;Acidente sem Vítima;664,1;BR-040/MG;Norte;Choque com objeto fixo;1;1;0;0;0;0;1
27/09/2016;06:21:00;43;Acidente com Vítima;508,145;BR-040/MG;Sul;Colisão traseira;1;2;3;0;0;0;1
27/09/2016;04:07:00;30;Acidente sem Vítima;500,3;BR-040/MG;Norte;Atropelamento de animal;1;1;0;0;0;0;1
28/09/2016;21:29:00;369;Acidente sem Vítima;18,4;BR-040/GO;Norte;Colisão traseira;1;9;0;0;0;0;1
28/09/2016;17:15:00;283;Acidente sem Vítima;520,9;BR-040/MG;Norte;Outros;1;2;0;0;0;0;1
28/09/2016;15:21:00;262;Acidente sem Vítima;571,1;BR-040/MG;Sul;Queda de Carga;1;1;0;0;0;0;1
29/09/2016;08:05:00;113;Acidente sem Vítima;333,15;BR-040/MG;Norte;Abalroamento longitudinal;1;3;0;0;0;0;1
30/09/2016;16:51:00;340;Acidente sem Vítima;767,631;BR-040/MG;Norte;Abalroamento longitudinal;1;2;0;0;0;0;1
30/09/2016;13:54:00;275;Acidente sem Vítima;643;BR-040/MG;Norte;Choque com objeto fixo;1;1;0;0;0;0;1
30/09/2016;11:25:00;228;Acidente sem Vítima;43;BR-040/GO;Norte;Abalroamento longitudinal;1;2;0;0;0;0;1
30/09/2016;09:15:00;174;Acidente sem Vítima;537,8;BR-040/MG;Norte;Colisão traseira;1;6;0;0;0;0;1
01/10/2016;18:25:00;279;Acidente com Vítima;527,7;BR-040/MG;Sul;Choque em veículo parado na pista;1;1;0;1;0;0;2
01/10/2016;14:13:00;188;Acidente com Vítima;508,5;BR-040/MG;Norte;Choque em veículo parado na pista;1;2;1;0;0;0;1
01/10/2016;03:53:00;36;Acidente sem Vítima;119,3;BR-040/GO;Sul;Choque com objeto fixo;1;2;0;0;0;0;1
02/10/2016;20:05:00;237;Acidente com Vítima;69,6;BR-040/GO;Norte;Choque com objeto fixo;1;1;1;0;0;0;1
02/10/2016;02:35:00;24;Acidente sem Vítima;503,868;BR-040/MG;Sul;Choque em defensa;1;1;0;0;0;0;1
03/10/2016;23:53:00;367;Acidente com Vítima;462,93;BR-040/MG;Norte;Colisão traseira;2;1;1;0;0;0;1
03/10/2016;16:00:00;228;Acidente sem Vítima;539,5;BR-040/MG;Norte;Queda de Carga;1;1;0;0;0;0;1
03/10/2016;09:47:00;135;Acidente sem Vítima;532,44;BR-040/MG;Sul;Colisão traseira;1;6;0;0;0;0;1
03/10/2016;08:21:00;106;Acidente sem Vítima;537,3;BR-040/MG;Norte;Abalroamento longitudinal;1;2;0;0;0;0;1
04/10/2016;19:17:00;365;Acidente com Vítima;566,6;BR-040/MG;Sul;Queda de Carga;1;0;1;0;0;0;1
04/10/2016;19:14:00;364;Acidente sem Vítima;463,2;BR-040/MG;Norte;Queda de Carga;2;2;0;0;0;0;1
04/10/2016;16:53:00;304;Acidente sem Vítima;577;BR-040/MG;Norte;Choque com objeto fixo;1;1;0;0;0;0;1
04/10/2016;15:02:00;272;Acidente sem Vítima;544,9;BR-040/MG;Sul;Choque em barreira New Jersey;1;1;0;0;0;0;1
04/10/2016;11:48:00;203;Acidente sem Vítima;545;BR-040/MG;Sul;Choque com objeto fixo;1;3;0;0;0;0;1
04/10/2016;08:02:00;92;Acidente sem Vítima;519,162;BR-040/MG;Norte;Queda de Carga;1;2;0;0;0;0;1
05/10/2016;18:55:00;332;Acidente sem Vítima;642,9;BR-040/MG;Sul;Colisão traseira;1;2;0;0;0;0;1
05/10/2016;17:05:00;297;Acidente com Vítima;568,569;BR-040/MG;Norte;Outros;1;1;0;1;0;0;2
05/10/2016;13:16:00;232;Acidente com Vítima;297,759;BR-040/MG;Sul;Colisão traseira;1;2;1;0;0;0;1
06/10/2016;15:00:00;253;Acidente com Vítima;532,15;BR-040/MG;Sul;Outros;1;1;0;1;0;0;2
06/10/2016;10:33:00;189;Acidente sem Vítima;647,78;BR-040/MG;Sul;Choque com objeto fixo;1;2;0;0;0;0;1
06/10/2016;05:55:00;30;Acidente com Vítima;587,8;BR-040/MG;Norte;Queda de Carga;1;0;2;1;0;0;2
07/10/2016;19:47:00;371;Acidente sem Vítima;642,86;BR-040/MG;Norte;Colisão traseira;1;2;0;0;0;0;1
07/10/2016;14:37:00;266;Acidente sem Vítima;501,05;BR-040/MG;Norte;Abalroamento longitudinal;2;2;0;0;0;0;1
08/10/2016;09:03:00;109;Acidente sem Vítima;510,15;BR-040/MG;Norte;Colisão traseira;2;2;0;0;0;0;1
08/10/2016;07:35:00;73;Acidente sem Vítima;720,4;BR-040/MG;Sul;Colisão traseira;1;2;0;0;0;0;1
09/10/2016;11:25:00;117;Acidente sem Vítima;688,5;BR-040/MG;Norte;Queda de Carga;1;1;0;0;0;0;1
10/10/2016;18:00:00;289;Acidente com Vítima;483,1;BR-040/MG;Norte;Colisão traseira;2;5;1;1;0;0;2
10/10/2016;15:15:00;256;Acidente sem Vítima;224,6;BR-040/MG;Norte;Capotamento;1;1;0;0;0;0;1
10/10/2016;13:13:00;219;Acidente sem Vítima;504,1;BR-040/MG;Sul;Abalroamento longitudinal;1;2;0;0;0;0;1
10/10/2016;11:01:00;185;Acidente sem Vítima;524,1;BR-040/MG;Sul;Abalroamento transversal;1;2;0;0;0;0;1
10/10/2016;09:56:00;167;Acidente sem Vítima;525,1;BR-040/MG;Norte;Colisão traseira;2;3;0;0;0;0;1
10/10/2016;05:02:00;20;Acidente com Vítima;458,9;BR-040/MG;Sul;Colisão traseira;1;2;0;1;0;0;2
12/10/2016;11:11:00;117;Acidente sem Vítima;649,001;BR-040/MG;Norte;Abalroamento longitudinal;1;2;0;0;0;0;1
12/10/2016;10:11:00;100;Acidente com Vítima;245,1;BR-040/MG;Sul;Abalroamento longitudinal;2;1;4;1;0;0;2
12/10/2016;09:55:00;92;Acidente sem Vítima;279;BR-040/MG;Sul;Colisão traseira;1;5;0;0;0;0;1
12/10/2016;06:48:00;37;Acidente sem Vítima;548,264;BR-040/MG;Norte;Choque em barreira New Jersey;1;2;0;0;0;0;1
12/10/2016;02:23:00;18;Acidente sem Vítima;0,25;BR-040/GO;Sul;Abalroamento longitudinal;1;2;0;0;0;0;1
13/10/2016;22:36:00;451;Acidente com Morte;434,9;BR-040/MG;Norte;Colisão traseira;2;2;0;2;0;2;3
14/10/2016;09:08:00;141;Acidente sem Vítima;535,8;BR-040/MG;Norte;Abalroamento longitudinal;1;5;0;0;0;0;1
15/10/2016;08:17:00;74;Acidente sem Vítima;771,1;BR-040/MG;Sul;Abalroamento longitudinal;1;2;0;0;0;0;1
16/10/2016;22:56:00;358;Acidente sem Vítima;225,2;BR-040/MG;Norte;Colisão frontal;1;2;0;0;0;0;1
16/10/2016;18:10:00;250;Acidente com Morte;51,3;BR-040/MG;Norte;Abalroamento longitudinal;1;5;0;1;0;1;3
16/10/2016;06:47:00;36;Acidente com Vítima;6,678;BR-040/DF;Norte;Abalroamento longitudinal;1;1;1;0;0;0;1
17/10/2016;19:42:00;382;Acidente sem Vítima;712,95;BR-040/MG;Sul;Abalroamento longitudinal;1;2;0;0;0;0;1
17/10/2016;17:37:00;319;Acidente sem Vítima;603,05;BR-040/MG;Norte;Abalroamento longitudinal;1;4;0;0;0;0;1
17/10/2016;15:25:00;282;Acidente sem Vítima;496,6;BR-040/MG;Norte;Abalroamento longitudinal;1;4;0;0;0;0;1
17/10/2016;12:24:00;224;Acidente sem Vítima;604,413;BR-040/MG;Norte;Queda de Carga;1;1;0;0;0;0;1
17/10/2016;07:23:00;61;Acidente sem Vítima;577,281;BR-040/MG;Sul;Colisão traseira;2;2;0;0;0;0;1
18/10/2016;16:55:00;277;Acidente com Morte;567,045;BR-040/MG;Norte;Colisão frontal;1;1;0;0;0;1;3
18/10/2016;16:52:00;275;Acidente sem Vítima;577,1;BR-040/MG;Norte;Abalroamento longitudinal;1;2;0;0;0;0;1
18/10/2016;10:00:00;155;Acidente com Vítima;538,15;BR-040/MG;Sul;Colisão traseira;1;1;1;0;0;0;1
20/10/2016;18:49:00;338;Acidente sem Vítima;28,4;BR-040/GO;Norte;Abalroamento longitudinal;1;14;0;0;0;0;1
20/10/2016;17:52:00;320;Acidente com Vítima;537,8;BR-040/MG;Sul;Outros;1;2;0;1;0;0;2
20/10/2016;16:13:00;292;Acidente sem Vítima;671;BR-040/MG;Sul;Abalroamento longitudinal;1;5;0;0;0;0;1
20/10/2016;13:30:00;231;Acidente sem Vítima;48,5;BR-040/MG;Norte;Colisão traseira;2;4;0;0;0;0;1
21/10/2016;18:39:00;343;Acidente com Vítima;568,5;BR-040/MG;Norte;Outros;1;4;0;3;2;0;2
21/10/2016;17:58:00;328;Acidente com Vítima;466,15;BR-040/MG;Norte;Colisão traseira;1;35;7;0;0;0;1
21/10/2016;17:31:00;318;Acidente sem Vítima;660,9;BR-040/MG;Sul;Choque com objeto fixo;1;1;0;0;0;0;1
21/10/2016;15:37:00;275;Acidente com Vítima;164,6;BR-040/MG;Norte;Outros;1;0;1;0;0;0;1
21/10/2016;12:02:00;211;Acidente sem Vítima;617;BR-040/MG;Sul;Colisão traseira;2;2;0;0;0;0;1
21/10/2016;05:32:00;32;Acidente com Vítima;611,8;BR-040/MG;Sul;Colisão frontal;1;4;0;3;0;0;2
22/10/2016;15:57:00;265;Acidente sem Vítima;535,37;BR-040/MG;Norte;Colisão traseira;1;2;0;0;0;0;1
23/10/2016;23:02:00;283;Acidente com Morte;764,8;BR-040/MG;Sul;Colisão frontal;2;0;6;2;0;6;3
23/10/2016;18:39:00;208;Acidente sem Vítima;424,835;BR-040/MG;Norte;Colisão traseira;2;2;0;0;0;0;1
23/10/2016;13:51:00;131;Acidente com Vítima;449,9;BR-040/MG;Sul;Abalroamento longitudinal;1;4;1;0;0;0;1
23/10/2016;10:08:00;83;Acidente sem Vítima;495,1;BR-040/MG;Sul;Colisão traseira;1;2;0;0;0;0;1
23/10/2016;03:54:00;27;Acidente sem Vítima;602,6;BR-040/MG;Sul;Colisão traseira;1;2;0;0;0;0;1
23/10/2016;00:04:00;1;Atropelamento com Morte;449,107;BR-040/MG;Norte;Atropelamento de pedestre caminhando;1;1;0;0;0;1;3
24/10/2016;05:26:00;23;Acidente sem Vítima;3,95;BR-040/GO;Norte;Colisão traseira;1;5;0;0;0;0;1
25/10/2016;19:01:00;332;Acidente sem Vítima;596,42;BR-040/MG;Norte;Abalroamento longitudinal;2;2;0;0;0;0;1
26/10/2016;17:59:00;291;Acidente sem Vítima;526,7;BR-040/MG;Sul;Colisão traseira;1;2;0;0;0;0;1
26/10/2016;10:01:00;186;Acidente com Vítima;125,8;BR-040/MG;Sul;Abalroamento transversal;1;1;0;1;0;0;2
26/10/2016;06:44:00;53;Acidente com Vítima;5,92;BR-040/DF;Norte;Abalroamento longitudinal;1;3;0;1;0;0;2
27/10/2016;16:20:00;301;Acidente sem Vítima;726,85;BR-040/MG;Sul;Queda de Carga;1;1;0;0;0;0;1
27/10/2016;08:43:00;174;Acidente sem Vítima;522,1;BR-040/MG;Sul;Abalroamento longitudinal;1;2;0;0;0;0;1
28/10/2016;18:30:00;319;Acidente com Vítima;6,9;BR-040/GO;Sul;Queda de Carga;2;2;0;0;0;0;1
28/10/2016;06:34:00;33;Acidente sem Vítima;91;BR-040/MG;Norte;Abalroamento longitudinal;1;3;0;0;0;0;1
30/10/2016;18:47:00;192;Acidente com Vítima;471,085;BR-040/MG;Sul;Colisão traseira;1;5;0;1;0;0;2
31/10/2016;17:41:00;271;Acidente sem Vítima;519,2;BR-040/MG;Norte;Colisão traseira;1;17;0;0;0;0;1
31/10/2016;16:31:00;254;Acidente sem Vítima;461,1;BR-040/MG;Sul;Queda de Carga;1;1;0;0;0;0;1
31/10/2016;10:58:00;178;Acidente sem Vítima;572,8;BR-040/MG;Sul;Abalroamento longitudinal;3;3;0;0;0;0;1
01/11/2016;18:00:00;297;Acidente sem Vítima;56,85;BR-040/MG;Sul;Abalroamento longitudinal;1;2;0;0;0;0;1
03/11/2016;19:11:00;318;Acidente sem Vítima;621,897;BR-040/MG;Norte;Outros;1;1;0;0;0;0;1
03/11/2016;15:21:00;247;Acidente sem Vítima;757,1;BR-040/MG;Sul;Abalroamento longitudinal;1;2;0;0;0;0;1
03/11/2016;07:56:00;109;Acidente sem Vítima;660,503;BR-040/MG;Norte;Colisão traseira;1;5;0;0;0;0;1
04/11/2016;21:11:00;366;Acidente sem Vítima;747,785;BR-040/MG;Norte;Atropelamento de animal;1;1;0;0;0;0;1
04/11/2016;20:37:00;351;Acidente com Vítima;464,9;BR-040/MG;Sul;Capotamento;1;1;0;3;0;0;2
04/11/2016;18:25:00;300;Acidente sem Vítima;527,1;BR-040/MG;Sul;Colisão traseira;1;2;0;0;0;0;1
04/11/2016;16:09:00;263;Acidente com Vítima;606,8;BR-040/MG;Norte;Abalroamento longitudinal;1;2;0;1;0;0;2
04/11/2016;16:09:00;264;Acidente sem Vítima;515,15;BR-040/MG;Norte;Abalroamento longitudinal;1;3;0;0;0;0;1
04/11/2016;15:42:00;250;Acidente sem Vítima;571,1;BR-040/MG;Norte;Colisão traseira;2;2;0;0;0;0;1
04/11/2016;14:53:00;231;Acidente sem Vítima;548,6;BR-040/MG;Sul;Choque com objeto fixo;1;2;0;0;0;0;1
04/11/2016;06:51:00;59;Acidente sem Vítima;2,1;BR-040/DF;Sul;Colisão traseira;1;2;0;0;0;0;1
04/11/2016;05:43:00;34;Acidente sem Vítima;462,6;BR-040/MG;Sul;Abalroamento longitudinal;1;5;0;0;0;0;1
05/11/2016;15:24:00;199;Acidente sem Vítima;673;BR-040/MG;Sul;Colisão traseira;1;5;0;0;0;0;1
05/11/2016;00:49:00;3;Acidente sem Vítima;554,6;BR-040/MG;Norte;Colisão traseira;1;2;0;0;0;0;1
06/11/2016;23:34:00;262;Acidente sem Vítima;133,85;BR-040/MG;Sul;Atropelamento de animal;1;1;0;0;0;0;1
06/11/2016;14:18:00;127;Acidente sem Vítima;611,5;BR-040/MG;Norte;Abalroamento longitudinal;1;2;0;0;0;0;1
07/11/2016;14:17:00;227;Acidente sem Vítima;523,6;BR-040/MG;Sul;Abalroamento longitudinal;1;2;0;0;0;0;1
07/11/2016;09:04:00;141;Acidente sem Vítima;599,001;BR-040/MG;Sul;Queda de Carga;1;1;0;0;0;0;1
07/11/2016;06:32:00;30;Acidente sem Vítima;464,376;BR-040/MG;Norte;Capotamento;1;1;0;0;0;0;1
07/11/2016;02:23:00;8;Acidente com Vítima;588,977;BR-040/MG;Norte;Queda de Carga;1;1;1;0;0;0;1
08/11/2016;21:21:00;433;Acidente sem Vítima;405,5;BR-040/MG;Norte;Colisão traseira;1;6;0;0;0;0;1
08/11/2016;16:56:00;343;Acidente sem Vítima;509,15;BR-040/MG;Sul;Colisão traseira;1;2;0;0;0;0;1
08/11/2016;16:00:00;323;Acidente com Vítima;606,38;BR-040/MG;Norte;Colisão traseira;1;6;0;2;0;0;2
08/11/2016;15:39:00;316;Acidente com Vítima;44,1;BR-040/MG;Norte;Abalroamento longitudinal;1;1;0;1;0;0;2
08/11/2016;14:23:00;299;Acidente sem Vítima;713,5;BR-040/MG;Norte;Abalroamento longitudinal;1;2;0;0;0;0;1
08/11/2016;10:22:00;229;Atropelamento sem Morte;697,5;BR-040/MG;Norte;Atropelamento de pedestre atravessando;1;1;0;1;0;0;2
08/11/2016;10:21:00;228;Acidente sem Vítima;0,03;BR-040/GO;Sul;Abalroamento longitudinal;1;2;0;0;0;0;1
08/11/2016;08:39:00;194;Acidente sem Vítima;527,15;BR-040/MG;Sul;Colisão traseira;1;2;0;0;0;0;1
08/11/2016;08:30:00;184;Acidente sem Vítima;613,755;BR-040/MG;Sul;Abalroamento transversal;1;29;0;0;0;0;1
08/11/2016;04:16:00;57;Acidente sem Vítima;535,5;BR-040/MG;Norte;Colisão traseira;2;2;0;0;0;0;1
09/11/2016;17:57:00;343;Acidente sem Vítima;614,2;BR-040/MG;Norte;Outros;1;3;0;0;0;0;1
09/11/2016;13:50:00;262;Acidente sem Vítima;651;BR-040/MG;Sul;Queda de Carga;1;1;0;0;0;0;1
10/11/2016;19:50:00;393;Acidente sem Vítima;74,4;BR-040/GO;Sul;Abalroamento longitudinal;1;2;0;0;0;0;1
10/11/2016;18:48:00;374;Acidente sem Vítima;700,053;BR-040/MG;Sul;Colisão traseira;1;3;0;0;0;0;1
10/11/2016;17:59:00;362;Acidente sem Vítima;608,2;BR-040/MG;Sul;Colisão traseira;1;9;0;0;0;0;1
10/11/2016;12:56:00;258;Acidente sem Vítima;749,6;BR-040/MG;Norte;Queda de Carga;1;1;0;0;0;0;1
10/11/2016;12:12:00;249;Acidente com Vítima;461,2;BR-040/MG;Norte;Abalroamento transversal;1;3;1;0;0;0;1
10/11/2016;08:28:00;144;Acidente sem Vítima;245,6;BR-040/MG;Sul;Choque em veículo parado na pista;2;2;0;0;0;0;1
10/11/2016;07:00:00;85;Acidente sem Vítima;508,8;BR-040/MG;Norte;Outros;1;1;0;0;0;0;1
10/11/2016;06:05:00;54;Acidente com Vítima;469,7;BR-040/MG;Norte;Queda de Carga;1;1;0;1;0;0;2
10/11/2016;05:44:00;49;Acidente sem Vítima;607,4;BR-040/MG;Norte;Colisão traseira;1;3;0;0;0;0;1
10/11/2016;04:43:00;45;Acidente sem Vítima;696;BR-040/MG;Norte;Colisão traseira;1;2;0;0;0;0;1
11/11/2016;15:16:00;266;Acidente sem Vítima;594,5;BR-040/MG;Sul;Colisão traseira;1;4;0;0;0;0;1
11/11/2016;07:47:00;92;Acidente com Morte;4,285;BR-040/DF;Norte;Abalroamento longitudinal;1;2;0;0;1;1;3
12/11/2016;17:54:00;311;Acidente sem Vítima;469,1;BR-040/MG;Sul;Queda de Carga;1;1;0;0;0;0;1
12/11/2016;15:52:00;275;Acidente sem Vítima;464,3;BR-040/MG;Sul;Queda de Carga;1;1;0;0;0;0;1
12/11/2016;15:30:00;272;Acidente sem Vítima;491,2;BR-040/MG;Sul;Choque com objeto fixo;1;1;0;0;0;0;1
12/11/2016;14:23:00;255;Acidente sem Vítima;563,1;BR-040/MG;Sul;Colisão traseira;1;2;0;0;0;0;1
12/11/2016;13:02:00;220;Acidente sem Vítima;526,1;BR-040/MG;Norte;Colisão traseira;2;2;0;0;0;0;1
13/11/2016;21:21:00;286;Acidente sem Vítima;532,2;BR-040/MG;Norte;Colisão traseira;1;3;0;0;0;0;1
14/11/2016;19:07:00;309;Acidente sem Vítima;653,5;BR-040/MG;Norte;Choque com objeto fixo;1;1;0;0;0;0;1
14/11/2016;06:39:00;53;Acidente sem Vítima;508,001;BR-040/MG;Norte;Choque com objeto fixo;1;1;0;0;0;0;1
15/11/2016;17:38:00;231;Acidente com Vítima;7,8;BR-040/GO;Norte;Colisão traseira;1;29;2;1;0;0;2
15/11/2016;11:24:00;114;Acidente com Vítima;272,8;BR-040/MG;Sul;Colisão traseira;1;3;0;1;0;0;2
15/11/2016;08:21:00;53;Acidente com Vítima;524,99;BR-040/MG;Norte;Choque com objeto fixo;1;0;2;0;0;0;1
16/11/2016;10:51:00;193;Acidente sem Vítima;10,255;BR-040/GO;Norte;Colisão traseira;1;2;0;0;0;0;1
16/11/2016;08:36:00;141;Acidente sem Vítima;573,001;BR-040/MG;Sul;Abalroamento longitudinal;1;2;0;0;0;0;1
16/11/2016;07:18:00;89;Acidente sem Vítima;522,3;BR-040/MG;Sul;Colisão traseira;1;15;0;0;0;0;1
16/11/2016;01:35:00;16;Acidente sem Vítima;446;BR-040/MG;Sul;Choque com objeto fixo;1;3;0;0;0;0;1
17/11/2016;22:52:00;443;Acidente sem Vítima;247,7;BR-040/MG;Sul;Colisão traseira;2;2;0;0;0;0;1
17/11/2016;21:05:00;428;Acidente sem Vítima;540,7;BR-040/MG;Sul;Colisão traseira;1;2;0;0;0;0;1
17/11/2016;16:02:00;320;Acidente com Morte;693,8;BR-040/MG;Norte;Colisão traseira;1;1;2;2;0;1;3
17/11/2016;08:54:00;148;Acidente sem Vítima;455,5;BR-040/MG;Norte;Capotamento;1;1;0;0;0;0;1
17/11/2016;07:34:00;105;Acidente sem Vítima;465,8;BR-040/MG;Norte;Choque com objeto fixo;1;1;0;0;0;0;1
18/11/2016;06:38:00;47;Atropelamento sem Morte;504;BR-040/MG;Norte;Atropelamento de pedestre atravessando;1;0;1;0;0;0;1
19/11/2016;07:54:00;74;Acidente sem Vítima;665,24;BR-040/MG;Norte;Queda de Carga;1;1;0;0;0;0;1
19/11/2016;01:46:00;11;Acidente com Vítima;11,2;BR-040/GO;Norte;Colisão traseira;1;1;1;0;0;0;1
21/11/2016;16:45:00;301;Acidente com Vítima;4,6;BR-040/GO;Sul;Capotamento;1;3;3;0;0;0;1
21/11/2016;08:50:00;160;Acidente sem Vítima;681,5;BR-040/MG;Norte;Choque com objeto fixo;1;1;0;0;0;0;1