data;horario;n_da_ocorrencia;tipo_de_ocorrencia;km;trecho;sentido;tipo_de_acidente;caminhao;ilesos;levemente_feridos;moderadamente_feridos;gravemente_feridos;mortos;3
22/11/2016;17:10:00;317;Acidente sem Vítima;63,1;BR-040/GO;Norte;Abalroamento longitudinal;1;6;0;0;0;0;1
22/11/2016;16:10:00;292;Acidente sem Vítima;754,7;BR-040/MG;Norte;Queda de Carga;1;2;0;0;0;0;1
22/11/2016;14:30:00;255;Acidente com Vítima;516,1;BR-040/MG;Norte;Abalroamento longitudinal;1;3;2;1;0;0;2
22/11/2016;09:17:00;169;Acidente sem Vítima;628,5;BR-040/MG;Norte;Abalroamento longitudinal;2;3;0;0;0;0;1
23/11/2016;12:51:00;234;Acidente com Vítima;537,95;BR-040/MG;Norte;Abalroamento transversal;2;1;1;0;0;0;1
23/11/2016;03:52:00;73;Acidente sem Vítima;554,15;BR-040/MG;Sul;Queda de Carga;1;1;0;0;0;0;1
23/11/2016;01:23:00;21;Acidente sem Vítima;712,9;BR-040/MG;Sul;Outros;2;2;0;0;0;0;1
24/11/2016;22:50:00;402;Acidente sem Vítima;505,811;BR-040/MG;Norte;Colisão traseira;1;2;0;0;0;0;1
24/11/2016;18:54:00;345;Acidente sem Vítima;544,2;BR-040/MG;Norte;Colisão traseira;1;5;0;0;0;0;1
24/11/2016;12:53:00;251;Acidente sem Vítima;597,6;BR-040/MG;Norte;Abalroamento longitudinal;2;2;0;0;0;0;1
25/11/2016;15:15:00;298;Acidente sem Vítima;629;BR-040/MG;Norte;Abalroamento longitudinal;1;6;0;0;0;0;1
25/11/2016;07:43:00;144;Acidente sem Vítima;621,8;BR-040/MG;Sul;Colisão traseira;1;4;0;0;0;0;1
25/11/2016;07:33:00;138;Acidente sem Vítima;535;BR-040/MG;Sul;Colisão traseira;1;2;0;0;0;0;1
27/11/2016;08:53:00;61;Acidente sem Vítima;529,1;BR-040/MG;Sul;Colisão traseira;1;2;0;0;0;0;1
27/11/2016;06:08:00;41;Acidente sem Vítima;529,1;BR-040/MG;Sul;Colisão traseira;1;2;0;0;0;0;1
28/11/2016;22:04:00;365;Acidente sem Vítima;352,5;BR-040/MG;Norte;Abalroamento longitudinal;1;2;0;0;0;0;1
28/11/2016;20:30:00;339;Acidente sem Vítima;455,343;BR-040/MG;Norte;Outros;1;1;0;0;0;0;1
28/11/2016;17:53:00;279;Acidente sem Vítima;589,34;BR-040/MG;Sul;Colisão traseira;2;2;0;0;0;0;1
28/11/2016;14:56:00;244;Acidente sem Vítima;531,1;BR-040/MG;Sul;Colisão traseira;1;2;0;0;0;0;1
28/11/2016;08:08:00;134;Acidente sem Vítima;522,1;BR-040/MG;Sul;Colisão traseira;1;4;0;0;0;0;1
28/11/2016;07:29:00;112;Acidente sem Vítima;602,65;BR-040/MG;Sul;Abalroamento longitudinal;1;2;0;0;0;0;1
29/11/2016;07:17:00;126;Acidente com Vítima;3;BR-040/DF;Norte;Colisão traseira;1;103;1;0;0;0;1
29/11/2016;06:48:00;104;Acidente sem Vítima;449,9;BR-040/MG;Norte;Queda de Carga;1;1;0;0;0;0;1
29/11/2016;05:45:00;88;Acidente com Vítima;747,8;BR-040/MG;Sul;Queda de Carga;1;1;0;1;0;0;2
30/11/2016;15:39:00;293;Acidente com Vítima;705;BR-040/MG;Norte;Queda de Carga;1;0;0;1;0;0;2
30/11/2016;13:59:00;270;Acidente com Vítima;196,6;BR-040/MG;Norte;Choque com objeto fixo;1;0;0;1;0;0;2
30/11/2016;08:53:00;167;Acidente com Vítima;526,1;BR-040/MG;Norte;Abalroamento longitudinal;1;1;1;0;0;0;1
01/12/2016;07:20:00;103;Acidente sem Vítima;524,2;BR-040/MG;Sul;Colisão traseira;1;3;0;0;0;0;1
02/12/2016;17:10:00;246;Acidente com Morte;607,1;BR-040/MG;Sul;Colisão traseira;1;1;0;0;0;1;3
02/12/2016;09:36:00;144;Acidente sem Vítima;624,1;BR-040/MG;Norte;Choque em defensa;1;1;0;0;0;0;1
02/12/2016;07:39:00;116;Acidente com Vítima;0,5;BR-040/GO;Norte;Colisão traseira;1;1;1;0;0;0;1
02/12/2016;06:45:00;98;Acidente sem Vítima;533,8;BR-040/MG;Norte;Abalroamento longitudinal;1;2;0;0;0;0;1
03/12/2016;17:25:00;263;Acidente sem Vítima;533;BR-040/MG;Sul;Abalroamento longitudinal;1;2;0;0;0;0;1
04/12/2016;20:47:00;225;Acidente sem Vítima;564,517;BR-040/MG;Sul;Queda de Carga;1;1;0;0;0;0;1
04/12/2016;13:22:00;107;Acidente sem Vítima;593,3;BR-040/MG;Norte;Abalroamento longitudinal;1;4;0;0;0;0;1
05/12/2016;16:16:00;259;Acidente sem Vítima;536,94;BR-040/MG;Norte;Colisão traseira;2;2;0;0;0;0;1
05/12/2016;15:40:00;244;Acidente sem Vítima;0,062;BR-040/GO;Sul;Colisão traseira;1;2;0;0;0;0;1
05/12/2016;15:11:00;230;Acidente sem Vítima;1,8;BR-040/GO;Sul;Colisão traseira;1;2;0;0;0;0;1
05/12/2016;03:08:00;15;Acidente sem Vítima;464,3;BR-040/MG;Sul;Queda de Carga;1;1;0;0;0;0;1
06/12/2016;22:10:00;371;Acidente sem Vítima;488,175;BR-040/MG;Norte;Choque em defensa;2;2;0;0;0;0;1
06/12/2016;19:12:00;332;Acidente sem Vítima;538,439;BR-040/MG;Norte;Abalroamento longitudinal;2;2;0;0;0;0;1
06/12/2016;08:40:00;162;Acidente sem Vítima;520,1;BR-040/MG;Norte;Colisão traseira;1;3;0;0;0;0;1
07/12/2016;18:26:00;372;Acidente sem Vítima;531,3;BR-040/MG;Sul;Abalroamento longitudinal;1;3;0;0;0;0;1
07/12/2016;17:26:00;348;Acidente sem Vítima;6,95;BR-040/DF;Sul;Colisão traseira;1;2;0;0;0;0;1
07/12/2016;17:07:00;341;Acidente sem Vítima;3,1;BR-040/DF;Sul;Colisão traseira;1;4;0;0;0;0;1
08/12/2016;22:09:00;381;Acidente sem Vítima;328,1;BR-040/MG;Norte;Colisão traseira;2;2;0;0;0;0;1
08/12/2016;20:19:00;352;Acidente sem Vítima;532;BR-040/MG;Sul;Choque com objeto fixo;1;2;0;0;0;0;1
08/12/2016;16:43:00;271;Acidente sem Vítima;133;BR-040/GO;Norte;Colisão traseira;1;2;0;1;0;0;2
08/12/2016;14:33:00;239;Acidente sem Vítima;601,8;BR-040/MG;Norte;Outros;1;1;0;0;0;0;1
08/12/2016;14:14:00;231;Acidente sem Vítima;748,5;BR-040/MG;Norte;Queda de Carga;1;1;0;0;0;0;1
09/12/2016;18:53:00;366;Acidente sem Vítima;628,6;BR-040/MG;Norte;Abalroamento longitudinal;1;2;0;0;0;0;1
09/12/2016;14:19:00;282;Acidente sem Vítima;497,2;BR-040/MG;Sul;Colisão traseira;1;5;0;0;0;0;1
10/12/2016;03:46:00;70;Acidente sem Vítima;470,1;BR-040/MG;Sul;Outros;1;1;0;0;0;0;1
11/12/2016;14:19:00;155;Acidente com Vítima;0;BR-040/MG;Sul;Capotamento;1;0;0;1;1;0;2
12/12/2016;15:57:00;325;Acidente com Vítima;116,5;BR-040/MG;Sul;Choque com objeto fixo;1;0;0;1;0;0;2
12/12/2016;15:25:00;318;Acidente sem Vítima;739,9;BR-040/MG;Sul;Outros;1;2;0;0;0;0;1
13/12/2016;12:16:00;242;Acidente com Vítima;52,1;BR-040/GO;Norte;Colisão traseira;2;14;3;0;0;0;1
13/12/2016;08:31:00;175;Acidente com Vítima;606,87;BR-040/MG;Sul;Queda de Carga;1;0;0;1;0;0;2
13/12/2016;08:27:00;174;Acidente sem Vítima;454,9;BR-040/MG;Sul;Choque com objeto fixo;1;1;0;0;0;0;1
13/12/2016;07:00:00;132;Acidente com Vítima;1,8;BR-040/GO;Norte;Colisão traseira;1;3;0;1;0;0;2
13/12/2016;06:53:00;129;Acidente sem Vítima;514,1;BR-040/MG;Sul;Colisão traseira;1;3;0;0;0;0;1
13/12/2016;04:09:00;102;Acidente sem Vítima;31,01;BR-040/GO;Norte;Queda de Carga;1;1;0;0;0;0;1
14/12/2016;18:59:00;430;Acidente com Vítima;762,01;BR-040/MG;Norte;Colisão traseira;1;2;6;0;0;0;1
14/12/2016;17:43:00;399;Atropelamento sem Morte;93,5;BR-040/GO;Sul;Atropelamento de ciclista;1;2;0;0;1;0;2
14/12/2016;14:13:00;321;Acidente sem Vítima;600,1;BR-040/MG;Sul;Abalroamento longitudinal;2;2;0;0;0;0;1
14/12/2016;10:04:00;246;Acidente com Vítima;0;BR-040/DF;Sul;Colisão traseira;2;2;1;1;1;0;2
15/12/2016;22:08:00;448;Acidente com Vítima;5,104;BR-040/GO;Sul;Abalroamento longitudinal;1;1;0;1;0;0;2
15/12/2016;21:04:00;432;Acidente sem Vítima;606,55;BR-040/MG;Sul;Colisão traseira;1;2;0;0;0;0;1
15/12/2016;16:53:00;334;Acidente sem Vítima;595,15;BR-040/MG;Norte;Colisão traseira;1;2;0;0;0;0;1
15/12/2016;15:36:00;310;Acidente com Vítima;609,919;BR-040/MG;Norte;Abalroamento longitudinal;2;2;1;0;0;0;1
15/12/2016;12:55:00;256;Acidente sem Vítima;456,512;BR-040/MG;Norte;Choque com objeto fixo;1;1;0;0;0;0;1
15/12/2016;12:38:00;251;Acidente sem Vítima;450,482;BR-040/MG;Sul;Outros;1;1;0;0;0;0;1
16/12/2016;19:03:00;447;Acidente sem Vítima;662,1;BR-040/MG;Norte;Colisão traseira;1;2;0;0;0;0;1
16/12/2016;18:02:00;420;Acidente sem Vítima;187,641;BR-040/MG;Norte;Abalroamento longitudinal;1;3;0;0;0;0;1
16/12/2016;17:12:00;401;Acidente sem Vítima;627,5;BR-040/MG;Sul;Colisão traseira;2;3;0;0;0;0;1
16/12/2016;16:22:00;377;Acidente sem Vítima;519;BR-040/MG;Sul;Outros;1;3;0;0;0;0;1
16/12/2016;15:22:00;358;Acidente com Vítima;0;Fora_Rota;Norte;Colisão traseira;1;6;0;0;0;0;1
16/12/2016;12:11:00;283;Acidente sem Vítima;719;BR-040/MG;Sul;Queda de Carga;1;1;0;0;0;0;1
16/12/2016;07:59:00;156;Acidente sem Vítima;4,7;BR-040/GO;Norte;Atropelamento de animal;1;2;0;0;0;0;1
16/12/2016;07:54:00;149;Acidente sem Vítima;549,8;BR-040/MG;Norte;Colisão traseira;2;15;0;0;0;0;1
17/12/2016;18:38:00;279;Acidente com Vítima;429,564;BR-040/MG;Sul;Colisão traseira;1;2;0;1;0;0;2
17/12/2016;09:11:00;133;Atropelamento sem Morte;5,1;BR-040/GO;Sul;Atropelamento de ciclista;1;12;1;0;0;0;1
17/12/2016;07:07:00;73;Acidente sem Vítima;515,3;BR-040/MG;Sul;Abalroamento longitudinal;1;2;0;0;0;0;1
18/12/2016;17:28:00;186;Atropelamento com Morte;126,2;BR-040/MG;Sul;Atropelamento de pedestre atravessando;1;1;0;0;0;1;3
18/12/2016;07:01:00;48;Acidente sem Vítima;552,2;BR-040/MG;Norte;Abalroamento longitudinal;1;2;0;0;0;0;1
19/12/2016;21:33:00;383;Acidente sem Vítima;771,3;BR-040/MG;Sul;Abalroamento longitudinal;2;2;0;0;0;0;1
19/12/2016;21:29:00;381;Acidente com Vítima;638,87;BR-040/MG;Sul;Abalroamento longitudinal;1;1;0;1;0;0;2
19/12/2016;14:54:00;261;Acidente sem Vítima;514,5;BR-040/MG;Sul;Abalroamento longitudinal;2;2;0;0;0;0;1
19/12/2016;12:23:00;212;Acidente com Vítima;468,3;BR-040/MG;Sul;Outros;1;1;0;0;3;0;2
19/12/2016;07:48:00;114;Acidente com Vítima;512,17;BR-040/MG;Sul;Colisão traseira;1;1;1;0;0;0;1
19/12/2016;06:42:00;94;Acidente com Vítima;748,745;BR-040/MG;Norte;Queda de Carga;1;0;1;0;0;0;1
20/12/2016;23:46:00;406;Acidente sem Vítima;208,2;BR-040/MG;Norte;Abalroamento longitudinal;2;2;0;0;0;0;1
20/12/2016;11:06:00;215;Acidente sem Vítima;664;BR-040/MG;Norte;Choque com objeto fixo;1;1;0;0;0;0;1
21/12/2016;15:27:00;304;Acidente com Vítima;536,2;BR-040/MG;Norte;Colisão traseira;1;2;0;0;1;0;2
21/12/2016;13:47:00;285;Acidente sem Vítima;697,719;BR-040/MG;Norte;Abalroamento longitudinal;1;2;0;0;0;0;1
21/12/2016;09:27:00;197;Acidente sem Vítima;522;BR-040/MG;Sul;Colisão traseira;1;2;0;0;0;0;1
22/12/2016;22:18:00;448;Acidente sem Vítima;528,7;BR-040/MG;Norte;Abalroamento transversal;1;2;0;0;0;0;1
22/12/2016;18:22:00;362;Acidente sem Vítima;0,155;BR-040/MG;Sul;Outros;1;2;0;0;0;0;1
22/12/2016;16:20:00;325;Acidente com Morte;559,35;BR-040/MG;Sul;Colisão traseira;1;1;0;0;0;1;3
22/12/2016;15:40:00;313;Acidente sem Vítima;298,3;BR-040/MG;Sul;Colisão traseira;1;3;0;0;0;0;1
22/12/2016;12:32:00;249;Acidente sem Vítima;522,95;BR-040/MG;Sul;Abalroamento longitudinal;1;7;0;0;0;0;1
22/12/2016;09:37:00;177;Acidente sem Vítima;514,1;BR-040/MG;Sul;Colisão traseira;1;2;0;0;0;0;1
22/12/2016;02:48:00;73;Acidente sem Vítima;562,79;BR-040/MG;Sul;Colisão traseira;2;3;0;0;0;0;1
23/12/2016;19:51:00;379;Acidente sem Vítima;523,5;BR-040/MG;Norte;Colisão traseira;1;2;0;0;0;0;1
23/12/2016;14:54:00;242;Acidente com Vítima;490,001;BR-040/MG;Sul;Colisão traseira;1;9;2;0;0;0;1
23/12/2016;11:37:00;170;Acidente sem Vítima;2,8;BR-040/GO;Sul;Abalroamento longitudinal;1;2;0;0;0;0;1
23/12/2016;06:05:00;64;Acidente com Vítima;74,36;BR-040/GO;Sul;Choque com objeto fixo;1;0;1;0;0;0;1
23/12/2016;04:56:00;56;Acidente sem Vítima;565,9;BR-040/MG;Sul;Colisão frontal;2;2;0;0;0;0;1
24/12/2016;10:05:00;212;Acidente sem Vítima;535;BR-040/MG;Norte;Colisão traseira;1;2;0;0;0;0;1
26/12/2016;16:52:00;245;Acidente com Vítima;659,3;BR-040/MG;Sul;Choque com objeto fixo;1;0;1;0;0;0;1
26/12/2016;13:56:00;176;Acidente sem Vítima;43,9;BR-040/MG;Norte;Abalroamento longitudinal;1;2;0;0;0;0;1
27/12/2016;21:41:00;381;Acidente com Vítima;490,113;BR-040/MG;Sul;Colisão traseira;1;1;0;0;1;0;2
27/12/2016;16:46:00;308;Acidente sem Vítima;516,011;BR-040/MG;Sul;Abalroamento longitudinal;1;2;0;0;0;0;1
27/12/2016;16:21:00;294;Acidente sem Vítima;686,14;BR-040/MG;Sul;Colisão traseira;1;3;0;0;0;0;1
27/12/2016;16:06:00;287;Acidente sem Vítima;716,5;BR-040/MG;Norte;Choque em defensa;1;1;0;0;0;0;1
27/12/2016;15:38:00;275;Acidente sem Vítima;545;BR-040/MG;Sul;Colisão traseira;1;5;0;0;0;0;1
27/12/2016;08:16:00;126;Acidente sem Vítima;598;BR-040/MG;Sul;Abalroamento longitudinal;1;3;0;0;0;0;1
27/12/2016;08:13:00;123;Acidente sem Vítima;614,5;BR-040/MG;Sul;Colisão traseira;1;2;0;0;0;0;1
28/12/2016;21:21:00;403;Acidente com Morte;190,038;BR-040/MG;Sul;Colisão frontal;1;2;0;0;0;2;3
28/12/2016;15:51:00;294;Acidente com Vítima;3,3;BR-040/GO;Norte;Colisão traseira;1;1;0;1;0;0;2
29/12/2016;15:14:00;281;Acidente sem Vítima;145,1;BR-040/MG;Sul;Abalroamento longitudinal;1;2;0;0;0;0;1
29/12/2016;10:10:00;186;Acidente sem Vítima;463,915;BR-040/MG;Norte;Colisão traseira;2;2;0;0;0;0;1
30/12/2016;19:28:00;390;Acidente sem Vítima;566,9;BR-040/MG;Norte;Capotamento;1;1;0;0;0;0;1
30/12/2016;17:58:00;352;Acidente sem Vítima;1;BR-040/GO;Norte;Colisão traseira;1;3;0;0;0;0;1
30/12/2016;16:22:00;325;Acidente sem Vítima;668,3;BR-040/MG;Sul;Colisão traseira;2;4;0;0;0;0;1
30/12/2016;12:05:00;238;Acidente com Vítima;741,1;BR-040/MG;Norte;Queda de Carga;1;0;0;1;0;0;2
30/12/2016;08:46:00;164;Acidente sem Vítima;737,1;BR-040/MG;Sul;Colisão traseira;1;2;0;0;0;0;1
30/12/2016;08:18:00;152;Acidente com Vítima;632,1;BR-040/MG;Norte;Abalroamento transversal;1;1;0;1;0;0;2
31/12/2016;07:03:00;42;Acidente com Vítima;523;BR-040/MG;Norte;Colisão traseira;1;2;1;0;0;0;1
02/01/2017;20:09:00;324;Acidente sem Vítima;714,5;BR-040/MG;Norte;Colisão traseira;1;5;0;0;0;0;1
02/01/2017;18:01:00;269;Acidente com Vítima;606,85;BR-040/MG;Sul;Colisão traseira;1;1;2;1;0;0;2
02/01/2017;10:37:00;119;Acidente sem Vítima;1,9;BR-040/GO;Sul;Colisão traseira;1;41;0;0;0;0;1
02/01/2017;07:41:00;53;Acidente com Vítima;632,5;BR-040/MG;Norte;Abalroamento transversal;1;1;0;1;0;0;2
02/01/2017;06:33:00;36;Acidente com Vítima;520,1;BR-040/MG;Sul;Abalroamento longitudinal;1;2;0;2;0;0;2
03/01/2017;23:10:00;469;Acidente sem Vítima;634,796;BR-040/MG;Sul;Queda de Carga;1;1;0;0;0;0;1
03/01/2017;13:24:00;267;Acidente sem Vítima;656,1;BR-040/MG;Norte;Colisão traseira;1;3;0;0;0;0;1
04/01/2017;14:46:00;280;Atropelamento sem Morte;526,5;BR-040/MG;Norte;Atropelamento de pedestre atravessando;1;1;0;0;1;0;2
04/01/2017;07:05:00;105;Acidente com Vítima;746,244;BR-040/MG;Norte;Queda de Carga;1;1;1;0;0;0;1
05/01/2017;19:11:00;359;Acidente sem Vítima;0,4;BR-040/DF;Sul;Abalroamento longitudinal;1;4;0;0;0;0;1
05/01/2017;18:19:00;337;Acidente sem Vítima;119,12;BR-040/MG;Sul;Abalroamento longitudinal;1;12;0;0;0;0;1
05/01/2017;17:27:00;323;Acidente sem Vítima;3;BR-040/GO;Sul;Abalroamento longitudinal;1;3;0;0;0;0;1
05/01/2017;12:19:00;237;Acidente sem Vítima;676,24;BR-040/MG;Sul;Abalroamento longitudinal;1;3;0;0;0;0;1
05/01/2017;05:31:00;114;Acidente sem Vítima;560,59;BR-040/MG;Sul;Queda de Carga;1;1;0;0;0;0;1
05/01/2017;04:59:00;109;Acidente com Vítima;664,96;BR-040/MG;Sul;Queda de Carga;1;0;1;0;0;0;1
06/01/2017;16:21:00;320;Acidente com Vítima;127,7;BR-040/MG;Norte;Colisão traseira;1;2;0;1;0;0;2
06/01/2017;15:13:00;298;Acidente com Vítima;770,1;BR-040/MG;Sul;Abalroamento transversal;1;2;2;0;0;0;1
06/01/2017;14:51:00;288;Acidente sem Vítima;1,5;BR-040/GO;Norte;Abalroamento longitudinal;1;2;0;0;0;0;1
07/01/2017;16:06:00;214;Acidente sem Vítima;545,1;BR-040/MG;Sul;Colisão traseira;1;2;0;0;0;0;1
08/01/2017;20:05:00;280;Acidente sem Vítima;4,398;BR-040/GO;Norte;Abalroamento longitudinal;1;3;0;0;0;0;1
09/01/2017;14:20:00;280;Acidente sem Vítima;528,059;BR-040/MG;Sul;Colisão traseira;1;3;0;0;0;0;1
10/01/2017;20:01:00;336;Acidente com Vítima;614,16;BR-040/MG;Norte;Abalroamento transversal;1;2;0;1;0;0;2
10/01/2017;14:48:00;263;Acidente sem Vítima;455,2;BR-040/MG;Norte;Choque em defensa;1;1;0;0;0;0;1
10/01/2017;14:48:00;265;Acidente com Morte;455,5;BR-040/MG;Norte;Queda de Carga;1;0;0;0;0;1;3
10/01/2017;09:07:00;158;Acidente sem Vítima;600,1;BR-040/MG;Sul;Colisão traseira;1;3;0;0;0;0;1
11/01/2017;18:49:00;363;Acidente com Vítima;758,5;BR-040/MG;Sul;Colisão traseira;1;6;1;0;0;0;1
11/01/2017;17:35:00;334;Acidente sem Vítima;758,1;BR-040/MG;Sul;Colisão frontal;1;3;0;0;0;0;1
11/01/2017;15:06:00;286;Acidente sem Vítima;534,3;BR-040/MG;Norte;Colisão traseira;1;6;0;0;0;0;1
11/01/2017;13:26:00;252;Acidente com Morte;507,7;BR-040/MG;Sul;Colisão traseira;1;1;0;0;0;1;3
11/01/2017;06:44:00;110;Acidente sem Vítima;28,9;BR-040/GO;Norte;Queda de Carga;1;2;0;0;0;0;1
12/01/2017;22:31:00;428;Acidente com Vítima;548,555;BR-040/MG;Norte;Colisão traseira;1;1;1;0;0;0;1
12/01/2017;12:49:00;249;Acidente sem Vítima;443,4;BR-040/MG;Norte;Capotamento;1;1;0;0;0;0;1
12/01/2017;11:49:00;222;Acidente sem Vítima;596,95;BR-040/MG;Sul;Queda de Carga;1;2;0;0;0;0;1
12/01/2017;06:37:00;122;Acidente com Vítima;17,8;BR-040/GO;Norte;Colisão traseira;1;3;1;0;0;0;1
13/01/2017;20:16:00;377;Acidente sem Vítima;650,5;BR-040/MG;Sul;Atropelamento de animal;1;1;0;0;0;0;1
13/01/2017;11:47:00;221;Acidente sem Vítima;559;BR-040/MG;Sul;Outros;1;2;0;0;0;0;1
13/01/2017;08:10:00;156;Acidente sem Vítima;518,1;BR-040/MG;Sul;Abalroamento longitudinal;1;2;0;0;0;0;1
13/01/2017;08:06:00;153;Acidente sem Vítima;387;BR-040/MG;Sul;Colisão traseira;1;2;0;0;0;0;1
15/01/2017;17:38:00;211;Acidente com Vítima;134,5;BR-040/GO;Norte;Colisão traseira;1;5;0;1;0;0;2
16/01/2017;14:18:00;275;Acidente sem Vítima;51,503;BR-040/GO;Norte;Colisão traseira;1;2;0;0;0;0;1
16/01/2017;03:48:00;102;Acidente sem Vítima;568,5;BR-040/MG;Sul;Abalroamento longitudinal;1;2;0;0;0;0;1
17/01/2017;18:57:00;344;Acidente sem Vítima;447,3;BR-040/MG;Norte;Queda de Carga;1;1;0;0;0;0;1
17/01/2017;06:26:00;110;Acidente com Vítima;42,6;BR-040/GO;Norte;Colisão frontal;1;3;0;1;0;0;2
18/01/2017;17:28:00;260;Acidente com Vítima;420,297;BR-040/MG;Norte;Queda de Carga;1;0;1;1;0;0;2
18/01/2017;05:53:00;108;Acidente sem Vítima;479,9;BR-040/MG;Sul;Choque com objeto fixo;1;1;0;0;0;0;1
19/01/2017;18:55:00;346;Acidente sem Vítima;591,5;BR-040/MG;Norte;Choque em barreira New Jersey;1;6;0;0;0;0;1
19/01/2017;18:11:00;328;Acidente com Vítima;591,2;BR-040/MG;Norte;Choque em defensa;1;0;0;1;0;0;2
19/01/2017;17:56:00;323;Acidente com Vítima;583,2;BR-040/MG;Norte;Abalroamento longitudinal;1;2;2;0;0;0;1
19/01/2017;16:36:00;303;Acidente com Vítima;668,2;BR-040/MG;Norte;Colisão traseira;1;4;2;0;0;0;1
19/01/2017;12:01:00;230;Acidente com Vítima;413,215;BR-040/MG;Norte;Abalroamento longitudinal;1;1;0;1;0;0;2
19/01/2017;11:58:00;229;Acidente sem Vítima;599;BR-040/MG;Norte;Colisão traseira;1;3;0;0;0;0;1
20/01/2017;09:57:00;181;Acidente sem Vítima;41,6;BR-040/MG;Norte;Outros;1;1;0;0;0;0;1
22/01/2017;15:34:00;148;Acidente sem Vítima;644,15;BR-040/MG;Sul;Abalroamento longitudinal;1;2;0;0;0;0;1
22/01/2017;02:51:00;21;Acidente sem Vítima;700,2;BR-040/MG;Sul;Colisão frontal;1;4;0;0;0;0;1
23/01/2017;23:01:00;359;Acidente com Vítima;538,015;BR-040/MG;Sul;Colisão traseira;1;2;1;0;0;0;1
23/01/2017;17:14:00;270;Acidente sem Vítima;2,255;BR-040/DF;Sul;Colisão traseira;2;3;0;0;0;0;1
23/01/2017;07:21:00;104;Acidente com Vítima;601,01;BR-040/MG;Sul;Colisão frontal;1;3;4;1;0;0;2
24/01/2017;16:30:00;326;Acidente com Vítima;753,028;BR-040/MG;Sul;Choque com objeto fixo;1;0;2;0;0;0;1
24/01/2017;08:02:00;150;Acidente com Vítima;739,5;BR-040/MG;Norte;Queda de Carga;1;2;1;1;0;0;2
25/01/2017;22:45:00;430;Acidente com Vítima;126,195;BR-040/MG;Norte;Colisão traseira;1;1;1;0;0;0;1
25/01/2017;15:46:00;296;Acidente sem Vítima;94,5;BR-040/GO;Norte;Abalroamento transversal;1;8;0;0;0;0;1
25/01/2017;12:19:00;243;Acidente sem Vítima;750,9;BR-040/MG;Norte;Queda de Carga;1;1;0;0;0;0;1
25/01/2017;01:06:00;15;Acidente sem Vítima;436,251;BR-040/MG;Norte;Atropelamento de animal;1;1;0;0;0;0;1
27/01/2017;17:29:00;316;Acidente sem Vítima;714,8;BR-040/MG;Norte;Abalroamento longitudinal;1;2;0;0;0;0;1
27/01/2017;15:54:00;283;Acidente com Vítima;1,6;BR-040/GO;Sul;Abalroamento longitudinal;1;2;1;0;0;0;1
28/01/2017;10:32:00;127;Acidente com Vítima;568,14;BR-040/MG;Norte;Abalroamento longitudinal;1;2;0;1;0;0;2
29/01/2017;17:40:00;212;Acidente sem Vítima;586,5;BR-040/MG;Norte;Colisão traseira;1;4;0;0;0;0;1
30/01/2017;19:48:00;356;Acidente sem Vítima;258,2;BR-040/MG;Sul;Outros;1;2;0;0;0;0;1
30/01/2017;11:10:00;200;Acidente sem Vítima;670,92;BR-040/MG;Sul;Choque com objeto fixo;1;1;0;0;0;0;1
31/01/2017;14:18:00;248;Acidente sem Vítima;563,8;BR-040/MG;Sul;Queda de Carga;1;1;0;0;0;0;1
28/02/2017;20:37:00;322;Acidente com Vítima;15,426;BR-040/GO;Norte;Colisão traseira;1;1;1;0;0;0;1
28/02/2017;05:06:00;51;Acidente sem Vítima;357,824;BR-040/MG;Norte;Abalroamento longitudinal;1;2;0;0;0;0;1
27/02/2017;20:48:00;309;Acidente sem Vítima;449,1;BR-040/MG;Sul;Colisão traseira;1;2;0;0;0;0;1
27/02/2017;16:40:00;236;Acidente sem Vítima;462,6;BR-040/MG;Sul;Choque em defensa;1;1;0;0;0;0;1
26/02/2017;14:30:00;159;Acidente sem Vítima;501,2;BR-040/MG;Norte;Colisão traseira;1;3;0;0;0;0;1
25/02/2017;13:02:00;254;Acidente sem Vítima;93,1;BR-040/GO;Norte;Colisão traseira;1;2;0;0;0;0;1
25/02/2017;10:08:00;172;Acidente sem Vítima;525,1;BR-040/MG;Norte;Abalroamento longitudinal;1;4;0;0;0;0;1
25/02/2017;07:00:00;101;Acidente sem Vítima;92,5;BR-040/GO;Sul;Colisão frontal;1;5;0;0;0;0;1
24/02/2017;20:28:00;445;Acidente sem Vítima;517,2;BR-040/MG;Norte;Abalroamento longitudinal;1;3;0;0;0;0;1
24/02/2017;19:58:00;431;Acidente sem Vítima;747,048;BR-040/MG;Norte;Queda de Carga;1;1;0;0;0;0;1
24/02/2017;18:59:00;402;Acidente com Vítima;68,5;BR-040/GO;Norte;Abalroamento longitudinal;1;6;1;0;0;0;1
23/02/2017;21:30:00;427;Acidente sem Vítima;714,5;BR-040/MG;Sul;Colisão traseira;2;2;0;0;0;0;1
23/02/2017;18:00:00;362;Acidente sem Vítima;487,05;BR-040/MG;Norte;Colisão traseira;1;2;0;0;0;0;1
23/02/2017;13:37:00;281;Acidente sem Vítima;498,15;BR-040/MG;Norte;Colisão traseira;2;4;0;0;0;0;1
23/02/2017;09:18:00;186;Acidente sem Vítima;538,15;BR-040/MG;Norte;Colisão traseira;1;5;0;0;0;0;1