data;horario;n_da_ocorrencia;tipo_de_ocorrencia;km;trecho;sentido;tipo_de_acidente;caminhao;ilesos;levemente_feridos;moderadamente_feridos;gravemente_feridos;mortos;3
23/02/2017;08:02:00;158;Acidente com Vítima;0,5;BR-040/DF;Norte;Abalroamento longitudinal;1;3;0;0;0;0;1
22/02/2017;14:09:00;253;Acidente sem Vítima;534,5;BR-040/MG;Norte;Queda de Carga;1;2;0;0;0;0;1
21/02/2017;23:11:00;383;Acidente sem Vítima;54,5;BR-040/MG;Norte;Colisão traseira;1;2;0;0;0;0;1
21/02/2017;19:22:00;339;Acidente sem Vítima;0,3;BR-040/GO;Sul;Colisão traseira;2;2;0;0;0;0;1
21/02/2017;10:21:00;186;Acidente sem Vítima;643,1;BR-040/MG;Norte;Abalroamento longitudinal;1;4;0;0;0;0;1
21/02/2017;07:02:00;87;Acidente sem Vítima;517,5;BR-040/MG;Sul;Abalroamento longitudinal;1;8;0;0;0;0;1
21/02/2017;00:06:00;1;Acidente sem Vítima;593,325;BR-040/MG;Norte;Queda de Carga;1;1;0;0;0;0;1
20/02/2017;12:34:00;244;Acidente sem Vítima;465,1;BR-040/MG;Norte;Abalroamento longitudinal;1;2;0;0;0;0;1
20/02/2017;11:02:00;224;Acidente sem Vítima;664,15;BR-040/MG;Sul;Colisão traseira;3;3;0;0;0;0;1
20/02/2017;09:41:00;195;Acidente sem Vítima;589,9;BR-040/MG;Norte;Abalroamento longitudinal;1;2;0;0;0;0;1
19/02/2017;18:05:00;185;Acidente com Morte;483,12;BR-040/MG;Sul;Colisão traseira;2;2;0;0;0;1;3
18/02/2017;17:28:00;313;Acidente sem Vítima;649;BR-040/MG;Sul;Abalroamento longitudinal;2;2;0;0;0;0;1
18/02/2017;01:43:00;37;Acidente sem Vítima;577;BR-040/MG;Norte;Colisão traseira;2;2;0;0;0;0;1
17/02/2017;19:19:00;367;Atropelamento sem Morte;529,026;BR-040/MG;Sul;Atropelamento de pedestre atravessando;1;1;0;1;1;0;2
17/02/2017;19:00:00;360;Acidente sem Vítima;704,2;BR-040/MG;Norte;Queda de Carga;1;1;0;0;0;0;1
17/02/2017;12:38:00;249;Acidente sem Vítima;93;BR-040/GO;Sul;Colisão traseira;2;2;0;0;0;0;1
17/02/2017;09:34:00;202;Acidente com Vítima;5,315;BR-040/GO;Sul;Colisão traseira;1;2;1;0;0;0;1
17/02/2017;00:53:00;57;Acidente com Vítima;611,8;BR-040/MG;Norte;Colisão traseira;2;2;0;1;0;0;2
16/02/2017;20:38:00;416;Acidente sem Vítima;628,1;BR-040/MG;Norte;Abalroamento transversal;1;3;0;0;0;0;1
15/02/2017;18:08:00;313;Acidente sem Vítima;525,6;BR-040/MG;Norte;Abalroamento longitudinal;1;4;0;0;0;0;1
15/02/2017;14:23:00;251;Acidente sem Vítima;577,1;BR-040/MG;Norte;Colisão traseira;1;2;0;0;0;0;1
15/02/2017;10:58:00;215;Acidente com Vítima;538,8;BR-040/MG;Sul;Abalroamento longitudinal;1;2;1;1;0;0;2
15/02/2017;10:00:00;196;Acidente sem Vítima;719;BR-040/MG;Norte;Colisão traseira;2;2;0;0;0;0;1
14/02/2017;22:32:00;423;Acidente sem Vítima;661,9;BR-040/MG;Norte;Choque com objeto fixo;1;1;0;0;0;0;1
14/02/2017;20:37:00;398;Acidente sem Vítima;3,5;BR-040/GO;Sul;Abalroamento longitudinal;1;4;0;0;0;0;1
14/02/2017;19:15:00;370;Acidente com Vítima;96,7;BR-040/MG;Norte;Colisão frontal;2;1;0;1;0;0;2
14/02/2017;14:20:00;282;Acidente sem Vítima;610,91;BR-040/MG;Norte;Abalroamento longitudinal;1;2;0;0;0;0;1
14/02/2017;12:33:00;243;Acidente com Vítima;513,5;BR-040/MG;Norte;Colisão traseira;1;2;0;1;0;0;2
14/02/2017;07:10:00;133;Acidente sem Vítima;579,7;BR-040/MG;Sul;Choque em barreira New Jersey;1;1;0;0;0;0;1
13/02/2017;17:34:00;322;Acidente sem Vítima;0,032;BR-040/DF;Sul;Abalroamento longitudinal;1;3;0;0;0;0;1
13/02/2017;15:20:00;284;Acidente com Vítima;531,5;BR-040/MG;Sul;Abalroamento longitudinal;1;1;1;0;0;0;1
13/02/2017;11:06:00;216;Acidente sem Vítima;23,2;BR-040/GO;Norte;Queda de Carga;1;1;0;0;0;0;1
12/02/2017;19:24:00;209;Acidente sem Vítima;524,1;BR-040/MG;Sul;Abalroamento longitudinal;1;5;0;0;0;0;1
11/02/2017;20:19:00;273;Atropelamento sem Morte;502,138;BR-040/MG;Sul;Atropelamento de pedestre atravessando;1;1;1;0;0;0;1
11/02/2017;02:02:00;58;Acidente sem Vítima;119;BR-040/MG;Norte;Atropelamento de animal;1;1;0;0;0;0;1
10/02/2017;14:24:00;290;Acidente com Vítima;605,661;BR-040/MG;Sul;Colisão traseira;1;1;4;0;0;0;1
10/02/2017;10:07:00;215;Acidente com Vítima;739,577;BR-040/MG;Sul;Queda de Carga;1;1;0;1;0;0;2
09/02/2017;23:57:00;405;Acidente com Morte;516,65;BR-040/MG;Sul;Outros;1;0;4;0;0;1;3
09/02/2017;14:06:00;276;Acidente sem Vítima;144,5;BR-040/GO;Sul;Colisão traseira;1;2;0;0;0;0;1
09/02/2017;12:37:00;253;Acidente com Vítima;6,2;BR-040/GO;Sul;Outros;1;1;1;0;0;0;1
08/02/2017;14:54:00;276;Acidente sem Vítima;603,2;BR-040/MG;Norte;Choque com objeto fixo;1;1;0;0;0;0;1
07/02/2017;17:37:00;323;Acidente sem Vítima;494,15;BR-040/MG;Norte;Capotamento;1;3;0;0;0;0;1
07/02/2017;15:37:00;284;Acidente sem Vítima;567,1;BR-040/MG;Sul;Colisão traseira;1;3;0;0;0;0;1
07/02/2017;09:45:00;183;Acidente com Vítima;524,1;BR-040/MG;Norte;Colisão traseira;1;3;1;0;0;0;1
06/02/2017;19:32:00;367;Acidente sem Vítima;61,5;BR-040/GO;Norte;Outros;1;1;0;0;0;0;1
06/02/2017;15:05:00;283;Acidente sem Vítima;706,516;BR-040/MG;Sul;Colisão traseira;2;3;0;0;0;0;1
06/02/2017;13:21:00;257;Acidente com Vítima;536,5;BR-040/MG;Norte;Colisão traseira;1;10;1;0;0;0;1
06/02/2017;07:35:00;81;Acidente sem Vítima;562;BR-040/MG;Sul;Queda de Carga;1;1;0;0;0;0;1
06/02/2017;05:41:00;51;Acidente com Vítima;545,1;BR-040/MG;Sul;Choque em barreira New Jersey;3;9;1;0;0;0;1
05/02/2017;18:31:00;229;Acidente sem Vítima;123,1;BR-040/GO;Sul;Queda de Carga;1;1;0;0;0;0;1
05/02/2017;03:59:00;26;Acidente com Vítima;445,4;BR-040/MG;Sul;Abalroamento longitudinal;2;4;0;1;0;0;2
04/02/2017;10:59:00;104;Acidente sem Vítima;6,6;BR-040/GO;Sul;Abalroamento longitudinal;1;2;0;0;0;0;1
03/02/2017;15:07:00;274;Acidente com Vítima;519;BR-040/MG;Norte;Colisão traseira;2;1;0;1;0;0;2
03/02/2017;14:00:00;254;Acidente sem Vítima;748,882;BR-040/MG;Norte;Queda de Carga;1;1;0;0;0;0;1
03/02/2017;13:13:00;238;Acidente sem Vítima;509,5;BR-040/MG;Norte;Outros;1;1;0;0;0;0;1
03/02/2017;08:30:00;148;Acidente sem Vítima;523,451;BR-040/MG;Norte;Queda de Carga;1;1;0;0;0;0;1
03/02/2017;05:47:00;104;Acidente com Vítima;523,6;BR-040/MG;Norte;Colisão traseira;1;43;0;1;0;0;2
03/02/2017;05:29:00;102;Acidente sem Vítima;708,5;BR-040/MG;Sul;Atropelamento de animal;1;1;0;0;0;0;1
02/02/2017;16:54:00;300;Acidente sem Vítima;317,8;BR-040/MG;Norte;Outros;1;2;0;0;0;0;1
02/02/2017;16:19:00;291;Acidente sem Vítima;544,764;BR-040/MG;Sul;Choque em barreira New Jersey;1;2;0;0;0;0;1
02/02/2017;10:43:00;189;Acidente sem Vítima;541,5;BR-040/MG;Norte;Colisão traseira;2;2;0;0;0;0;1
02/02/2017;08:41:00;146;Acidente com Vítima;23,35;BR-040/MG;Norte;Abalroamento longitudinal;1;1;0;1;0;0;2
02/02/2017;05:23:00;93;Acidente sem Vítima;585,8;BR-040/MG;Sul;Queda de Carga;1;2;0;0;0;0;1
01/02/2017;15:31:00;313;Acidente sem Vítima;524;BR-040/MG;Norte;Colisão traseira;2;10;0;0;0;0;1
01/02/2017;12:07:00;257;Acidente com Vítima;532,915;BR-040/MG;Sul;Abalroamento longitudinal;1;2;1;0;0;0;1
01/02/2017;05:04:00;104;Acidente sem Vítima;430,2;BR-040/MG;Norte;Colisão traseira;1;2;0;0;0;0;1
31/03/2017;15:18:00;283;Acidente com Vítima;565,2;BR-040/MG;Norte;Abalroamento longitudinal;1;1;2;0;0;0;1
31/03/2017;11:10:00;209;Acidente sem Vítima;643,1;BR-040/MG;Sul;Colisão traseira;1;2;0;0;0;0;1
31/03/2017;05:52:00;108;Acidente sem Vítima;127;BR-040/MG;Norte;Colisão traseira;1;2;0;0;0;0;1
30/03/2017;14:17:00;270;Acidente sem Vítima;614,1;BR-040/MG;Sul;Choque com objeto fixo;1;2;0;0;0;0;1
30/03/2017;03:40:00;95;Acidente sem Vítima;2,9;BR-040/GO;Sul;Colisão traseira;1;2;0;0;0;0;1
30/03/2017;02:24:00;93;Acidente com Vítima;278,4;BR-040/MG;Sul;Abalroamento longitudinal;1;2;0;0;0;0;1
29/03/2017;19:37:00;359;Acidente com Vítima;537,5;BR-040/MG;Norte;Colisão traseira;2;4;0;0;0;0;1
29/03/2017;15:45:00;296;Acidente sem Vítima;533;BR-040/MG;Norte;Colisão traseira;1;3;0;0;0;0;1
29/03/2017;10:20:00;220;Acidente sem Vítima;592,1;BR-040/MG;Sul;Colisão traseira;2;2;0;0;0;0;1
28/03/2017;13:01:00;243;Acidente com Vítima;7,1;BR-040/GO;Sul;Abalroamento longitudinal;1;1;0;1;0;0;2
28/03/2017;07:50:00;152;Acidente sem Vítima;527,1;BR-040/MG;Norte;Abalroamento longitudinal;1;2;0;0;0;0;1
28/03/2017;07:49:00;151;Acidente sem Vítima;512,3;BR-040/MG;Norte;Colisão traseira;2;4;0;0;0;0;1
28/03/2017;07:38:00;146;Acidente sem Vítima;731,75;BR-040/MG;Sul;Choque com objeto fixo;1;1;0;0;0;0;1
27/03/2017;23:27:00;400;Acidente sem Vítima;466,2;BR-040/MG;Sul;Colisão traseira;1;19;0;0;0;0;1
27/03/2017;16:55:00;292;Acidente sem Vítima;487,1;BR-040/MG;Norte;Colisão traseira;2;2;0;0;0;0;1
27/03/2017;13:35:00;237;Acidente com Vítima;16,3;BR-040/GO;Norte;Choque com objeto fixo;1;4;1;0;0;0;1
27/03/2017;00:09:00;1;Acidente com Vítima;2,11;BR-040/GO;Sul;Outros;1;5;1;0;0;0;1
26/03/2017;13:04:00;101;Acidente com Vítima;538,4;BR-040/MG;Norte;Abalroamento transversal;1;2;1;0;0;0;1
25/03/2017;11:07:00;116;Acidente sem Vítima;577,06;BR-040/MG;Norte;Colisão traseira;1;3;0;0;0;0;1
24/03/2017;20:00:00;352;Acidente sem Vítima;490,5;BR-040/MG;Sul;Outros;1;8;0;0;0;0;1
24/03/2017;19:51:00;342;Acidente sem Vítima;714,02;BR-040/MG;Norte;Abalroamento longitudinal;1;2;0;0;0;0;1
24/03/2017;16:48:00;275;Acidente sem Vítima;464,1;BR-040/MG;Norte;Abalroamento longitudinal;2;2;0;0;0;0;1
24/03/2017;15:41:00;256;Acidente sem Vítima;628,532;BR-040/MG;Norte;Abalroamento longitudinal;1;2;0;0;0;0;1
24/03/2017;13:39:00;223;Acidente sem Vítima;534,2;BR-040/MG;Norte;Abalroamento longitudinal;1;2;0;0;0;0;1
23/03/2017;18:13:00;320;Acidente sem Vítima;564,1;BR-040/MG;Norte;Colisão traseira;1;2;0;0;0;0;1
23/03/2017;13:02:00;230;Acidente com Vítima;749,15;BR-040/MG;Sul;Abalroamento longitudinal;1;1;0;1;0;0;2
23/03/2017;09:03:00;166;Acidente sem Vítima;537,1;BR-040/MG;Norte;Colisão traseira;1;10;0;0;0;0;1
22/03/2017;22:51:00;350;Acidente sem Vítima;749,6;BR-040/MG;Sul;Choque com objeto fixo;1;2;0;0;0;0;1
22/03/2017;22:06:00;337;Acidente sem Vítima;156;BR-040/GO;Norte;Abalroamento longitudinal;1;3;0;0;0;0;1
22/03/2017;13:14:00;223;Acidente com Vítima;584,508;BR-040/MG;Norte;Colisão traseira;2;1;1;0;0;0;1
22/03/2017;09:36:00;178;Acidente sem Vítima;71;BR-040/MG;Norte;Queda de Carga;1;1;0;0;0;0;1
22/03/2017;09:28:00;175;Acidente com Vítima;602,6;BR-040/MG;Sul;Abalroamento transversal;1;2;0;1;0;0;2
22/03/2017;03:43:00;103;Acidente com Vítima;292,8;BR-040/MG;Sul;Queda de Carga;1;1;0;1;0;0;2
21/03/2017;19:07:00;311;Acidente sem Vítima;529,06;BR-040/MG;Norte;Abalroamento longitudinal;1;3;0;0;0;0;1
21/03/2017;13:49:00;236;Acidente sem Vítima;11;BR-040/GO;Sul;Outros;1;2;0;0;0;0;1
21/03/2017;08:10:00;146;Acidente sem Vítima;541,272;BR-040/MG;Sul;Colisão traseira;1;4;0;0;0;0;1
21/03/2017;00:49:00;81;Acidente sem Vítima;534,8;BR-040/MG;Norte;Abalroamento longitudinal;2;4;0;0;0;0;1
20/03/2017;17:09:00;296;Acidente com Morte;42,4;BR-040/GO;Sul;Colisão frontal;1;1;0;4;0;1;3
20/03/2017;07:41:00;148;Acidente sem Vítima;728,5;BR-040/MG;Sul;Colisão traseira;1;2;0;0;0;0;1
19/03/2017;01:39:00;14;Acidente com Vítima;592,8;BR-040/MG;Norte;Choque em defensa;1;0;0;1;0;0;2
18/03/2017;14:36:00;204;Acidente sem Vítima;577;BR-040/MG;Norte;Colisão traseira;1;4;0;0;0;0;1
18/03/2017;12:37:00;168;Acidente com Morte;317,365;BR-040/MG;Sul;Colisão frontal;1;1;1;0;1;1;3
17/03/2017;14:32:00;247;Acidente sem Vítima;614;BR-040/MG;Norte;Abalroamento longitudinal;1;2;0;0;0;0;1
16/03/2017;20:16:00;338;Acidente com Vítima;363,9;BR-040/MG;Sul;Colisão frontal;1;5;1;2;0;0;2
16/03/2017;15:10:00;247;Acidente sem Vítima;540,1;BR-040/MG;Sul;Colisão traseira;2;3;0;0;0;0;1
16/03/2017;07:20:00;135;Acidente com Vítima;517,1;BR-040/MG;Sul;Abalroamento longitudinal;1;1;1;0;0;0;1
15/03/2017;07:54:00;146;Acidente sem Vítima;426,5;BR-040/MG;Norte;Queda de Carga;1;2;0;0;0;0;1
15/03/2017;06:04:00;109;Acidente com Vítima;5,21;BR-040/DF;Norte;Queda de Carga;1;44;3;1;0;0;2
14/03/2017;17:41:00;264;Acidente sem Vítima;538,01;BR-040/MG;Norte;Colisão traseira;1;5;0;0;0;0;1
14/03/2017;12:20:00;195;Acidente sem Vítima;108,14;BR-040/MG;Sul;Abalroamento longitudinal;1;3;0;0;0;0;1
14/03/2017;09:14:00;150;Acidente sem Vítima;536,9;BR-040/MG;Norte;Abalroamento longitudinal;1;2;0;0;0;0;1
14/03/2017;06:55:00;108;Acidente com Vítima;522,5;BR-040/MG;Sul;Colisão traseira;1;3;1;0;0;0;1
12/03/2017;15:26:00;136;Acidente com Morte;25,1;BR-040/GO;Norte;Abalroamento transversal;1;1;0;0;0;1;3
11/03/2017;13:31:00;142;Acidente com Vítima;125,1;BR-040/GO;Norte;Capotamento;1;1;0;1;0;0;2
11/03/2017;13:29:00;140;Acidente sem Vítima;661,1;BR-040/MG;Sul;Abalroamento longitudinal;1;4;0;0;0;0;1
11/03/2017;11:08:00;101;Acidente sem Vítima;591,169;BR-040/MG;Sul;Abalroamento longitudinal;1;2;0;0;0;0;1
11/03/2017;06:20:00;37;Acidente sem Vítima;515,6;BR-040/MG;Norte;Colisão traseira;1;3;0;0;0;0;1
10/03/2017;19:18:00;359;Acidente sem Vítima;670,33;BR-040/MG;Norte;Colisão traseira;2;2;0;0;0;0;1
10/03/2017;17:16:00;320;Acidente sem Vítima;508,34;BR-040/MG;Sul;Colisão traseira;1;2;0;0;0;0;1
10/03/2017;15:12:00;280;Acidente sem Vítima;536,13;BR-040/MG;Norte;Colisão frontal;1;3;0;0;0;0;1
10/03/2017;13:15:00;243;Acidente com Vítima;511,495;BR-040/MG;Norte;Colisão traseira;1;13;1;0;0;0;1
10/03/2017;08:27:00;163;Acidente sem Vítima;1,8;BR-040/DF;Sul;Colisão traseira;2;3;0;0;0;0;1
10/03/2017;08:05:00;156;Acidente com Vítima;76;BR-040/MG;Norte;Abalroamento longitudinal;1;2;1;0;0;0;1
09/03/2017;22:44:00;399;Acidente com Morte;29,5;BR-040/GO;Norte;Colisão frontal;1;1;0;0;0;1;3
09/03/2017;18:48:00;341;Acidente sem Vítima;525;BR-040/MG;Norte;Colisão traseira;1;3;0;0;0;0;1
09/03/2017;17:16:00;311;Acidente com Vítima;531,016;BR-040/MG;Norte;Outros;1;1;1;0;0;0;1
08/03/2017;19:49:00;370;Acidente sem Vítima;585,1;BR-040/MG;Sul;Choque com objeto fixo;1;1;0;0;0;0;1
08/03/2017;19:14:00;360;Acidente com Vítima;600,3;BR-040/MG;Sul;Colisão frontal;1;2;1;1;0;0;2
08/03/2017;16:25:00;304;Acidente sem Vítima;464,03;BR-040/MG;Sul;Choque com objeto fixo;1;2;0;0;0;0;1
08/03/2017;11:55:00;231;Acidente com Vítima;740,1;BR-040/MG;Sul;Colisão traseira;1;1;1;0;0;0;1
08/03/2017;11:52:00;229;Acidente com Vítima;608,1;BR-040/MG;Sul;Colisão traseira;2;1;1;0;0;0;1
08/03/2017;10:25:00;195;Acidente sem Vítima;500,8;BR-040/MG;Norte;Colisão traseira;1;2;0;0;0;0;1
07/03/2017;11:53:00;210;Acidente sem Vítima;604,2;BR-040/MG;Norte;Abalroamento longitudinal;1;2;0;0;0;0;1
07/03/2017;08:47:00;161;Acidente sem Vítima;536,3;BR-040/MG;Norte;Abalroamento longitudinal;1;2;0;0;0;0;1
06/03/2017;21:32:00;388;Acidente sem Vítima;555,67;BR-040/MG;Norte;Colisão traseira;2;2;0;0;0;0;1
06/03/2017;19:17:00;361;Acidente com Morte;32;BR-040/GO;Sul;Colisão frontal;1;1;0;0;0;4;3
06/03/2017;16:37:00;314;Acidente com Vítima;701,18;BR-040/MG;Norte;Abalroamento longitudinal;1;1;0;1;0;0;2
06/03/2017;13:38:00;264;Acidente sem Vítima;2,8;BR-040/GO;Sul;Abalroamento transversal;1;2;0;0;0;0;1
06/03/2017;12:57:00;255;Acidente sem Vítima;0;Fora_Rota;Sul;Choque com objeto fixo;1;1;0;0;0;0;1
06/03/2017;06:53:00;121;Acidente sem Vítima;514,1;BR-040/MG;Norte;Outros;2;2;0;0;0;0;1
04/03/2017;08:58:00;127;Acidente com Vítima;65,42;BR-040/GO;Norte;Abalroamento longitudinal;1;1;1;0;0;0;1
04/03/2017;03:56:00;53;Acidente sem Vítima;455,2;BR-040/MG;Sul;Colisão traseira;1;31;0;0;0;0;1
03/03/2017;23:09:00;354;Acidente com Vítima;730,1;BR-040/MG;Norte;Queda de Carga;1;0;0;1;0;0;2
03/03/2017;08:23:00;166;Acidente sem Vítima;562,2;BR-040/MG;Sul;Colisão traseira;2;3;0;0;0;0;1
03/03/2017;07:39:00;152;Acidente sem Vítima;642,2;BR-040/MG;Norte;Colisão traseira;2;2;0;0;0;0;1
03/03/2017;06:58:00;138;Acidente com Morte;703,25;BR-040/MG;Norte;Colisão traseira;1;1;0;0;0;1;3
03/03/2017;06:08:00;121;Acidente com Vítima;566,3;BR-040/MG;Norte;Queda de Carga;1;1;1;0;0;0;1
02/03/2017;12:42:00;231;Acidente com Vítima;17,8;BR-040/GO;Sul;Abalroamento transversal;1;1;1;0;0;0;1
02/03/2017;11:37:00;215;Acidente sem Vítima;611;BR-040/MG;Sul;Colisão traseira;1;3;0;0;0;0;1
02/03/2017;03:56:00;53;Acidente sem Vítima;52,365;BR-040/GO;Norte;Colisão traseira;1;2;0;0;0;0;1
01/03/2017;08:23:00;164;Acidente sem Vítima;552;BR-040/MG;Norte;Outros;1;2;0;0;0;0;1
01/03/2017;02:33:00;95;Acidente sem Vítima;464,2;BR-040/MG;Sul;Queda de Carga;1;2;0;0;0;0;1
31/05/2017;15:39:00;345;Acidente sem Vítima;606,5;BR-040/MG;Sul;Colisão traseira;1;2;0;0;0;0;1
31/05/2017;13:42:00;304;Acidente com Morte;606,1;BR-040/MG;Sul;Colisão frontal;1;11;2;0;0;1;3
31/05/2017;09:09:00;227;Acidente sem Vítima;542,6;BR-040/MG;Sul;Colisão traseira;1;4;0;0;0;0;1
31/05/2017;07:44:00;186;Acidente com Vítima;611,1;BR-040/MG;Norte;Colisão traseira;1;2;1;0;0;0;1
30/05/2017;17:43:00;355;Acidente sem Vítima;577,2;BR-040/MG;Norte;Colisão traseira;1;2;0;0;0;0;1
30/05/2017;15:46:00;311;Acidente sem Vítima;533,01;BR-040/MG;Sul;Colisão traseira;1;2;0;0;0;0;1
30/05/2017;14:29:00;282;Acidente sem Vítima;600,69;BR-040/MG;Norte;Abalroamento longitudinal;2;2;0;0;0;0;1
30/05/2017;13:31:00;261;Acidente sem Vítima;500,8;BR-040/MG;Sul;Colisão traseira;1;2;0;0;0;0;1
30/05/2017;12:03:00;226;Acidente sem Vítima;5,9;BR-040/DF;Norte;Colisão traseira;1;2;0;0;0;0;1
30/05/2017;10:26:00;203;Acidente sem Vítima;2,4;BR-040/DF;Sul;Outros;1;3;0;0;0;0;1
29/05/2017;09:01:00;169;Acidente com Vítima;5,5;BR-040/DF;Sul;Abalroamento longitudinal;1;1;1;0;0;0;1
28/05/2017;23:03:00;256;Acidente com Vítima;487,1;BR-040/MG;Norte;Colisão traseira;1;1;0;1;0;0;2
27/05/2017;22:11:00;266;Acidente sem Vítima;549;BR-040/MG;Norte;Abalroamento longitudinal;1;3;0;0;0;0;1
27/05/2017;01:16:00;10;Acidente sem Vítima;461,2;BR-040/MG;Sul;Queda de Carga;1;1;0;0;0;0;1
26/05/2017;18:34:00;337;Atropelamento sem Morte;682,464;BR-040/MG;Norte;Atropelamento de pedestre atravessando;1;1;0;1;0;0;2
25/05/2017;16:56:00;353;Acidente com Vítima;247,1;BR-040/MG;Norte;Colisão traseira;2;1;0;1;0;0;2
25/05/2017;06:05:00;140;Acidente sem Vítima;413,251;BR-040/MG;Norte;Colisão traseira;1;5;0;0;0;0;1
25/05/2017;01:12:00;14;Acidente sem Vítima;510,4;BR-040/MG;Sul;Abalroamento longitudinal;1;2;0;0;0;0;1
24/05/2017;19:32:00;354;Acidente sem Vítima;539,6;BR-040/MG;Sul;Abalroamento longitudinal;1;2;0;0;0;0;1
24/05/2017;12:43:00;244;Acidente sem Vítima;643,1;BR-040/MG;Norte;Abalroamento longitudinal;1;2;0;0;0;0;1
23/05/2017;21:26:00;356;Acidente sem Vítima;508,32;BR-040/MG;Sul;Colisão traseira;1;3;0;0;0;0;1
23/05/2017;07:02:00;115;Acidente sem Vítima;516,5;BR-040/MG;Sul;Colisão traseira;1;3;0;0;0;0;1
22/05/2017;16:49:00;295;Acidente sem Vítima;1,1;BR-040/GO;Sul;Abalroamento longitudinal;1;2;0;0;0;0;1
22/05/2017;08:22:00;151;Acidente sem Vítima;734,815;BR-040/MG;Sul;Abalroamento longitudinal;1;2;0;0;0;0;1
21/05/2017;16:29:00;171;Acidente com Vítima;727,01;BR-040/MG;Sul;Queda de Carga;1;0;1;0;0;0;1
21/05/2017;14:35:00;146;Acidente sem Vítima;534,649;BR-040/MG;Sul;Outros;1;4;0;0;0;0;1
20/05/2017;19:42:00;255;Acidente sem Vítima;617,9;BR-040/MG;Norte;Choque com objeto fixo;1;1;0;0;0;0;1
20/05/2017;19:39:00;253;Acidente com Morte;686,1;BR-040/MG;Sul;Colisão frontal;1;0;0;0;0;2;3
20/05/2017;11:58:00;138;Acidente sem Vítima;523;BR-040/MG;Norte;Abalroamento longitudinal;1;4;0;0;0;0;1
20/05/2017;04:31:00;30;Acidente sem Vítima;462,398;BR-040/MG;Sul;Queda de Carga;1;1;0;0;0;0;1
19/05/2017;22:31:00;395;Acidente com Vítima;454,979;BR-040/MG;Sul;Choque com objeto fixo;1;1;0;1;0;0;2
18/05/2017;19:44:00;327;Atropelamento sem Morte;649,05;BR-040/MG;Sul;Atropelamento de pedestre atravessando;1;1;0;0;1;0;2
18/05/2017;14:25:00;243;Acidente sem Vítima;2,4;BR-040/GO;Sul;Colisão traseira;1;2;0;0;0;0;1
18/05/2017;10:37:00;188;Acidente sem Vítima;103,7;BR-040/GO;Sul;Colisão traseira;1;2;0;0;0;0;1
17/05/2017;15:32:00;291;Acidente sem Vítima;660,2;BR-040/MG;Norte;Choque com objeto fixo;1;1;0;0;0;0;1
17/05/2017;06:42:00;122;Acidente com Vítima;523,61;BR-040/MG;Norte;Abalroamento longitudinal;1;1;0;1;0;0;2
17/05/2017;06:04:00;108;Acidente com Vítima;288,01;BR-040/MG;Sul;Queda de Carga;1;1;0;1;0;0;2
16/05/2017;21:06:00;359;Acidente com Vítima;1,9;BR-040/DF;Sul;Choque com objeto fixo;1;0;1;0;0;0;1
16/05/2017;18:22:00;312;Acidente com Vítima;752,65;BR-040/MG;Sul;Colisão traseira;2;1;1;0;0;0;1
16/05/2017;17:34:00;298;Acidente sem Vítima;2,6;BR-040/GO;Sul;Abalroamento longitudinal;1;3;0;0;0;0;1
16/05/2017;16:53:00;287;Acidente com Morte;519,13;BR-040/MG;Norte;Colisão frontal;1;1;0;0;0;1;3
16/05/2017;14:16:00;250;Acidente sem Vítima;614;BR-040/MG;Norte;Choque em defensa;1;1;0;0;0;0;1
16/05/2017;07:50:00;133;Acidente com Vítima;3;BR-040/DF;Norte;Colisão traseira;1;3;1;0;0;0;1
16/05/2017;07:06:00;116;Acidente sem Vítima;224,347;BR-040/MG;Norte;Queda de Carga;1;1;0;0;0;0;1
15/05/2017;23:42:00;399;Acidente sem Vítima;610,3;BR-040/MG;Sul;Colisão traseira;2;2;0;0;0;0;1
15/05/2017;11:36:00;224;Acidente sem Vítima;542,9;BR-040/MG;Sul;Colisão traseira;1;3;0;0;0;0;1
15/05/2017;09:26:00;180;Acidente com Morte;1,5;BR-040/GO;Norte;Abalroamento longitudinal;1;2;0;0;0;1;3
14/05/2017;21:40:00;284;Acidente sem Vítima;602,3;BR-040/MG;Norte;Abalroamento longitudinal;2;2;0;0;0;0;1
14/05/2017;19:56:00;252;Acidente sem Vítima;515,5;BR-040/MG;Norte;Abalroamento longitudinal;1;2;0;0;0;0;1
14/05/2017;16:13:00;177;Acidente sem Vítima;5,6;BR-040/GO;Sul;Colisão traseira;1;4;0;0;0;0;1
13/05/2017;15:28:00;218;Acidente sem Vítima;527,08;BR-040/MG;Norte;Abalroamento longitudinal;2;54;0;0;0;0;1
13/05/2017;07:14:00;75;Acidente sem Vítima;589;BR-040/MG;Norte;Outros;1;1;0;0;0;0;1
12/05/2017;21:58:00;423;Acidente sem Vítima;93,16;BR-040/MG;Sul;Colisão traseira;1;5;0;0;0;0;1
12/05/2017;20:07:00;394;Acidente com Vítima;197,2;BR-040/MG;Norte;Abalroamento transversal;1;0;0;2;0;0;2
12/05/2017;19:53:00;389;Acidente sem Vítima;608,5;BR-040/MG;Sul;Colisão traseira;1;2;0;0;0;0;1
12/05/2017;09:50:00;199;Acidente com Vítima;55,8;BR-040/GO;Sul;Colisão traseira;1;2;1;1;0;0;2