data;horario;n_da_ocorrencia;tipo_de_ocorrencia;km;trecho;sentido;tipo_de_acidente;caminhao;ilesos;levemente_feridos;moderadamente_feridos;gravemente_feridos;mortos;3
11/05/2017;09:37:00;200;Acidente sem Vítima;413;BR-040/MG;Sul;Abalroamento transversal;1;2;0;0;0;0;1
11/05/2017;08:56:00;181;Acidente sem Vítima;48,1;BR-040/GO;Sul;Queda de Carga;1;1;0;0;0;0;1
11/05/2017;04:04:00;81;Acidente sem Vítima;473,2;BR-040/MG;Sul;Queda de Carga;1;1;0;0;0;0;1
10/05/2017;16:27:00;274;Acidente com Vítima;598,5;BR-040/MG;Norte;Colisão traseira;1;1;0;1;1;0;2
10/05/2017;15:10:00;259;Acidente sem Vítima;2,3;BR-040/DF;Norte;Colisão traseira;1;2;0;0;0;0;1
10/05/2017;13:54:00;237;Acidente sem Vítima;509;BR-040/MG;Sul;Colisão traseira;1;2;0;0;0;0;1
10/05/2017;02:42:00;97;Acidente com Vítima;20;BR-040/GO;Norte;Queda de Carga;1;0;9;1;0;0;2
08/05/2017;20:44:00;348;Acidente com Morte;15,1;BR-040/GO;Sul;Abalroamento transversal;1;1;0;0;0;1;3
08/05/2017;17:58:00;308;Acidente com Vítima;526,2;BR-040/MG;Norte;Colisão frontal;1;40;1;0;0;0;1
08/05/2017;16:48:00;292;Acidente sem Vítima;487;BR-040/MG;Norte;Colisão traseira;2;2;0;0;0;0;1
08/05/2017;07:24:00;120;Acidente com Vítima;731,53;BR-040/MG;Norte;Colisão traseira;1;1;0;1;0;0;2
07/05/2017;18:16:00;198;Acidente sem Vítima;666,018;BR-040/MG;Sul;Abalroamento transversal;1;2;0;0;0;0;1
06/05/2017;13:30:00;148;Acidente com Vítima;562,8;BR-040/MG;Sul;Choque em barreira New Jersey;1;1;1;0;0;0;1
06/05/2017;00:49:00;9;Acidente com Vítima;0;Fora_Rota;Norte;Colisão frontal;1;3;0;0;0;0;1
05/05/2017;15:53:00;310;Acidente sem Vítima;503,62;BR-040/MG;Norte;Choque com objeto fixo;1;2;0;0;0;0;1
05/05/2017;12:16:00;245;Acidente com Morte;653;BR-040/MG;Norte;Colisão frontal;1;1;0;1;0;1;3
05/05/2017;09:45:00;207;Acidente sem Vítima;524,76;BR-040/MG;Norte;Choque com objeto fixo;1;1;0;0;0;0;1
04/05/2017;16:53:00;326;Atropelamento sem Morte;532,23;BR-040/MG;Norte;Atropelamento de pedestre atravessando;1;1;0;1;0;0;2
04/05/2017;06:57:00;122;Acidente sem Vítima;517,5;BR-040/MG;Sul;Colisão traseira;1;3;0;0;0;0;1
03/05/2017;20:41:00;381;Acidente sem Vítima;705,162;BR-040/MG;Norte;Choque em barreira New Jersey;1;1;0;0;0;0;1
03/05/2017;18:54:00;354;Acidente sem Vítima;526,2;BR-040/MG;Norte;Colisão traseira;1;3;0;0;0;0;1
03/05/2017;18:26:00;346;Acidente sem Vítima;536,9;BR-040/MG;Norte;Colisão traseira;2;3;0;0;0;0;1
03/05/2017;16:43:00;317;Acidente com Vítima;551,1;BR-040/MG;Sul;Colisão traseira;1;2;1;0;0;0;1
03/05/2017;13:30:00;261;Acidente sem Vítima;714,2;BR-040/MG;Norte;Abalroamento longitudinal;1;2;0;0;0;0;1
03/05/2017;11:34:00;229;Acidente sem Vítima;2,2;BR-040/DF;Norte;Abalroamento longitudinal;1;2;0;0;0;0;1
03/05/2017;05:04:00;104;Acidente sem Vítima;726,924;BR-040/MG;Norte;Queda de Carga;1;1;0;0;0;0;1
03/05/2017;03:27:00;96;Acidente sem Vítima;695,688;BR-040/MG;Sul;Abalroamento longitudinal;1;2;0;0;0;0;1
02/05/2017;05:09:00;95;Acidente sem Vítima;725,3;BR-040/MG;Norte;Atropelamento de animal;1;1;0;0;0;0;1
01/05/2017;10:12:00;77;Acidente sem Vítima;293,1;BR-040/MG;Sul;Capotamento;1;2;0;0;0;0;1
30/04/2017;15:38:00;165;Acidente sem Vítima;443;BR-040/MG;Sul;Abalroamento longitudinal;1;2;0;0;0;0;1
30/04/2017;08:43:00;63;Acidente sem Vítima;592,5;BR-040/MG;Sul;Colisão traseira;2;2;0;0;0;0;1
30/04/2017;06:59:00;44;Acidente com Vítima;508,6;BR-040/MG;Sul;Colisão traseira;1;31;1;0;0;0;1
29/04/2017;23:34:00;364;Acidente com Vítima;27,7;BR-040/GO;Norte;Colisão traseira;1;1;2;0;0;0;1
29/04/2017;10:37:00;149;Acidente sem Vítima;472,8;BR-040/MG;Norte;Abalroamento longitudinal;1;2;0;0;0;0;1
29/04/2017;04:22:00;46;Acidente com Vítima;514,825;BR-040/MG;Sul;Queda de Carga;1;0;1;0;0;0;1
28/04/2017;23:29:00;392;Acidente com Vítima;735,1;BR-040/MG;Sul;Abalroamento longitudinal;1;1;1;1;0;0;2
28/04/2017;20:45:00;364;Acidente sem Vítima;498,653;BR-040/MG;Sul;Abalroamento longitudinal;1;6;0;0;0;0;1
28/04/2017;18:47:00;318;Acidente sem Vítima;461,039;BR-040/MG;Sul;Queda de Carga;1;1;0;0;0;0;1
28/04/2017;18:19:00;306;Acidente sem Vítima;455,835;BR-040/MG;Sul;Capotamento;1;1;0;0;0;0;1
28/04/2017;10:10:00;174;Acidente com Vítima;571,15;BR-040/MG;Norte;Queda de Carga;1;0;1;0;0;0;1
28/04/2017;07:47:00;136;Acidente com Vítima;5,1;BR-040/DF;Norte;Colisão traseira;1;2;1;0;0;0;1
28/04/2017;03:38:00;97;Atropelamento com Morte;441,75;BR-040/MG;Norte;Atropelamento de pedestre atravessando;1;1;0;0;0;1;3
27/04/2017;23:19:00;406;Acidente sem Vítima;660,3;BR-040/MG;Norte;Colisão traseira;1;28;0;0;0;0;1
27/04/2017;19:36:00;366;Acidente sem Vítima;602,1;BR-040/MG;Sul;Abalroamento transversal;1;3;0;0;0;0;1
27/04/2017;07:39:00;155;Acidente sem Vítima;514,01;BR-040/MG;Sul;Colisão traseira;1;4;0;0;0;0;1
26/04/2017;23:51:00;396;Acidente com Vítima;535,339;BR-040/MG;Sul;Choque em barreira New Jersey;1;2;1;0;0;0;1
26/04/2017;20:58:00;368;Acidente sem Vítima;745,5;BR-040/MG;Sul;Atropelamento de animal;1;2;0;0;0;0;1
25/04/2017;21:40:00;359;Acidente com Vítima;390,2;BR-040/MG;Norte;Abalroamento transversal;1;2;1;0;0;0;1
25/04/2017;18:26:00;312;Acidente sem Vítima;536,5;BR-040/MG;Norte;Abalroamento longitudinal;1;2;0;0;0;0;1
25/04/2017;09:21:00;169;Acidente sem Vítima;3,4;BR-040/GO;Norte;Abalroamento longitudinal;1;2;0;0;0;0;1
24/04/2017;16:14:00;283;Acidente com Morte;176,59;BR-040/MG;Sul;Colisão frontal;1;1;0;0;0;3;3
23/04/2017;23:15:00;319;Acidente sem Vítima;696,172;BR-040/MG;Sul;Capotamento;1;1;0;0;0;0;1
23/04/2017;21:10:00;289;Acidente sem Vítima;12,1;BR-040/GO;Norte;Colisão traseira;1;2;0;0;0;0;1
23/04/2017;20:58:00;286;Acidente com Vítima;10,618;BR-040/GO;Norte;Colisão traseira;1;2;0;0;1;0;2
23/04/2017;16:54:00;191;Acidente sem Vítima;570,5;BR-040/MG;Norte;Abalroamento longitudinal;1;4;0;0;0;0;1
23/04/2017;15:15:00;158;Acidente sem Vítima;557,9;BR-040/MG;Sul;Colisão traseira;1;5;0;0;0;0;1
23/04/2017;14:49:00;155;Acidente sem Vítima;449,885;BR-040/MG;Norte;Queda de Carga;1;1;0;0;0;0;1
22/04/2017;19:55:00;216;Acidente sem Vítima;618;BR-040/MG;Sul;Abalroamento longitudinal;1;2;0;0;0;0;1
22/04/2017;19:22:00;208;Acidente sem Vítima;544,7;BR-040/MG;Sul;Colisão traseira;1;2;0;0;0;0;1
22/04/2017;18:49:00;199;Acidente sem Vítima;455,01;BR-040/MG;Norte;Colisão traseira;1;3;0;0;0;0;1
22/04/2017;18:07:00;180;Acidente sem Vítima;544,7;BR-040/MG;Sul;Abalroamento transversal;1;2;0;0;0;0;1
22/04/2017;14:57:00;130;Acidente com Vítima;455;BR-040/MG;Norte;Outros;1;0;1;0;0;0;1
21/04/2017;22:35:00;321;Acidente sem Vítima;469,46;BR-040/MG;Sul;Queda de Carga;1;1;0;0;0;0;1
21/04/2017;09:21:00;104;Acidente sem Vítima;615,12;BR-040/MG;Norte;Choque com objeto fixo;1;1;0;0;0;0;1
20/04/2017;19:00:00;363;Acidente sem Vítima;535,3;BR-040/MG;Norte;Abalroamento longitudinal;1;2;0;0;0;0;1
20/04/2017;16:34:00;316;Acidente sem Vítima;710,1;BR-040/MG;Sul;Queda de Carga;1;1;0;0;0;0;1
20/04/2017;11:01:00;210;Acidente sem Vítima;525,1;BR-040/MG;Norte;Colisão traseira;1;3;0;0;0;0;1
20/04/2017;00:41:00;7;Acidente sem Vítima;551,7;BR-040/MG;Norte;Colisão traseira;1;2;0;0;0;0;1
19/04/2017;18:35:00;332;Acidente sem Vítima;535,1;BR-040/MG;Norte;Abalroamento longitudinal;1;2;0;0;0;0;1
19/04/2017;13:45:00;251;Acidente sem Vítima;17,134;BR-040/GO;Sul;Capotamento;1;2;0;0;0;0;1
19/04/2017;12:19:00;227;Acidente sem Vítima;93;BR-040/GO;Sul;Abalroamento longitudinal;1;3;0;0;0;0;1
18/04/2017;07:22:00;135;Acidente com Vítima;532,95;BR-040/MG;Sul;Outros;1;2;1;0;0;0;1
17/04/2017;21:09:00;411;Atropelamento com Morte;474,3;BR-040/MG;Sul;Atropelamento de pedestre atravessando;1;3;0;0;0;1;3
17/04/2017;18:12:00;365;Acidente sem Vítima;23,5;BR-040/GO;Norte;Abalroamento longitudinal;1;3;0;0;0;0;1
17/04/2017;12:27:00;251;Acidente sem Vítima;631,15;BR-040/MG;Norte;Colisão traseira;1;2;0;0;0;0;1
17/04/2017;09:13:00;190;Acidente com Vítima;649,102;BR-040/MG;Sul;Abalroamento transversal;1;1;2;0;1;0;2
17/04/2017;07:54:00;160;Acidente sem Vítima;599,8;BR-040/MG;Sul;Abalroamento longitudinal;1;2;0;0;0;0;1
17/04/2017;04:55:00;118;Acidente sem Vítima;3,15;BR-040/GO;Sul;Colisão traseira;1;2;0;0;0;0;1
16/04/2017;20:34:00;299;Acidente com Vítima;281,558;BR-040/MG;Norte;Abalroamento longitudinal;1;1;0;2;0;0;2
16/04/2017;10:52:00;97;Acidente sem Vítima;728,78;BR-040/MG;Sul;Choque em barreira New Jersey;1;1;0;0;0;0;1
15/04/2017;13:43:00;141;Acidente com Vítima;437,47;BR-040/MG;Norte;Capotamento;1;0;1;0;0;0;1
14/04/2017;00:27:00;7;Acidente sem Vítima;532,1;BR-040/MG;Norte;Colisão traseira;1;5;0;0;0;0;1
13/04/2017;22:23:00;446;Acidente sem Vítima;633,7;BR-040/MG;Sul;Choque com objeto fixo;1;1;0;0;0;0;1
13/04/2017;19:17:00;397;Acidente sem Vítima;8,2;BR-040/GO;Norte;Queda de Carga;1;3;0;0;0;0;1
13/04/2017;18:08:00;359;Acidente sem Vítima;534,02;BR-040/MG;Norte;Abalroamento longitudinal;1;2;0;0;0;0;1
13/04/2017;11:20:00;236;Acidente sem Vítima;594,5;BR-040/MG;Norte;Colisão traseira;1;5;0;0;0;0;1
13/04/2017;07:37:00;152;Acidente sem Vítima;0,4;BR-040/GO;Norte;Abalroamento longitudinal;1;2;0;0;0;0;1
13/04/2017;06:35:00;134;Acidente sem Vítima;750,5;BR-040/MG;Norte;Queda de Carga;1;1;0;0;0;0;1
10/04/2017;16:16:00;324;Acidente com Vítima;538,09;BR-040/MG;Norte;Colisão traseira;2;4;1;0;0;0;1
10/04/2017;13:32:00;285;Acidente sem Vítima;477,03;BR-040/MG;Norte;Colisão traseira;2;2;0;0;0;0;1
10/04/2017;09:12:00;193;Acidente sem Vítima;682,3;BR-040/MG;Sul;Abalroamento longitudinal;1;2;0;0;0;0;1
10/04/2017;06:17:00;111;Acidente sem Vítima;474,4;BR-040/MG;Sul;Queda de Carga;1;1;0;0;0;0;1
10/04/2017;03:37:00;97;Acidente sem Vítima;584,31;BR-040/MG;Sul;Choque com objeto fixo;1;1;0;0;0;0;1
09/04/2017;21:06:00;251;Acidente sem Vítima;349,1;BR-040/MG;Norte;Atropelamento de animal;1;1;0;0;0;0;1
08/04/2017;17:58:00;231;Acidente sem Vítima;93,3;BR-040/MG;Sul;Colisão traseira;1;5;0;0;0;0;1
08/04/2017;14:59:00;184;Acidente com Vítima;656,8;BR-040/MG;Norte;Outros;1;0;1;0;0;0;1
07/04/2017;23:48:00;400;Acidente sem Vítima;577,2;BR-040/MG;Sul;Colisão traseira;1;4;0;0;0;0;1
07/04/2017;17:00:00;303;Acidente sem Vítima;526;BR-040/MG;Norte;Abalroamento longitudinal;2;3;0;0;0;0;1
07/04/2017;06:41:00;114;Acidente com Vítima;526;BR-040/MG;Norte;Colisão traseira;2;6;1;0;0;0;1
06/04/2017;16:27:00;302;Acidente com Vítima;738,5;BR-040/MG;Sul;Queda de Carga;1;0;1;0;0;0;1
06/04/2017;12:52:00;235;Acidente com Vítima;511;BR-040/MG;Norte;Outros;1;3;1;0;0;0;1
06/04/2017;11:15:00;217;Acidente sem Vítima;699,388;BR-040/MG;Sul;Abalroamento longitudinal;1;2;0;0;0;0;1
05/04/2017;17:57:00;319;Acidente com Vítima;503,87;BR-040/MG;Sul;Abalroamento longitudinal;1;1;1;0;0;0;1
05/04/2017;08:28:00;154;Acidente com Vítima;538,1;BR-040/MG;Norte;Colisão traseira;3;11;6;3;0;0;2
04/04/2017;21:25:00;357;Acidente com Vítima;750,4;BR-040/MG;Sul;Queda de Carga;1;0;0;2;0;0;2
04/04/2017;21:15:00;353;Acidente sem Vítima;697,7;BR-040/MG;Norte;Atropelamento de animal;1;1;0;0;0;0;1
04/04/2017;19:21:00;315;Atropelamento sem Morte;693,2;BR-040/MG;Sul;Atropelamento de pedestre atravessando;1;0;1;1;0;0;2
04/04/2017;12:08:00;212;Acidente com Vítima;9,9;BR-040/GO;Sul;Abalroamento longitudinal;1;1;0;1;0;0;2
04/04/2017;08:30:00;153;Acidente sem Vítima;536;BR-040/MG;Norte;Abalroamento longitudinal;1;10;0;0;0;0;1
03/04/2017;19:50:00;349;Atropelamento sem Morte;144,05;BR-040/MG;Sul;Atropelamento de pedestre atravessando;1;1;0;0;0;0;1
03/04/2017;14:33:00;263;Acidente sem Vítima;440,23;BR-040/MG;Sul;Capotamento;1;2;0;0;0;0;1
01/04/2017;07:46:00;82;Acidente sem Vítima;314,8;BR-040/MG;Sul;Abalroamento transversal;1;2;0;0;0;0;1
30/06/2017;20:20:00;352;Acidente sem Vítima;501,5;BR-040/MG;Norte;Abalroamento longitudinal;1;2;0;0;0;0;1
30/06/2017;14:00:00;240;Acidente com Vítima;529,1;BR-040/MG;Norte;Colisão traseira;1;1;0;2;0;0;2
30/06/2017;04:48:00;100;Acidente sem Vítima;129,05;BR-040/MG;Norte;Colisão traseira;1;2;0;0;0;0;1
29/06/2017;20:09:00;385;Acidente sem Vítima;267;BR-040/MG;Norte;Colisão traseira;1;2;0;0;0;0;1
29/06/2017;18:25:00;350;Acidente sem Vítima;19,9;BR-040/GO;Norte;Atropelamento de animal;1;1;0;0;0;0;1
29/06/2017;14:31:00;282;Acidente sem Vítima;520;BR-040/MG;Norte;Colisão traseira;1;5;0;0;0;0;1
29/06/2017;09:54:00;195;Acidente com Vítima;147,2;BR-040/MG;Norte;Abalroamento longitudinal;1;1;1;0;0;0;1
29/06/2017;09:48:00;193;Acidente sem Vítima;607,5;BR-040/MG;Norte;Colisão traseira;1;4;0;0;0;0;1
29/06/2017;09:27:00;188;Acidente com Vítima;628;BR-040/MG;Norte;Abalroamento longitudinal;1;2;1;0;0;0;1
29/06/2017;04:04:00;114;Acidente sem Vítima;723,2;BR-040/MG;Sul;Queda de Carga;1;1;0;0;0;0;1
28/06/2017;16:14:00;322;Acidente sem Vítima;728,035;BR-040/MG;Norte;Colisão traseira;1;2;0;0;0;0;1
28/06/2017;04:28:00;121;Acidente com Morte;614,1;BR-040/MG;Norte;Colisão traseira;1;1;0;0;0;1;3
27/06/2017;07:31:00;119;Acidente sem Vítima;749,015;BR-040/MG;Norte;Abalroamento longitudinal;1;2;0;0;0;0;1
27/06/2017;06:00:00;100;Acidente com Vítima;10,5;BR-040/GO;Norte;Colisão traseira;1;2;1;0;0;0;1
27/06/2017;00:56:00;5;Acidente com Vítima;768,3;BR-040/MG;Sul;Queda de Carga;1;0;1;0;0;0;1
26/06/2017;19:55:00;344;Acidente sem Vítima;466,077;BR-040/MG;Norte;Queda de Carga;1;0;0;0;0;0;1
26/06/2017;07:35:00;118;Acidente sem Vítima;214;BR-040/MG;Norte;Abalroamento longitudinal;2;2;0;0;0;0;1
26/06/2017;05:47:00;95;Acidente com Vítima;727,28;BR-040/MG;Norte;Choque em defensa;1;1;1;0;0;0;1
25/06/2017;21:44:00;284;Acidente com Vítima;570;BR-040/MG;Norte;Colisão traseira;2;1;1;0;0;0;1
25/06/2017;16:25:00;182;Acidente com Vítima;11,5;BR-040/GO;Norte;Colisão traseira;1;1;1;0;0;0;1
25/06/2017;07:13:00;53;Acidente sem Vítima;543,3;BR-040/MG;Sul;Abalroamento longitudinal;1;2;0;0;0;0;1
24/06/2017;14:34:00;177;Acidente sem Vítima;707,1;BR-040/MG;Sul;Colisão traseira;1;2;0;0;0;0;1
24/06/2017;12:59:00;145;Acidente com Vítima;247,8;BR-040/MG;Norte;Queda de Carga;1;0;1;0;0;0;1
24/06/2017;08:17:00;71;Acidente sem Vítima;4,9;BR-040/GO;Norte;Colisão traseira;1;3;0;0;0;0;1
24/06/2017;02:15:00;20;Acidente com Morte;147,5;BR-040/MG;Norte;Colisão frontal;1;1;0;0;0;1;3
23/06/2017;15:16:00;275;Acidente sem Vítima;529,235;BR-040/MG;Sul;Colisão traseira;1;2;0;0;0;0;1
23/06/2017;10:13:00;192;Acidente com Vítima;601,1;BR-040/MG;Norte;Colisão traseira;1;1;0;1;0;0;2
23/06/2017;09:13:00;171;Acidente sem Vítima;635,1;BR-040/MG;Sul;Colisão traseira;1;2;0;0;0;0;1
22/06/2017;17:24:00;286;Acidente sem Vítima;548,1;BR-040/MG;Norte;Colisão traseira;1;3;0;0;0;0;1
22/06/2017;16:27:00;275;Acidente sem Vítima;544,15;BR-040/MG;Norte;Colisão traseira;1;2;0;0;0;0;1
22/06/2017;13:53:00;234;Acidente sem Vítima;599,8;BR-040/MG;Norte;Colisão traseira;4;10;0;0;0;0;1
21/06/2017;21:19:00;384;Acidente sem Vítima;717,443;BR-040/MG;Norte;Choque em defensa;1;1;0;0;0;0;1
21/06/2017;08:26:00;168;Acidente com Vítima;299,8;BR-040/MG;Norte;Queda de Carga;1;0;1;0;0;0;1
20/06/2017;21:10:00;375;Acidente sem Vítima;576,01;BR-040/MG;Sul;Abalroamento transversal;1;5;0;0;0;0;1
20/06/2017;17:29:00;327;Acidente com Vítima;20,5;BR-040/GO;Sul;Queda de Carga;1;1;1;0;0;0;1
20/06/2017;16:32:00;310;Acidente com Vítima;526,4;BR-040/MG;Norte;Colisão traseira;1;56;5;0;0;0;1
20/06/2017;09:49:00;203;Acidente sem Vítima;4,7;BR-040/GO;Sul;Colisão traseira;1;4;0;0;0;0;1
20/06/2017;08:17:00;159;Acidente sem Vítima;668;BR-040/MG;Norte;Abalroamento longitudinal;1;2;0;0;0;0;1
19/06/2017;21:23:00;383;Acidente sem Vítima;79,5;BR-040/MG;Norte;Choque com objeto fixo;1;1;0;0;0;0;1
19/06/2017;19:50:00;372;Acidente sem Vítima;531,1;BR-040/MG;Sul;Abalroamento longitudinal;1;2;0;0;0;0;1
18/06/2017;20:34:00;307;Acidente sem Vítima;9,6;BR-040/GO;Sul;Colisão traseira;1;3;0;0;0;0;1
18/06/2017;11:48:00;110;Acidente sem Vítima;5,5;BR-040/GO;Sul;Colisão traseira;1;2;0;0;0;0;1
17/06/2017;07:02:00;30;Acidente sem Vítima;487;BR-040/MG;Norte;Colisão traseira;1;2;0;0;0;0;1
16/06/2017;17:51:00;228;Acidente sem Vítima;702,9;BR-040/MG;Norte;Abalroamento longitudinal;1;4;0;0;0;0;1
15/06/2017;22:51:00;323;Acidente com Vítima;565,28;BR-040/MG;Sul;Choque com objeto fixo;1;0;0;1;0;0;2
15/06/2017;14:52:00;195;Acidente sem Vítima;534,7;BR-040/MG;Norte;Abalroamento longitudinal;1;4;0;0;0;0;1
14/06/2017;20:38:00;374;Acidente sem Vítima;459,2;BR-040/MG;Sul;Colisão traseira;1;5;0;0;0;0;1
14/06/2017;10:35:00;201;Acidente sem Vítima;525;BR-040/MG;Norte;Colisão traseira;2;2;0;0;0;0;1
14/06/2017;08:35:00;140;Acidente sem Vítima;553;BR-040/MG;Sul;Abalroamento transversal;1;2;0;0;0;0;1
13/06/2017;18:09:00;323;Acidente com Vítima;647,577;BR-040/MG;Norte;Colisão traseira;1;1;0;1;0;0;2
13/06/2017;13:46:00;256;Acidente sem Vítima;543,191;BR-040/MG;Norte;Queda de Carga;1;3;0;0;0;0;1
13/06/2017;13:22:00;248;Acidente com Vítima;601,96;BR-040/MG;Sul;Choque com objeto fixo;1;0;1;0;0;0;1
12/06/2017;22:10:00;456;Acidente sem Vítima;451,9;BR-040/MG;Sul;Abalroamento longitudinal;1;18;0;0;0;0;1
12/06/2017;18:01:00;371;Acidente com Vítima;474,01;BR-040/MG;Sul;Colisão traseira;1;1;0;1;0;0;2
12/06/2017;13:24:00;253;Acidente sem Vítima;412,268;BR-040/MG;Sul;Abalroamento longitudinal;1;2;0;0;0;0;1
12/06/2017;07:39:00;136;Acidente com Vítima;2,6;BR-040/GO;Norte;Colisão traseira;2;0;2;0;0;0;1
11/06/2017;19:46:00;230;Acidente com Morte;608,344;BR-040/MG;Sul;Abalroamento longitudinal;1;1;0;0;1;2;3
10/06/2017;04:56:00;58;Acidente sem Vítima;38,85;BR-040/MG;Norte;Abalroamento longitudinal;1;5;0;0;0;0;1
09/06/2017;13:24:00;273;Acidente sem Vítima;491,8;BR-040/MG;Norte;Choque com objeto fixo;1;2;0;0;0;0;1
07/06/2017;19:01:00;378;Acidente com Vítima;528,5;BR-040/MG;Norte;Abalroamento longitudinal;1;2;1;0;0;0;1
07/06/2017;15:54:00;325;Acidente sem Vítima;596,86;BR-040/MG;Sul;Abalroamento longitudinal;1;2;0;0;0;0;1
07/06/2017;08:26:00;136;Acidente sem Vítima;2,01;BR-040/GO;Sul;Abalroamento longitudinal;1;2;0;0;0;0;1
07/06/2017;03:29:00;33;Acidente sem Vítima;765,4;BR-040/MG;Norte;Queda de Carga;1;1;0;0;0;0;1
06/06/2017;09:41:00;205;Acidente com Vítima;405,1;BR-040/MG;Sul;Colisão traseira;3;2;1;0;0;0;1
06/06/2017;08:05:00;163;Acidente sem Vítima;22,7;BR-040/MG;Sul;Abalroamento longitudinal;1;2;0;0;0;0;1
06/06/2017;08:03:00;162;Acidente sem Vítima;3,2;BR-040/GO;Norte;Colisão traseira;1;3;0;0;0;0;1
05/06/2017;10:19:00;210;Acidente com Vítima;4,5;BR-040/DF;Sul;Queda de Moto;1;1;1;0;0;0;1
05/06/2017;07:11:00;115;Acidente com Vítima;643,8;BR-040/MG;Norte;Colisão traseira;1;1;2;1;0;0;2
03/06/2017;20:07:00;307;Acidente sem Vítima;593,2;BR-040/MG;Norte;Outros;1;4;0;0;0;0;1
02/06/2017;23:09:00;440;Acidente com Vítima;519,3;BR-040/MG;Norte;Abalroamento longitudinal;1;30;1;0;0;0;1
02/06/2017;14:02:00;277;Acidente sem Vítima;224;BR-040/MG;Sul;Colisão traseira;1;2;0;0;0;0;1
02/06/2017;10:12:00;209;Acidente sem Vítima;533;BR-040/MG;Sul;Colisão traseira;1;2;0;0;0;0;1
02/06/2017;09:45:00;194;Acidente sem Vítima;525;BR-040/MG;Norte;Abalroamento longitudinal;1;2;0;0;0;0;1
02/06/2017;05:27:00;91;Acidente sem Vítima;224,5;BR-040/MG;Sul;Queda de Carga;1;1;0;0;0;0;1
01/06/2017;19:58:00;416;Acidente sem Vítima;608,3;BR-040/MG;Norte;Colisão traseira;1;2;0;0;0;0;1
01/06/2017;14:04:00;289;Acidente sem Vítima;668,1;BR-040/MG;Sul;Colisão traseira;1;4;0;0;0;0;1
01/06/2017;05:25:00;111;Acidente com Vítima;705,02;BR-040/MG;Norte;Queda de Carga;1;0;1;0;0;0;1
31/07/2017;16:45:00;284;Acidente sem Vítima;587,74;BR-040/MG;Norte;Colisão traseira;1;2;0;0;0;0;1
31/07/2017;13:04:00;228;Acidente sem Vítima;533;BR-040/MG;Sul;Colisão traseira;1;2;0;0;0;0;1
31/07/2017;11:54:00;207;Acidente sem Vítima;477,8;BR-040/MG;Norte;Queda de Carga;1;4;0;0;0;0;1
31/07/2017;11:00:00;187;Acidente sem Vítima;530;BR-040/MG;Sul;Queda de Carga;1;1;0;0;0;0;1
31/07/2017;06:01:00;124;Acidente sem Vítima;50,2;BR-040/GO;Norte;Choque com objeto fixo;1;1;0;0;0;0;1
31/07/2017;05:27:00;118;Acidente sem Vítima;14,5;BR-040/GO;Norte;Colisão traseira;1;2;0;0;0;0;1
31/07/2017;00:09:00;5;Acidente sem Vítima;683,52;BR-040/MG;Sul;Choque em defensa;1;1;0;0;0;0;1
30/07/2017;20:53:00;278;Acidente sem Vítima;484,11;BR-040/MG;Norte;Abalroamento longitudinal;1;2;0;0;0;0;1
30/07/2017;20:47:00;276;Acidente sem Vítima;509,18;BR-040/MG;Sul;Colisão traseira;1;5;0;0;0;0;1
30/07/2017;09:09:00;80;Acidente sem Vítima;547,65;BR-040/MG;Sul;Colisão traseira;1;2;0;0;0;0;1
29/07/2017;23:08:00;347;Acidente com Vítima;10,015;BR-040/GO;Sul;Abalroamento longitudinal;1;4;0;1;0;0;2
29/07/2017;15:20:00;217;Atropelamento com Morte;636,1;BR-040/MG;Norte;Atropelamento de pedestre atravessando;1;1;0;0;0;1;3
29/07/2017;11:04:00;146;Acidente com Vítima;445,97;BR-040/MG;Norte;Queda de Moto;1;1;1;0;0;0;1
29/07/2017;07:12:00;62;Acidente sem Vítima;735,001;BR-040/MG;Norte;Choque com objeto fixo;1;2;0;0;0;0;1
29/07/2017;06:11:00;55;Acidente com Vítima;319,8;BR-040/MG;Norte;Colisão traseira;1;2;1;0;0;0;1
29/07/2017;04:18:00;45;Acidente sem Vítima;527;BR-040/MG;Norte;Colisão traseira;2;2;0;0;0;0;1
28/07/2017;18:37:00;305;Acidente com Vítima;676,6;BR-040/MG;Norte;Choque com objeto fixo;1;0;0;1;0;0;2
28/07/2017;14:37:00;227;Acidente com Vítima;528,36;BR-040/MG;Sul;Colisão traseira;1;2;0;3;0;0;2
27/07/2017;15:52:00;246;Acidente sem Vítima;541,47;BR-040/MG;Sul;Colisão traseira;1;6;0;0;0;0;1
27/07/2017;14:58:00;235;Acidente sem Vítima;613,15;BR-040/MG;Sul;Abalroamento longitudinal;2;2;0;0;0;0;1
27/07/2017;02:58:00;39;Acidente sem Vítima;518,3;BR-040/MG;Sul;Colisão traseira;1;6;0;0;0;0;1
26/07/2017;23:27:00;409;Acidente com Vítima;601,189;BR-040/MG;Norte;Colisão traseira;2;1;0;0;1;0;2
26/07/2017;23:01:00;404;Acidente sem Vítima;7,4;BR-040/GO;Norte;Colisão traseira;1;2;0;0;0;0;1