data;horario;n_da_ocorrencia;tipo_de_ocorrencia;km;trecho;sentido;tipo_de_acidente;caminhao;ilesos;levemente_feridos;moderadamente_feridos;gravemente_feridos;mortos;3
07/11/2017;08:51:00;161;Acidente sem Vítima;504,9;BR-040/MG;Sul;Colisão traseira;1;2;0;0;0;0;1
06/11/2017;22:08:00;331;Acidente com Vítima;508,5;BR-040/MG;Sul;Atropelamento de animal;2;6;1;0;0;0;1
06/11/2017;17:55:00;270;Acidente sem Vítima;563,145;BR-040/MG;Sul;Choque com objeto fixo;1;1;0;0;0;0;1
06/11/2017;16:04:00;244;Acidente sem Vítima;582,6;BR-040/MG;Sul;Colisão traseira;1;2;0;0;0;0;1
06/11/2017;14:31:00;214;Acidente sem Vítima;563,05;BR-040/MG;Sul;Colisão traseira;1;6;0;0;0;0;1
06/11/2017;07:40:00;114;Acidente sem Vítima;42,1;BR-040/GO;Norte;Queda de Carga;1;2;0;0;0;0;1
06/11/2017;06:53:00;98;Acidente sem Vítima;587,5;BR-040/MG;Norte;Colisão traseira;1;2;0;0;0;0;1
05/11/2017;10:33:00;84;Acidente sem Vítima;498,6;BR-040/MG;Sul;Abalroamento longitudinal;1;3;0;0;0;0;1
05/11/2017;04:02:00;28;Acidente sem Vítima;468,072;BR-040/MG;Sul;Queda de Carga;1;1;0;0;0;0;1
04/11/2017;15:14:00;165;Acidente sem Vítima;569,15;BR-040/MG;Norte;Choque em veículo parado na pista;1;4;0;0;0;0;1
04/11/2017;00:15:00;3;Acidente sem Vítima;255,2;BR-040/MG;Sul;Queda de Carga;1;1;0;0;0;0;1
02/11/2017;22:29:00;224;Acidente com Morte;101,5;BR-040/GO;Norte;Abalroamento longitudinal;1;1;0;1;0;1;3
02/11/2017;19:51:00;194;Acidente com Vítima;690,85;BR-040/MG;Norte;Abalroamento longitudinal;1;47;0;2;0;0;2
01/11/2017;09:08:00;146;Acidente sem Vítima;526,5;BR-040/MG;Norte;Colisão traseira;1;2;0;0;0;0;1
01/11/2017;07:29:00;110;Acidente sem Vítima;468,35;BR-040/MG;Norte;Abalroamento longitudinal;1;2;0;0;0;0;1
31/12/2017;22:03:00;254;Acidente sem Vítima;267,2;BR-040/MG;Norte;Choque em veículo parado na pista;2;2;0;0;0;0;1
30/12/2017;08:52:00;77;Acidente sem Vítima;668,1;BR-040/MG;Norte;Colisão frontal;1;3;0;0;0;0;1
29/12/2017;21:54:00;366;Acidente sem Vítima;1;BR-040/DF;Norte;Queda de Carga;1;1;0;0;0;0;1
29/12/2017;17:03:00;267;Acidente sem Vítima;34,3;BR-040/MG;Sul;Queda de Carga;1;1;0;0;0;0;1
29/12/2017;13:23:00;196;Acidente sem Vítima;19,2;BR-040/GO;Sul;Colisão traseira;1;16;0;0;0;0;1
29/12/2017;06:32:00;86;Atropelamento com Morte;697;BR-040/MG;Sul;Atropelamento de ciclista;1;2;0;0;0;1;3
29/12/2017;04:23:00;74;Acidente com Vítima;504,5;BR-040/MG;Sul;Colisão traseira;2;6;1;0;0;0;1
28/12/2017;18:03:00;337;Acidente com Vítima;517,32;BR-040/MG;Norte;Colisão traseira;1;7;2;1;0;0;2
28/12/2017;16:06:00;304;Acidente sem Vítima;468,1;BR-040/MG;Norte;Colisão traseira;1;2;0;0;0;0;1
28/12/2017;13:23:00;255;Acidente sem Vítima;10,9;BR-040/GO;Sul;Colisão traseira;1;5;0;0;0;0;1
28/12/2017;09:12:00;162;Acidente sem Vítima;544,1;BR-040/MG;Norte;Abalroamento longitudinal;1;2;0;0;0;0;1
28/12/2017;06:53:00;122;Acidente com Vítima;282,2;BR-040/MG;Sul;Colisão traseira;1;2;1;2;0;0;2
28/12/2017;05:20:00;110;Acidente sem Vítima;494,1;BR-040/MG;Sul;Colisão traseira;2;2;0;0;0;0;1
27/12/2017;16:30:00;349;Acidente com Vítima;739,3;BR-040/MG;Norte;Queda de Carga;1;1;1;0;0;0;1
27/12/2017;11:38:00;235;Acidente sem Vítima;508;BR-040/MG;Norte;Colisão traseira;1;2;0;0;0;0;1
27/12/2017;07:59:00;149;Acidente com Vítima;536;BR-040/MG;Sul;Abalroamento longitudinal;1;3;1;0;0;0;1
27/12/2017;05:25:00;109;Acidente sem Vítima;577;BR-040/MG;Sul;Abalroamento longitudinal;1;2;0;0;0;0;1
26/12/2017;14:55:00;272;Acidente com Vítima;688,4;BR-040/MG;Sul;Queda de Carga;1;0;0;1;0;0;2
26/12/2017;03:52:00;77;Acidente sem Vítima;277,7;BR-040/MG;Sul;Queda de Carga;1;1;0;0;0;0;1
25/12/2017;15:14:00;123;Acidente sem Vítima;534,4;BR-040/MG;Norte;Queda de Carga;1;1;0;0;0;0;1
23/12/2017;14:43:00;210;Acidente sem Vítima;513,15;BR-040/MG;Norte;Choque em veículo parado na pista;2;2;0;0;0;0;1
23/12/2017;14:04:00;200;Acidente com Vítima;85;BR-040/MG;Norte;Abalroamento longitudinal;2;1;1;0;0;0;1
23/12/2017;13:09:00;178;Acidente sem Vítima;729,5;BR-040/MG;Norte;Queda de Carga;1;1;0;0;0;0;1
23/12/2017;07:01:00;61;Acidente sem Vítima;611,3;BR-040/MG;Norte;Colisão traseira;1;2;0;0;0;0;1
23/12/2017;05:48:00;40;Acidente com Vítima;705,03;BR-040/MG;Norte;Queda de Carga;1;0;0;1;0;0;2
22/12/2017;22:05:00;446;Acidente com Vítima;1,5;BR-040/DF;Sul;Abalroamento longitudinal;1;1;1;0;0;0;1
22/12/2017;18:17:00;343;Acidente sem Vítima;455,1;BR-040/MG;Norte;Colisão traseira;1;2;0;0;0;0;1
22/12/2017;16:48:00;307;Acidente sem Vítima;6,2;BR-040/DF;Norte;Colisão traseira;1;3;0;0;0;0;1
22/12/2017;15:14:00;263;Acidente sem Vítima;565,15;BR-040/MG;Sul;Queda de Carga;1;1;0;0;0;0;1
22/12/2017;14:44:00;250;Acidente sem Vítima;585,96;BR-040/MG;Norte;Colisão traseira;1;5;0;0;0;0;1
22/12/2017;14:23:00;239;Acidente sem Vítima;485,15;BR-040/MG;Norte;Outros;1;2;0;0;0;0;1
22/12/2017;12:34:00;209;Acidente sem Vítima;754,2;BR-040/MG;Sul;Queda de Carga;1;1;0;0;0;0;1
22/12/2017;08:50:00;130;Acidente com Vítima;5,5;BR-040/GO;Sul;Queda de Moto;1;30;0;1;0;0;2
21/12/2017;21:00:00;408;Acidente sem Vítima;405,5;BR-040/MG;Sul;Outros;1;2;0;0;0;0;1
21/12/2017;14:02:00;255;Acidente com Vítima;608,1;BR-040/MG;Sul;Colisão traseira;1;3;7;0;0;0;1
21/12/2017;04:33:00;99;Acidente sem Vítima;280,7;BR-040/MG;Sul;Queda de Carga;1;1;0;0;0;0;1
20/12/2017;22:15:00;436;Acidente sem Vítima;456,036;BR-040/MG;Norte;Choque com objeto fixo;1;2;0;0;0;0;1
20/12/2017;04:29:00;102;Acidente com Vítima;595,8;BR-040/MG;Norte;Queda de Carga;1;0;1;0;0;0;1
20/12/2017;04:07:00;98;Acidente sem Vítima;526,5;BR-040/MG;Norte;Colisão traseira;1;3;0;0;0;0;1
19/12/2017;20:01:00;411;Acidente sem Vítima;536,2;BR-040/MG;Norte;Colisão traseira;1;28;0;0;0;0;1
19/12/2017;18:17:00;371;Acidente sem Vítima;539,1;BR-040/MG;Norte;Colisão traseira;1;4;0;0;0;0;1
19/12/2017;16:03:00;329;Acidente sem Vítima;737,2;BR-040/MG;Norte;Abalroamento longitudinal;1;2;0;0;0;0;1
19/12/2017;13:54:00;276;Acidente sem Vítima;507,1;BR-040/MG;Norte;Queda de Carga;1;1;0;0;0;0;1
19/12/2017;08:24:00;159;Acidente sem Vítima;75,15;BR-040/GO;Sul;Abalroamento longitudinal;1;2;0;0;0;0;1
19/12/2017;00:53:00;10;Acidente sem Vítima;277,9;BR-040/MG;Sul;Queda de Carga;1;1;0;0;0;0;1
18/12/2017;21:33:00;417;Acidente sem Vítima;756,9;BR-040/MG;Norte;Choque em barreira New Jersey;1;1;0;0;0;0;1
18/12/2017;18:58:00;378;Acidente sem Vítima;603,8;BR-040/MG;Sul;Abalroamento longitudinal;2;2;0;0;0;0;1
18/12/2017;12:45:00;261;Acidente sem Vítima;522,5;BR-040/MG;Norte;Queda de Carga;1;1;0;0;0;0;1
18/12/2017;11:27:00;236;Acidente sem Vítima;1,05;BR-040/DF;Norte;Outros;1;1;0;0;0;0;1
18/12/2017;11:26:00;235;Acidente com Vítima;630;BR-040/MG;Sul;Abalroamento longitudinal;1;2;1;0;0;0;1
18/12/2017;10:14:00;206;Acidente sem Vítima;627;BR-040/MG;Sul;Colisão traseira;1;2;0;0;0;0;1
18/12/2017;07:36:00;136;Acidente sem Vítima;643;BR-040/MG;Sul;Colisão traseira;2;2;0;0;0;0;1
18/12/2017;06:35:00;112;Acidente sem Vítima;686,55;BR-040/MG;Sul;Abalroamento longitudinal;1;2;0;0;0;0;1
17/12/2017;14:29:00;212;Acidente sem Vítima;490,1;BR-040/MG;Norte;Colisão traseira;1;2;0;0;0;0;1
17/12/2017;01:04:00;22;Acidente sem Vítima;141,087;BR-040/GO;Sul;Atropelamento de animal;1;1;0;0;0;0;1
16/12/2017;16:18:00;277;Acidente com Vítima;510,1;BR-040/MG;Norte;Colisão traseira;1;5;1;0;0;0;1
16/12/2017;16:18:00;278;Acidente com Vítima;590,8;BR-040/MG;Norte;Choque em barreira New Jersey;1;0;1;0;0;0;1
16/12/2017;15:30:00;260;Acidente com Vítima;533,8;BR-040/MG;Sul;Colisão traseira;1;1;1;0;0;0;1
16/12/2017;14:57:00;250;Acidente sem Vítima;464,1;BR-040/MG;Norte;Choque em defensa;1;1;0;0;0;0;1
16/12/2017;14:33:00;240;Acidente sem Vítima;594,5;BR-040/MG;Sul;Colisão traseira;2;2;0;0;0;0;1
16/12/2017;13:40:00;226;Acidente sem Vítima;728,8;BR-040/MG;Sul;Choque em barreira New Jersey;1;1;0;0;0;0;1
16/12/2017;12:50:00;212;Acidente sem Vítima;340,8;BR-040/MG;Norte;Atropelamento de animal;1;1;0;0;0;0;1
16/12/2017;02:36:00;34;Acidente com Vítima;613;BR-040/MG;Sul;Colisão frontal;1;1;1;1;0;0;2
16/12/2017;01:32:00;13;Acidente sem Vítima;705,5;BR-040/MG;Sul;Queda de Carga;1;1;0;0;0;0;1
15/12/2017;16:49:00;338;Acidente sem Vítima;611,5;BR-040/MG;Sul;Colisão traseira;1;6;0;0;0;0;1
15/12/2017;15:54:00;321;Acidente com Vítima;574,2;BR-040/MG;Sul;Capotamento;1;0;0;1;0;0;2
15/12/2017;08:16:00;147;Acidente sem Vítima;42,15;BR-040/MG;Norte;Outros;1;3;0;0;0;0;1
14/12/2017;21:27:00;411;Acidente sem Vítima;714;BR-040/MG;Sul;Colisão traseira;1;2;0;0;0;0;1
14/12/2017;12:31:00;242;Acidente sem Vítima;527,5;BR-040/MG;Norte;Outros;1;2;0;0;0;0;1
14/12/2017;08:25:00;155;Acidente com Vítima;536,1;BR-040/MG;Norte;Queda de Moto;1;2;1;0;0;0;1
13/12/2017;22:48:00;371;Acidente sem Vítima;527,1;BR-040/MG;Sul;Outros;1;2;0;0;0;0;1
13/12/2017;21:38:00;351;Acidente sem Vítima;507,9;BR-040/MG;Sul;Atropelamento de animal;1;1;0;0;0;0;1
13/12/2017;18:12:00;272;Acidente sem Vítima;3,4;BR-040/GO;Sul;Choque com objeto fixo;1;1;0;0;0;0;1
13/12/2017;13:03:00;197;Acidente com Vítima;527,25;BR-040/MG;Norte;Queda de Moto;1;2;0;0;1;0;2
13/12/2017;03:44:00;64;Acidente sem Vítima;279,05;BR-040/MG;Norte;Atropelamento de animal;1;1;0;0;0;0;1
13/12/2017;01:26:00;57;Acidente sem Vítima;559,1;BR-040/MG;Norte;Colisão traseira;1;2;0;0;0;0;1
12/12/2017;15:30:00;260;Acidente com Vítima;543,94;BR-040/MG;Norte;Colisão traseira;1;15;1;0;0;0;1
11/12/2017;20:57:00;392;Acidente sem Vítima;0,8;BR-040/GO;Sul;Abalroamento longitudinal;1;2;0;0;0;0;1
11/12/2017;20:40:00;388;Acidente sem Vítima;587,1;BR-040/MG;Sul;Choque com objeto fixo;2;2;0;0;0;0;1
11/12/2017;17:59:00;344;Acidente sem Vítima;65,037;BR-040/GO;Sul;Queda de Carga;1;1;0;0;0;0;1
11/12/2017;17:01:00;326;Acidente sem Vítima;406;BR-040/MG;Sul;Capotamento;1;1;0;0;0;0;1
11/12/2017;14:07:00;242;Acidente sem Vítima;609,15;BR-040/MG;Norte;Outros;1;1;0;0;0;0;1
11/12/2017;09:37:00;155;Acidente com Vítima;712,2;BR-040/MG;Sul;Queda de Carga;1;0;2;0;0;0;1
10/12/2017;23:38:00;367;Acidente com Vítima;637,1;BR-040/MG;Norte;Abalroamento transversal;1;1;0;0;0;0;1
09/12/2017;03:31:00;50;Acidente sem Vítima;512,1;BR-040/MG;Norte;Colisão traseira;1;2;0;0;0;0;1
08/12/2017;20:05:00;341;Acidente sem Vítima;723,4;BR-040/MG;Norte;Abalroamento longitudinal;1;7;0;0;0;0;1
08/12/2017;18:33:00;298;Acidente com Vítima;503,48;BR-040/MG;Sul;Capotamento;1;3;0;4;0;0;2
08/12/2017;11:01:00;150;Acidente sem Vítima;639,5;BR-040/MG;Sul;Colisão traseira;2;2;0;0;0;0;1
07/12/2017;21:32:00;413;Atropelamento sem Morte;520,2;BR-040/MG;Norte;Atropelamento de pedestre atravessando;1;30;0;0;1;0;2
07/12/2017;15:15:00;278;Acidente sem Vítima;515,5;BR-040/MG;Sul;Choque com objeto fixo;1;1;0;0;0;0;1
06/12/2017;22:20:00;358;Acidente sem Vítima;144,01;BR-040/MG;Sul;Abalroamento longitudinal;1;3;0;0;0;0;1
06/12/2017;20:50:00;341;Acidente sem Vítima;511,05;BR-040/MG;Norte;Abalroamento longitudinal;2;3;0;0;0;0;1
06/12/2017;08:39:00;143;Acidente com Morte;140,1;BR-040/MG;Norte;Abalroamento transversal;1;1;0;0;0;1;3
06/12/2017;06:24:00;89;Acidente sem Vítima;49;BR-040/MG;Norte;Outros;1;1;0;0;0;0;1
05/12/2017;16:22:00;301;Acidente com Vítima;565,5;BR-040/MG;Sul;Colisão traseira;1;2;1;0;0;0;1
05/12/2017;14:31:00;266;Acidente sem Vítima;533,2;BR-040/MG;Norte;Colisão traseira;2;2;0;0;0;0;1
04/12/2017;18:38:00;323;Acidente sem Vítima;557,5;BR-040/MG;Sul;Abalroamento longitudinal;1;2;0;0;0;0;1
04/12/2017;11:49:00;198;Acidente sem Vítima;528,8;BR-040/MG;Norte;Colisão traseira;1;2;0;0;0;0;1
04/12/2017;09:47:00;168;Acidente sem Vítima;262,1;BR-040/MG;Norte;Queda de Carga;1;1;0;0;0;0;1
04/12/2017;02:43:00;76;Acidente sem Vítima;631;BR-040/MG;Sul;Atropelamento de animal;1;16;0;0;0;0;1
03/12/2017;20:23:00;319;Acidente sem Vítima;443,1;BR-040/MG;Sul;Choque em defensa;1;1;0;0;0;0;1
02/12/2017;21:36:00;388;Acidente sem Vítima;679,5;BR-040/MG;Norte;Choque em defensa;1;1;0;0;0;0;1
02/12/2017;14:54:00;270;Acidente com Vítima;521,5;BR-040/MG;Norte;Queda de Carga;1;1;1;0;0;0;1
02/12/2017;01:09:00;15;Atropelamento com Morte;32,05;BR-040/GO;Norte;Atropelamento de pedestre caminhando;1;1;0;0;0;1;3
01/12/2017;23:04:00;400;Acidente sem Vítima;473,2;BR-040/MG;Norte;Choque com objeto fixo;1;1;0;0;0;0;1
01/12/2017;21:50:00;385;Acidente sem Vítima;455,2;BR-040/MG;Norte;Choque com objeto fixo;1;1;0;0;0;0;1
01/12/2017;19:00:00;332;Acidente sem Vítima;705;BR-040/MG;Sul;Capotamento;1;1;0;0;0;0;1
01/12/2017;18:52:00;329;Acidente sem Vítima;592,12;BR-040/MG;Norte;Choque em defensa;1;1;0;0;0;0;1
01/12/2017;15:27:00;256;Acidente sem Vítima;544,8;BR-040/MG;Sul;Colisão traseira;1;3;0;0;0;0;1
01/12/2017;13:44:00;232;Acidente sem Vítima;563,1;BR-040/MG;Sul;Choque com objeto fixo;1;2;0;0;0;0;1
01/12/2017;06:41:00;106;Acidente com Morte;89,2;BR-040/MG;Sul;Abalroamento longitudinal;2;1;0;0;0;1;3
01/12/2017;01:18:00;27;Acidente sem Vítima;437,49;BR-040/MG;Norte;Choque em defensa;1;1;0;0;0;0;1
31/01/2018;21:52:00;391;Acidente sem Vítima;42,8;BR-040/GO;Norte;Choque com objeto fixo;1;1;0;0;0;0;1
31/01/2018;17:42:00;333;Acidente sem Vítima;509,9;BR-040/MG;Norte;Queda de Carga;1;1;0;0;0;0;1
31/01/2018;14:58:00;275;Acidente sem Vítima;501,1;BR-040/MG;Norte;Choque com objeto fixo;1;1;0;0;0;0;1
31/01/2018;14:37:00;269;Acidente com Vítima;504,5;BR-040/MG;Norte;Outros;1;1;1;0;0;0;1
31/01/2018;10:16:00;195;Acidente sem Vítima;588,4;BR-040/MG;Sul;Colisão traseira;2;3;0;0;0;0;1
31/01/2018;09:17:00;172;Acidente com Vítima;588,5;BR-040/MG;Norte;Queda de Carga;1;0;2;0;0;0;1
31/01/2018;08:35:00;159;Acidente sem Vítima;425,9;BR-040/MG;Sul;Queda de Carga;1;1;0;0;0;0;1
30/01/2018;21:41:00;405;Acidente sem Vítima;667;BR-040/MG;Sul;Colisão traseira;1;2;0;0;0;0;1
30/01/2018;17:38:00;303;Acidente com Vítima;469,1;BR-040/MG;Norte;Abalroamento longitudinal;1;2;0;1;0;0;2
30/01/2018;16:15:00;282;Acidente com Vítima;766,972;BR-040/MG;Sul;Colisão frontal;1;3;1;0;1;0;2
30/01/2018;16:06:00;277;Acidente com Vítima;160,01;BR-040/MG;Norte;Abalroamento longitudinal;1;4;0;1;0;0;2
30/01/2018;15:00:00;261;Acidente sem Vítima;573,15;BR-040/MG;Sul;Colisão traseira;2;21;0;0;0;0;1
30/01/2018;14:00:00;242;Acidente sem Vítima;472,2;BR-040/MG;Sul;Colisão traseira;1;2;0;0;0;0;1
30/01/2018;07:30:00;99;Acidente com Vítima;524,1;BR-040/MG;Sul;Colisão traseira;1;5;1;0;0;0;1
30/01/2018;06:10:00;85;Acidente sem Vítima;611,643;BR-040/MG;Sul;Colisão traseira;2;2;0;0;0;0;1
29/01/2018;21:36:00;367;Acidente com Vítima;66,44;BR-040/GO;Norte;Colisão traseira;1;1;0;1;0;0;2
29/01/2018;17:22:00;274;Acidente sem Vítima;526,005;BR-040/MG;Norte;Colisão traseira;1;2;0;0;0;0;1
29/01/2018;17:22:00;286;Acidente sem Vítima;526,005;BR-040/MG;Norte;Abalroamento longitudinal;1;2;0;0;0;0;1
29/01/2018;14:26:00;221;Acidente sem Vítima;528,8;BR-040/MG;Sul;Abalroamento longitudinal;1;2;0;0;0;0;1
29/01/2018;12:09:00;187;Acidente sem Vítima;505,7;BR-040/MG;Norte;Colisão traseira;1;3;0;0;0;0;1
29/01/2018;07:23:00;108;Acidente sem Vítima;493,1;BR-040/MG;Norte;Colisão traseira;1;52;0;0;0;0;1
29/01/2018;05:25:00;89;Acidente sem Vítima;462,7;BR-040/MG;Sul;Choque com objeto fixo;1;1;0;0;0;0;1
28/01/2018;18:47:00;277;Acidente sem Vítima;462,3;BR-040/MG;Sul;Colisão traseira;1;8;0;0;0;0;1
28/01/2018;17:16:00;255;Acidente sem Vítima;626,5;BR-040/MG;Sul;Abalroamento longitudinal;1;2;0;0;0;0;1
27/01/2018;09:00:00;105;Acidente sem Vítima;2;BR-040/GO;Norte;Colisão traseira;1;2;0;0;0;0;1
26/01/2018;06:54:00;100;Acidente sem Vítima;604;BR-040/MG;Sul;Abalroamento transversal;1;16;0;0;0;0;1
26/01/2018;06:28:00;95;Acidente sem Vítima;515,5;BR-040/MG;Sul;Abalroamento longitudinal;1;2;0;0;0;0;1
25/01/2018;12:47:00;212;Acidente sem Vítima;613,6;BR-040/MG;Sul;Colisão traseira;1;5;0;0;0;0;1
24/01/2018;21:03:00;362;Acidente sem Vítima;671,6;BR-040/MG;Norte;Queda de Carga;1;2;0;0;0;0;1
24/01/2018;19:59:00;345;Acidente sem Vítima;536;BR-040/MG;Sul;Outros;1;3;0;0;0;0;1
24/01/2018;18:08:00;317;Acidente sem Vítima;464,4;BR-040/MG;Sul;Queda de Carga;1;3;0;0;0;0;1
24/01/2018;17:25:00;301;Acidente com Vítima;460,15;BR-040/MG;Sul;Capotamento;1;0;2;1;0;0;2
24/01/2018;16:59:00;292;Acidente com Vítima;333;BR-040/MG;Norte;Abalroamento longitudinal;1;1;1;2;0;0;2
24/01/2018;14:53:00;239;Acidente sem Vítima;753,85;BR-040/MG;Sul;Colisão traseira;1;2;0;0;0;0;1
24/01/2018;12:17:00;193;Acidente com Vítima;770,2;BR-040/MG;Sul;Abalroamento transversal;1;1;2;0;0;0;1
24/01/2018;07:20:00;95;Acidente sem Vítima;532,6;BR-040/MG;Sul;Colisão traseira;2;3;0;0;0;0;1
24/01/2018;05:44:00;77;Acidente com Morte;510,6;BR-040/MG;Sul;Colisão traseira;1;1;0;0;0;1;3
24/01/2018;04:11:00;74;Acidente sem Vítima;410,4;BR-040/MG;Sul;Queda de Carga;1;3;0;0;0;0;1
23/01/2018;18:13:00;347;Acidente sem Vítima;509,3;BR-040/MG;Norte;Abalroamento longitudinal;2;4;0;0;0;0;1
23/01/2018;04:18:00;89;Acidente sem Vítima;457,07;BR-040/MG;Sul;Queda de Carga;1;1;0;0;0;0;1
22/01/2018;04:54:00;85;Acidente sem Vítima;599,07;BR-040/MG;Sul;Colisão traseira;2;2;0;0;0;0;1
21/01/2018;16:20:00;173;Acidente sem Vítima;749,1;BR-040/MG;Norte;Queda de Carga;1;1;0;0;0;0;1
21/01/2018;14:10:00;132;Acidente sem Vítima;15,432;BR-040/GO;Sul;Colisão traseira;1;2;0;0;0;0;1
21/01/2018;12:14:00;108;Acidente sem Vítima;372,6;BR-040/MG;Norte;Colisão traseira;2;2;0;0;0;0;1
21/01/2018;11:43:00;100;Acidente com Vítima;486,15;BR-040/MG;Sul;Queda de Carga;1;1;0;1;0;0;2
20/01/2018;09:55:00;139;Atropelamento sem Morte;16,15;BR-040/GO;Sul;Atropelamento de pedestre atravessando;1;2;0;1;0;0;2
20/01/2018;03:14:00;48;Acidente com Vítima;467,8;BR-040/MG;Sul;Colisão traseira;2;1;0;1;0;0;2
20/01/2018;01:54:00;37;Acidente sem Vítima;518;BR-040/MG;Norte;Abalroamento longitudinal;1;2;0;0;0;0;1
19/01/2018;18:11:00;281;Acidente com Vítima;533,1;BR-040/MG;Norte;Colisão traseira;1;4;0;1;0;0;2
19/01/2018;09:13:00;123;Acidente sem Vítima;530,33;BR-040/MG;Norte;Abalroamento longitudinal;1;2;0;0;0;0;1
19/01/2018;05:48:00;81;Acidente sem Vítima;528,42;BR-040/MG;Sul;Choque com objeto fixo;1;1;0;0;0;0;1
19/01/2018;04:04:00;74;Acidente com Vítima;486,3;BR-040/MG;Norte;Colisão traseira;1;1;0;1;0;0;2
18/01/2018;17:34:00;328;Acidente com Vítima;614,1;BR-040/MG;Sul;Colisão frontal;1;1;1;0;0;0;1
18/01/2018;15:07:00;281;Acidente sem Vítima;504,9;BR-040/MG;Sul;Colisão traseira;2;2;0;0;0;0;1
18/01/2018;06:35:00;89;Acidente sem Vítima;57,95;BR-040/MG;Norte;Capotamento;1;2;0;0;0;0;1
17/01/2018;14:59:00;237;Acidente sem Vítima;605,5;BR-040/MG;Sul;Choque com objeto fixo;1;1;0;0;0;0;1
17/01/2018;09:54:00;160;Acidente com Morte;677,1;BR-040/MG;Sul;Colisão traseira;2;1;1;0;0;1;3
15/01/2018;20:52:00;381;Acidente sem Vítima;385,5;BR-040/MG;Norte;Colisão traseira;2;2;0;0;0;0;1
15/01/2018;16:13:00;303;Acidente sem Vítima;418;BR-040/MG;Sul;Abalroamento longitudinal;1;2;0;0;0;0;1
15/01/2018;16:04:00;298;Acidente sem Vítima;4,8;BR-040/MG;Norte;Colisão traseira;1;7;0;0;0;0;1
15/01/2018;13:27:00;246;Acidente sem Vítima;503;BR-040/MG;Sul;Atropelamento de animal;1;1;0;0;0;0;1
14/01/2018;22:00:00;294;Acidente com Morte;517,63;BR-040/MG;Norte;Abalroamento longitudinal;1;1;0;0;0;1;3
14/01/2018;19:52:00;254;Acidente sem Vítima;570,1;BR-040/MG;Norte;Abalroamento longitudinal;1;5;0;0;0;0;1
14/01/2018;14:16:00;143;Acidente sem Vítima;468,1;BR-040/MG;Sul;Colisão traseira;1;2;0;0;0;0;1
14/01/2018;07:10:00;59;Acidente sem Vítima;444,1;BR-040/MG;Sul;Queda de Carga;1;1;0;0;0;0;1
14/01/2018;03:07:00;37;Acidente sem Vítima;487,5;BR-040/MG;Sul;Colisão traseira;1;4;0;0;0;0;1
13/01/2018;16:51:00;235;Acidente com Vítima;570,1;BR-040/MG;Sul;Outros;1;6;1;0;0;0;1
13/01/2018;15:37:00;221;Acidente com Vítima;148,3;BR-040/MG;Norte;Abalroamento longitudinal;1;5;1;0;0;0;1
13/01/2018;14:19:00;208;Acidente com Vítima;740,1;BR-040/MG;Sul;Abalroamento transversal;1;1;0;1;0;0;2
13/01/2018;13:27:00;192;Acidente com Vítima;583,75;BR-040/MG;Sul;Colisão frontal;2;1;0;1;0;0;2
13/01/2018;13:13:00;188;Acidente com Vítima;543,2;BR-040/MG;Norte;Queda de Carga;1;1;2;0;0;0;1
13/01/2018;06:16:00;86;Acidente com Vítima;687,5;BR-040/MG;Norte;Queda de Carga;1;0;1;0;0;0;1
12/01/2018;23:07:00;387;Acidente sem Vítima;147;BR-040/MG;Norte;Colisão traseira;1;2;0;0;0;0;1
12/01/2018;20:20:00;341;Acidente sem Vítima;491,1;BR-040/MG;Sul;Outros;1;2;0;0;0;0;1
12/01/2018;18:05:00;293;Acidente com Morte;6,1;BR-040/DF;Sul;Abalroamento longitudinal;1;2;0;0;0;1;3
12/01/2018;15:55:00;246;Acidente sem Vítima;2,3;BR-040/DF;Sul;Colisão traseira;1;2;0;0;0;0;1
12/01/2018;14:01:00;203;Acidente sem Vítima;525,8;BR-040/MG;Norte;Abalroamento longitudinal;1;2;0;0;0;0;1
12/01/2018;10:11:00;144;Acidente sem Vítima;616,15;BR-040/MG;Sul;Abalroamento longitudinal;1;5;0;0;0;0;1
11/01/2018;21:23:00;364;Acidente com Vítima;3;BR-040/DF;Sul;Outros;1;1;0;0;0;0;1
11/01/2018;16:55:00;287;Acidente sem Vítima;94,15;BR-040/GO;Sul;Colisão traseira;1;2;0;0;0;0;1
11/01/2018;09:09:00;152;Acidente com Vítima;156,28;BR-040/GO;Sul;Capotamento;1;0;2;0;0;0;1
11/01/2018;07:20:00;102;Acidente sem Vítima;733,15;BR-040/MG;Sul;Abalroamento longitudinal;2;2;0;0;0;0;1
11/01/2018;01:08:00;51;Acidente sem Vítima;462,4;BR-040/MG;Norte;Colisão traseira;2;2;0;0;0;0;1
10/01/2018;23:16:00;417;Acidente sem Vítima;731,5;BR-040/MG;Sul;Queda de Carga;1;1;0;0;0;0;1
10/01/2018;20:23:00;363;Acidente sem Vítima;676,84;BR-040/MG;Sul;Queda de Carga;1;1;0;0;0;0;1
10/01/2018;08:36:00;153;Atropelamento com Morte;760,66;BR-040/MG;Norte;Atropelamento de pedestre atravessando;1;1;0;0;0;1;3
10/01/2018;06:41:00;110;Acidente sem Vítima;760,5;BR-040/MG;Sul;Abalroamento longitudinal;1;2;0;0;0;0;1
10/01/2018;01:53:00;61;Acidente com Vítima;464,12;BR-040/MG;Sul;Queda de Carga;1;0;1;0;0;0;1