data;horario;n_da_ocorrencia;tipo_de_ocorrencia;km;trecho;sentido;tipo_de_acidente;caminhao;ilesos;levemente_feridos;moderadamente_feridos;gravemente_feridos;mortos;3
09/01/2018;23:35:00;415;Acidente sem Vítima;676,7;BR-040/MG;Sul;Queda de Carga;1;1;0;0;0;0;1
09/01/2018;20:31:00;358;Acidente sem Vítima;505,12;BR-040/MG;Sul;Choque com objeto fixo;1;37;0;0;0;0;1
09/01/2018;16:38:00;290;Acidente sem Vítima;589;BR-040/MG;Norte;Choque com objeto fixo;1;1;0;0;0;0;1
09/01/2018;13:13:00;226;Acidente sem Vítima;603,7;BR-040/MG;Norte;Queda de Carga;1;1;0;0;0;0;1
09/01/2018;10:01:00;176;Acidente sem Vítima;34,8;BR-040/MG;Sul;Queda de Carga;1;1;0;0;0;0;1
08/01/2018;11:05:00;206;Acidente sem Vítima;460,15;BR-040/MG;Norte;Queda de Carga;1;1;0;0;0;0;1
07/01/2018;18:48:00;237;Acidente sem Vítima;597,5;BR-040/MG;Sul;Queda de Carga;1;1;0;0;0;0;1
07/01/2018;06:14:00;49;Acidente sem Vítima;589,015;BR-040/MG;Sul;Colisão traseira;1;2;0;0;0;0;1
06/01/2018;18:57:00;294;Acidente sem Vítima;5,469;BR-040/DF;Sul;Colisão traseira;1;2;0;0;0;0;1
06/01/2018;07:05:00;70;Acidente sem Vítima;50,1;BR-040/GO;Sul;Abalroamento longitudinal;1;2;0;0;0;0;1
06/01/2018;04:50:00;51;Acidente com Morte;179,3;BR-040/MG;Sul;Abalroamento longitudinal;1;3;1;0;0;1;3
05/01/2018;16:02:00;279;Acidente sem Vítima;455,1;BR-040/MG;Norte;Choque com objeto fixo;1;1;0;0;0;0;1
05/01/2018;15:24:00;264;Acidente sem Vítima;486,5;BR-040/MG;Sul;Queda de Carga;1;1;0;0;0;0;1
05/01/2018;14:28:00;248;Acidente com Vítima;462,1;BR-040/MG;Sul;Capotamento;1;1;1;0;0;0;1
04/01/2018;23:11:00;448;Acidente sem Vítima;591,1;BR-040/MG;Norte;Colisão traseira;2;4;0;0;0;0;1
04/01/2018;14:11:00;268;Acidente sem Vítima;448,2;BR-040/MG;Sul;Capotamento;1;2;0;0;0;0;1
04/01/2018;12:02:00;215;Acidente sem Vítima;544,89;BR-040/MG;Sul;Choque com objeto fixo;1;1;0;0;0;0;1
04/01/2018;12:01:00;214;Acidente sem Vítima;532,5;BR-040/MG;Norte;Colisão traseira;1;3;0;0;0;0;1
04/01/2018;03:49:00;74;Acidente sem Vítima;177,5;BR-040/MG;Norte;Queda de Carga;1;1;0;0;0;0;1
03/01/2018;21:35:00;420;Acidente com Morte;735,2;BR-040/MG;Sul;Colisão frontal;1;1;0;0;0;2;3
03/01/2018;20:54:00;405;Acidente com Vítima;470,005;BR-040/MG;Norte;Queda de Carga;1;0;1;0;0;0;1
03/01/2018;18:04:00;343;Acidente com Morte;661,05;BR-040/MG;Sul;Colisão frontal;1;1;0;0;0;3;3
03/01/2018;15:13:00;280;Acidente sem Vítima;592;BR-040/MG;Sul;Colisão traseira;1;2;0;0;0;0;1
03/01/2018;03:28:00;107;Acidente sem Vítima;482,3;BR-040/MG;Sul;Choque com objeto fixo;1;1;0;0;0;0;1
03/01/2018;00:53:00;75;Acidente sem Vítima;425,1;BR-040/MG;Norte;Choque com objeto fixo;1;1;0;0;0;0;1
02/01/2018;14:12:00;260;Acidente sem Vítima;456,1;BR-040/MG;Sul;Colisão traseira;1;3;0;0;0;0;1
02/01/2018;13:44:00;247;Acidente com Vítima;610,8;BR-040/MG;Norte;Colisão frontal;1;5;0;1;0;0;2
02/01/2018;06:30:00;90;Acidente sem Vítima;598,2;BR-040/MG;Norte;Abalroamento longitudinal;1;2;0;0;0;0;1
02/01/2018;05:22:00;85;Acidente com Vítima;426,1;BR-040/MG;Sul;Colisão traseira;1;1;0;0;0;0;1
01/01/2018;23:33:00;337;Acidente com Vítima;65,4;BR-040/MG;Sul;Queda de Carga;1;1;1;0;0;0;1
01/01/2018;21:57:00;300;Acidente com Vítima;762,9;BR-040/MG;Sul;Capotamento;1;1;2;0;0;0;1
28/02/2018;18:39:00;314;Acidente sem Vítima;532,3;BR-040/MG;Norte;Abalroamento longitudinal;1;4;0;0;0;0;1
28/02/2018;12:43:00;213;Acidente sem Vítima;635;BR-040/MG;Sul;Queda de Carga;1;1;0;0;0;0;1
27/02/2018;22:16:00;319;Acidente sem Vítima;405,35;BR-040/MG;Norte;Choque com objeto fixo;1;5;0;0;0;0;1
27/02/2018;14:43:00;207;Acidente sem Vítima;762,05;BR-040/MG;Sul;Colisão traseira;2;7;0;0;0;0;1
27/02/2018;06:38:00;84;Acidente sem Vítima;9,1;BR-040/GO;Sul;Abalroamento transversal;1;2;0;0;0;0;1
26/02/2018;21:49:00;340;Acidente sem Vítima;549,2;BR-040/MG;Sul;Colisão traseira;1;2;0;0;0;0;1
26/02/2018;14:44:00;220;Acidente sem Vítima;126,1;BR-040/MG;Sul;Abalroamento transversal;1;2;0;0;0;0;1
26/02/2018;12:37:00;193;Acidente sem Vítima;465,569;BR-040/MG;Norte;Choque com objeto fixo;1;1;0;0;0;0;1
26/02/2018;06:06:00;85;Acidente sem Vítima;588,618;BR-040/MG;Norte;Queda de Carga;2;2;0;0;0;0;1
26/02/2018;00:39:00;32;Acidente sem Vítima;541,1;BR-040/MG;Norte;Queda de Carga;1;1;0;0;0;0;1
25/02/2018;18:57:00;256;Acidente sem Vítima;597,2;BR-040/MG;Sul;Queda de Carga;1;2;0;0;0;0;1
25/02/2018;15:30:00;185;Acidente com Vítima;532,15;BR-040/MG;Norte;Colisão traseira;1;2;0;0;1;0;2
25/02/2018;07:57:00;69;Acidente sem Vítima;512,3;BR-040/MG;Norte;Capotamento;1;2;0;0;0;0;1
23/02/2018;18:54:00;286;Atropelamento sem Morte;758,1;BR-040/MG;Norte;Atropelamento de pedestre caminhando;1;1;0;0;1;0;2
23/02/2018;13:05:00;185;Acidente com Morte;614,18;BR-040/MG;Sul;Colisão frontal;2;4;0;0;0;1;3
22/02/2018;18:40:00;286;Acidente sem Vítima;465,084;BR-040/MG;Norte;Choque com objeto fixo;1;1;0;0;0;0;1
22/02/2018;18:15:00;275;Acidente sem Vítima;464,479;BR-040/MG;Norte;Queda de Carga;2;3;0;0;0;0;1
22/02/2018;16:39:00;260;Acidente sem Vítima;509,9;BR-040/MG;Sul;Abalroamento transversal;1;2;0;0;0;0;1
22/02/2018;05:56:00;102;Acidente com Vítima;138,222;BR-040/MG;Norte;Queda de Carga;1;0;0;0;1;0;2
22/02/2018;02:20:00;85;Acidente sem Vítima;487,3;BR-040/MG;Norte;Colisão traseira;2;3;0;0;0;0;1
20/02/2018;19:40:00;337;Acidente sem Vítima;463,2;BR-040/MG;Norte;Abalroamento longitudinal;1;3;0;0;0;0;1
20/02/2018;19:14:00;314;Acidente sem Vítima;463;BR-040/MG;Sul;Queda de Carga;1;1;0;0;0;0;1
20/02/2018;14:12:00;235;Acidente com Vítima;526,048;BR-040/MG;Norte;Colisão traseira;1;4;2;0;0;0;1
20/02/2018;09:18:00;122;Acidente sem Vítima;461,5;BR-040/MG;Sul;Queda de Carga;1;2;0;0;0;0;1
20/02/2018;07:27:00;79;Acidente sem Vítima;94,8;BR-040/GO;Norte;Abalroamento transversal;1;3;0;0;0;0;1
20/02/2018;06:28:00;66;Acidente sem Vítima;455,305;BR-040/MG;Sul;Choque com objeto fixo;1;1;0;0;0;0;1
19/02/2018;17:14:00;242;Acidente com Vítima;632,5;BR-040/MG;Sul;Abalroamento transversal;1;2;0;0;0;0;1
19/02/2018;14:02:00;200;Acidente com Vítima;738,1;BR-040/MG;Norte;Choque com objeto fixo;1;2;1;0;0;0;1
19/02/2018;09:43:00;146;Acidente sem Vítima;537,2;BR-040/MG;Sul;Abalroamento longitudinal;1;2;0;0;0;0;1
18/02/2018;23:35:00;285;Acidente sem Vítima;642,8;BR-040/MG;Sul;Choque com objeto fixo;1;1;0;0;0;0;1
17/02/2018;13:32:00;229;Acidente sem Vítima;27,116;BR-040/GO;Norte;Capotamento;1;4;0;0;0;0;1
16/02/2018;09:56:00;163;Acidente sem Vítima;615;BR-040/MG;Norte;Colisão traseira;1;5;0;0;0;0;1
15/02/2018;14:37:00;193;Acidente sem Vítima;631;BR-040/MG;Norte;Abalroamento longitudinal;1;2;0;0;0;0;1
15/02/2018;12:16:00;170;Acidente sem Vítima;565,1;BR-040/MG;Sul;Abalroamento longitudinal;1;2;0;0;0;0;1
15/02/2018;09:19:00;144;Acidente sem Vítima;473,01;BR-040/MG;Norte;Abalroamento longitudinal;2;2;0;0;0;0;1
15/02/2018;08:27:00;128;Acidente sem Vítima;3,634;BR-040/GO;Norte;Abalroamento longitudinal;1;2;0;0;0;0;1
15/02/2018;01:23:00;44;Acidente sem Vítima;540,42;BR-040/MG;Sul;Colisão traseira;1;23;0;0;0;0;1
13/02/2018;21:11:00;330;Acidente sem Vítima;4;BR-040/GO;Norte;Colisão traseira;1;3;0;0;0;0;1
13/02/2018;18:06:00;251;Acidente com Vítima;0,6;BR-040/GO;Norte;Colisão traseira;1;2;1;0;0;0;1
11/02/2018;05:17:00;53;Acidente sem Vítima;621,5;BR-040/MG;Sul;Choque em defensa;1;1;0;0;0;0;1
10/02/2018;17:24:00;299;Acidente sem Vítima;3,4;BR-040/GO;Sul;Abalroamento longitudinal;1;2;0;0;0;0;1
10/02/2018;16:43:00;284;Acidente sem Vítima;469,5;BR-040/MG;Sul;Queda de Carga;1;1;0;0;0;0;1
10/02/2018;13:04:00;208;Acidente sem Vítima;547;BR-040/MG;Sul;Abalroamento longitudinal;2;2;0;0;0;0;1
10/02/2018;12:50:00;203;Acidente sem Vítima;512;BR-040/MG;Norte;Colisão traseira;1;2;0;0;0;0;1
10/02/2018;07:22:00;101;Acidente sem Vítima;590;BR-040/MG;Norte;Abalroamento longitudinal;1;2;0;0;0;0;1
10/02/2018;05:06:00;75;Acidente sem Vítima;216,1;BR-040/MG;Norte;Abalroamento longitudinal;1;3;0;0;0;0;1
09/02/2018;21:53:00;467;Acidente com Vítima;356,2;BR-040/MG;Norte;Colisão traseira;1;5;1;0;0;0;1
09/02/2018;08:40:00;152;Acidente sem Vítima;143;BR-040/MG;Norte;Abalroamento transversal;1;2;0;0;0;0;1
09/02/2018;06:37:00;112;Acidente sem Vítima;38,1;BR-040/MG;Norte;Queda de Carga;1;1;0;0;0;0;1
08/02/2018;11:52:00;202;Acidente sem Vítima;636;BR-040/MG;Sul;Colisão traseira;1;2;0;0;0;0;1
08/02/2018;10:37:00;178;Acidente sem Vítima;535,15;BR-040/MG;Norte;Colisão traseira;2;2;0;0;0;0;1
08/02/2018;09:30:00;164;Acidente sem Vítima;517,5;BR-040/MG;Sul;Colisão traseira;1;4;0;0;0;0;1
08/02/2018;06:30:00;109;Acidente com Vítima;16,4;BR-040/MG;Norte;Colisão traseira;1;2;1;0;0;0;1
08/02/2018;03:25:00;91;Atropelamento com Morte;470,133;BR-040/MG;Norte;Atropelamento de pedestre caminhando;1;1;0;0;0;1;3
07/02/2018;02:57:00;86;Acidente com Vítima;123,908;BR-040/GO;Norte;Queda de Carga;1;0;1;0;0;0;1
06/02/2018;21:51:00;356;Acidente com Vítima;464,181;BR-040/MG;Sul;Choque com objeto fixo;1;1;0;1;0;0;2
06/02/2018;17:44:00;262;Acidente sem Vítima;562,1;BR-040/MG;Sul;Colisão traseira;1;4;0;0;0;0;1
06/02/2018;14:54:00;226;Acidente sem Vítima;535,1;BR-040/MG;Sul;Colisão traseira;1;2;0;0;0;0;1
06/02/2018;07:01:00;111;Acidente com Vítima;616;BR-040/MG;Sul;Abalroamento longitudinal;1;2;0;0;0;0;1
06/02/2018;00:28:00;3;Acidente sem Vítima;593,1;BR-040/MG;Norte;Colisão traseira;3;3;0;0;0;0;1
05/02/2018;17:11:00;296;Acidente com Morte;583,6;BR-040/MG;Sul;Colisão frontal;2;0;0;1;1;1;3
05/02/2018;17:07:00;293;Acidente sem Vítima;407,05;BR-040/MG;Sul;Choque com objeto fixo;1;2;0;0;0;0;1
05/02/2018;15:19:00;264;Acidente sem Vítima;503;BR-040/MG;Sul;Queda de Carga;1;2;0;0;0;0;1
05/02/2018;09:16:00;149;Acidente sem Vítima;697;BR-040/MG;Sul;Choque em defensa;1;1;0;0;0;0;1
05/02/2018;08:52:00;141;Acidente sem Vítima;516;BR-040/MG;Sul;Colisão traseira;1;2;0;0;0;0;1
05/02/2018;08:38:00;137;Acidente sem Vítima;519,7;BR-040/MG;Sul;Abalroamento longitudinal;1;41;0;0;0;0;1
05/02/2018;08:33:00;132;Acidente sem Vítima;451;BR-040/MG;Norte;Queda de Carga;1;1;0;0;0;0;1
04/02/2018;20:54:00;236;Acidente sem Vítima;310,5;BR-040/MG;Sul;Abalroamento longitudinal;1;2;0;0;0;0;1
04/02/2018;20:53:00;235;Acidente sem Vítima;728,7;BR-040/MG;Sul;Queda de Carga;1;1;0;0;0;0;1
03/02/2018;20:55:00;340;Acidente sem Vítima;757,9;BR-040/MG;Sul;Colisão traseira;1;5;0;0;0;0;1
03/02/2018;14:23:00;234;Acidente sem Vítima;557,6;BR-040/MG;Norte;Capotamento;1;2;0;0;0;0;1
03/02/2018;12:12:00;203;Acidente sem Vítima;596,01;BR-040/MG;Sul;Queda de Carga;1;2;0;0;0;0;1
03/02/2018;01:26:00;15;Acidente sem Vítima;504,955;BR-040/MG;Sul;Choque com objeto fixo;1;1;0;0;0;0;1
02/02/2018;20:33:00;287;Acidente sem Vítima;349,5;BR-040/MG;Sul;Atropelamento de animal;1;2;0;0;0;0;1
02/02/2018;16:30:00;244;Acidente sem Vítima;552,9;BR-040/MG;Sul;Outros;1;3;0;0;0;0;1
02/02/2018;09:29:00;158;Acidente com Vítima;462,5;BR-040/MG;Norte;Colisão traseira;1;1;2;0;0;0;1
02/02/2018;08:32:00;140;Acidente com Vítima;563;BR-040/MG;Sul;Abalroamento longitudinal;1;1;1;0;0;0;1
02/02/2018;05:59:00;96;Acidente sem Vítima;506,812;BR-040/MG;Norte;Atropelamento de animal;1;1;0;0;0;0;1
02/02/2018;01:51:00;62;Acidente com Vítima;391,05;BR-040/MG;Norte;Abalroamento longitudinal;1;2;1;0;0;0;1
01/02/2018;15:45:00;321;Acidente com Vítima;331;BR-040/MG;Sul;Capotamento;1;2;4;0;0;0;1
01/02/2018;13:43:00;269;Acidente sem Vítima;524;BR-040/MG;Norte;Choque em defensa;1;1;0;0;0;0;1
01/02/2018;13:13:00;257;Acidente sem Vítima;590,8;BR-040/MG;Norte;Abalroamento longitudinal;2;2;0;0;0;0;1
01/02/2018;10:42:00;203;Acidente sem Vítima;28;BR-040/GO;Norte;Abalroamento longitudinal;2;3;0;0;0;0;1
01/02/2018;08:04:00;145;Acidente com Vítima;533,16;BR-040/MG;Sul;Abalroamento longitudinal;1;2;1;0;0;0;1
01/02/2018;07:52:00;138;Acidente sem Vítima;455,1;BR-040/MG;Norte;Capotamento;1;1;0;0;0;0;1
31/03/2018;19:16:00;173;Acidente sem Vítima;526,5;BR-040/MG;Norte;Abalroamento longitudinal;1;2;0;0;0;0;1
31/03/2018;10:49:00;73;Acidente sem Vítima;526,05;BR-040/MG;Sul;Abalroamento longitudinal;2;3;0;0;0;0;1
30/03/2018;11:39:00;103;Acidente com Vítima;511,15;BR-040/MG;Norte;Abalroamento longitudinal;1;1;4;1;0;0;2
29/03/2018;12:10:00;257;Acidente sem Vítima;598;BR-040/MG;Norte;Queda de Carga;1;1;0;0;0;0;1
28/03/2018;05:06:00;77;Acidente sem Vítima;717,1;BR-040/MG;Norte;Choque com objeto fixo;1;2;0;0;0;0;1
27/03/2018;23:46:00;332;Acidente sem Vítima;39,065;BR-040/GO;Norte;Atropelamento de animal;1;1;0;0;0;0;1
27/03/2018;02:59:00;91;Acidente sem Vítima;564,75;BR-040/MG;Norte;Queda de Carga;1;1;0;0;0;0;1
26/03/2018;20:51:00;292;Acidente sem Vítima;234,625;BR-040/MG;Sul;Queda de Carga;1;1;0;0;0;0;1
26/03/2018;17:22:00;243;Acidente sem Vítima;570,5;BR-040/MG;Norte;Abalroamento longitudinal;1;2;0;0;0;0;1
26/03/2018;06:19:00;82;Acidente sem Vítima;508,9;BR-040/MG;Sul;Colisão traseira;1;3;0;0;0;0;1
25/03/2018;15:33:00;147;Acidente sem Vítima;2,3;BR-040/GO;Norte;Abalroamento transversal;1;2;0;0;0;0;1
25/03/2018;10:45:00;83;Acidente sem Vítima;464;BR-040/MG;Norte;Abalroamento longitudinal;1;3;0;0;0;0;1
24/03/2018;15:39:00;221;Acidente com Vítima;289,5;BR-040/MG;Sul;Choque com objeto fixo;1;1;1;0;0;0;1
24/03/2018;03:31:00;58;Acidente sem Vítima;626,05;BR-040/MG;Sul;Outros;1;3;0;0;0;0;1
23/03/2018;20:14:00;274;Acidente com Vítima;132,5;BR-040/GO;Sul;Queda de Carga;1;0;0;1;0;0;2
23/03/2018;13:19:00;174;Acidente sem Vítima;532,2;BR-040/MG;Sul;Colisão traseira;3;3;0;0;0;0;1
23/03/2018;12:51:00;170;Acidente sem Vítima;7,8;BR-040/GO;Sul;Abalroamento longitudinal;1;2;0;0;0;0;1
23/03/2018;01:29:00;62;Acidente sem Vítima;99,01;BR-040/GO;Norte;Abalroamento longitudinal;1;3;0;0;0;0;1
22/03/2018;23:26:00;359;Acidente sem Vítima;545,45;BR-040/MG;Sul;Colisão traseira;1;3;0;0;0;0;1
22/03/2018;20:08:00;319;Acidente sem Vítima;640,4;BR-040/MG;Sul;Queda de Carga;1;1;0;0;0;0;1
22/03/2018;13:44:00;226;Acidente sem Vítima;588,8;BR-040/MG;Sul;Queda de Carga;1;1;0;0;0;0;1
20/03/2018;19:05:00;321;Acidente sem Vítima;486;BR-040/MG;Norte;Colisão traseira;1;2;0;0;0;0;1
20/03/2018;16:29:00;274;Acidente com Vítima;638,1;BR-040/MG;Norte;Colisão traseira;1;2;0;0;2;0;2
19/03/2018;21:59:00;326;Acidente com Vítima;516,473;BR-040/MG;Sul;Colisão traseira;1;1;0;0;1;0;2
19/03/2018;14:27:00;213;Acidente sem Vítima;633,5;BR-040/MG;Sul;Abalroamento transversal;1;2;0;0;0;0;1
19/03/2018;07:26:00;106;Acidente sem Vítima;553,1;BR-040/MG;Norte;Colisão traseira;1;2;0;0;0;0;1
17/03/2018;21:59:00;296;Acidente sem Vítima;729,7;BR-040/MG;Sul;Choque com objeto fixo;1;1;0;0;0;0;1
16/03/2018;15:57:00;264;Acidente sem Vítima;594,15;BR-040/MG;Sul;Queda de Carga;1;1;0;0;0;0;1
16/03/2018;01:48:00;68;Acidente sem Vítima;593,9;BR-040/MG;Norte;Queda de Carga;1;1;0;0;0;0;1
16/03/2018;01:00:00;62;Acidente sem Vítima;198,683;BR-040/MG;Sul;Queda de Carga;1;1;0;0;0;0;1
15/03/2018;14:45:00;214;Acidente sem Vítima;270,1;BR-040/MG;Norte;Abalroamento longitudinal;1;2;0;0;0;0;1
15/03/2018;13:58:00;203;Acidente sem Vítima;660,29;BR-040/MG;Norte;Colisão traseira;1;2;0;0;0;0;1
15/03/2018;05:16:00;107;Acidente com Vítima;526,1;BR-040/MG;Sul;Colisão traseira;1;2;1;0;0;0;1
15/03/2018;03:26:00;98;Acidente sem Vítima;601,14;BR-040/MG;Norte;Colisão traseira;2;2;0;0;0;0;1
14/03/2018;21:48:00;312;Acidente sem Vítima;227,5;BR-040/MG;Norte;Queda de Carga;1;1;0;0;0;0;1
14/03/2018;20:34:00;293;Acidente sem Vítima;7,1;BR-040/DF;Sul;Colisão traseira;1;41;0;0;0;0;1
14/03/2018;16:31:00;242;Acidente com Vítima;571,8;BR-040/MG;Sul;Queda de Carga;1;0;0;1;0;0;2
14/03/2018;14:05:00;209;Acidente sem Vítima;65,8;BR-040/MG;Sul;Abalroamento longitudinal;1;4;0;0;0;0;1
14/03/2018;01:20:00;72;Acidente com Vítima;608;BR-040/MG;Norte;Colisão traseira;1;1;1;0;0;0;1
13/03/2018;23:23:00;353;Acidente sem Vítima;505,3;BR-040/MG;Norte;Colisão traseira;2;2;0;0;0;0;1
13/03/2018;17:01:00;258;Acidente sem Vítima;642,7;BR-040/MG;Norte;Choque em barreira New Jersey;1;2;0;0;0;0;1
13/03/2018;16:57:00;256;Acidente sem Vítima;282,8;BR-040/MG;Sul;Abalroamento longitudinal;1;2;0;0;0;0;1
13/03/2018;16:32:00;250;Acidente sem Vítima;613,29;BR-040/MG;Sul;Colisão traseira;1;2;0;0;0;0;1
13/03/2018;15:32:00;241;Acidente sem Vítima;197,4;BR-040/MG;Norte;Choque com objeto fixo;1;1;0;0;0;0;1
13/03/2018;07:06:00;99;Acidente com Vítima;510;BR-040/MG;Norte;Abalroamento longitudinal;1;1;1;0;0;0;1
12/03/2018;20:17:00;306;Acidente sem Vítima;597,285;BR-040/MG;Sul;Queda de Carga;1;1;0;0;0;0;1
12/03/2018;15:20:00;229;Acidente sem Vítima;287,7;BR-040/MG;Norte;Colisão traseira;2;2;0;0;0;0;1
11/03/2018;12:55:00;130;Acidente sem Vítima;45,2;BR-040/GO;Sul;Choque com objeto fixo;1;2;0;0;0;0;1
09/03/2018;17:42:00;256;Acidente com Vítima;42,3;BR-040/GO;Norte;Choque com objeto fixo;1;0;0;1;0;0;2
09/03/2018;17:34:00;254;Acidente sem Vítima;584;BR-040/MG;Sul;Abalroamento longitudinal;1;2;0;0;0;0;1
09/03/2018;16:41:00;248;Acidente com Morte;195,3;BR-040/MG;Sul;Capotamento;1;0;0;0;0;1;3
09/03/2018;11:29:00;180;Acidente sem Vítima;454,2;BR-040/MG;Norte;Choque com objeto fixo;1;2;0;0;0;0;1
09/03/2018;10:18:00;164;Acidente com Vítima;544,8;BR-040/MG;Sul;Capotamento;1;0;0;2;0;0;2
09/03/2018;09:38:00;157;Acidente sem Vítima;562,72;BR-040/MG;Sul;Queda de Carga;1;1;0;0;0;0;1
08/03/2018;17:08:00;274;Acidente sem Vítima;93,15;BR-040/GO;Sul;Colisão traseira;1;2;0;0;0;0;1
08/03/2018;16:35:00;264;Acidente sem Vítima;615,5;BR-040/MG;Sul;Abalroamento transversal;2;2;0;0;0;0;1
08/03/2018;06:57:00;125;Acidente sem Vítima;123,3;BR-040/MG;Sul;Queda de Carga;1;2;0;0;0;0;1
07/03/2018;18:07:00;236;Acidente com Vítima;686,7;BR-040/MG;Sul;Abalroamento transversal;1;1;0;2;0;0;2
07/03/2018;17:43:00;230;Acidente com Vítima;95,1;BR-040/GO;Sul;Abalroamento transversal;1;1;0;1;0;0;2
07/03/2018;08:49:00;131;Acidente sem Vítima;1,5;BR-040/GO;Sul;Colisão traseira;1;5;0;0;0;0;1
07/03/2018;06:33:00;85;Acidente sem Vítima;462,75;BR-040/MG;Sul;Choque com objeto fixo;1;1;0;0;0;0;1
07/03/2018;00:17:00;2;Acidente sem Vítima;567,67;BR-040/MG;Norte;Queda de Carga;1;2;0;0;0;0;1
06/03/2018;16:04:00;246;Acidente sem Vítima;487,01;BR-040/MG;Sul;Choque em barreira New Jersey;1;1;0;0;0;0;1
06/03/2018;07:01:00;108;Acidente sem Vítima;517,6;BR-040/MG;Norte;Colisão traseira;1;4;0;0;0;0;1
05/03/2018;20:48:00;317;Acidente com Vítima;455,6;BR-040/MG;Sul;Colisão traseira;1;1;1;0;0;0;1
05/03/2018;17:02:00;267;Acidente com Vítima;280,4;BR-040/MG;Sul;Queda de Carga;1;1;0;0;1;0;2
05/03/2018;15:46:00;245;Acidente sem Vítima;651,2;BR-040/MG;Sul;Choque com objeto fixo;1;1;0;0;0;0;1
05/03/2018;11:51:00;194;Acidente sem Vítima;607;BR-040/MG;Sul;Colisão traseira;2;2;0;0;0;0;1
03/03/2018;22:51:00;284;Acidente com Vítima;751,7;BR-040/MG;Norte;Abalroamento longitudinal;1;4;0;1;0;0;2
03/03/2018;16:37:00;188;Acidente sem Vítima;560,1;BR-040/MG;Sul;Colisão traseira;1;3;0;0;0;0;1
03/03/2018;03:37:00;38;Acidente sem Vítima;420,9;BR-040/MG;Sul;Queda de Carga;1;1;0;0;0;0;1
03/03/2018;00:48:00;19;Acidente com Vítima;537,1;BR-040/MG;Sul;Colisão traseira;1;1;1;0;0;0;1
02/03/2018;16:29:00;250;Acidente com Morte;355,06;BR-040/MG;Norte;Colisão traseira;1;2;0;0;0;1;3
02/03/2018;08:56:00;147;Acidente sem Vítima;533,1;BR-040/MG;Sul;Abalroamento longitudinal;1;2;0;0;0;0;1
02/03/2018;08:32:00;136;Acidente sem Vítima;557,1;BR-040/MG;Sul;Colisão traseira;1;5;0;0;0;0;1
01/03/2018;21:52:00;350;Acidente sem Vítima;587;BR-040/MG;Sul;Outros;1;1;0;0;0;0;1
01/03/2018;18:08:00;289;Acidente sem Vítima;10,2;BR-040/GO;Norte;Choque em defensa;1;1;0;0;0;0;1
01/03/2018;06:15:00;92;Acidente sem Vítima;535,5;BR-040/MG;Norte;Colisão traseira;2;2;0;0;0;0;1
30/04/2018;16:37:00;185;Atropelamento sem Morte;524,9;BR-040/MG;Norte;Atropelamento de pedestre atravessando;1;2;0;0;1;0;2
29/04/2018;22:24:00;258;Acidente sem Vítima;554,2;BR-040/MG;Norte;Colisão traseira;1;2;0;0;0;0;1
29/04/2018;20:54:00;240;Acidente com Vítima;692,3;BR-040/MG;Norte;Queda de Carga;1;0;0;1;0;0;2
27/04/2018;18:10:00;285;Acidente sem Vítima;469;BR-040/MG;Sul;Colisão traseira;1;2;0;0;0;0;1
27/04/2018;06:49:00;114;Acidente com Morte;509,8;BR-040/MG;Norte;Colisão traseira;1;1;0;0;0;1;3
27/04/2018;06:25:00;107;Acidente com Vítima;575;BR-040/MG;Norte;Abalroamento longitudinal;1;2;1;0;0;0;1
27/04/2018;04:28:00;97;Acidente sem Vítima;56,9;BR-040/MG;Sul;Outros;1;2;0;0;0;0;1
26/04/2018;17:02:00;282;Acidente sem Vítima;6,1;BR-040/GO;Sul;Colisão traseira;1;3;0;0;0;0;1
26/04/2018;08:37:00;141;Acidente sem Vítima;36,4;BR-040/MG;Sul;Colisão traseira;2;2;0;0;0;0;1
26/04/2018;07:47:00;124;Acidente com Vítima;490,4;BR-040/MG;Norte;Colisão traseira;1;1;0;1;0;0;2
25/04/2018;23:19:00;308;Acidente sem Vítima;464,1;BR-040/MG;Norte;Atropelamento de animal;1;1;0;0;0;0;1
25/04/2018;20:14:00;277;Acidente sem Vítima;521,2;BR-040/MG;Norte;Abalroamento longitudinal;1;2;0;0;0;0;1
25/04/2018;09:52:00;145;Acidente com Vítima;524;BR-040/MG;Sul;Colisão traseira;1;2;1;0;0;0;1
25/04/2018;05:53:00;95;Acidente com Vítima;0;Fora_Rota;Leste;Queda de Carga;1;1;1;0;0;0;1
25/04/2018;00:28:00;50;Acidente sem Vítima;443,954;BR-040/MG;Sul;Queda de Carga;1;1;0;0;0;0;1
23/04/2018;21:09:00;275;Acidente sem Vítima;680,94;BR-040/MG;Norte;Colisão traseira;1;3;0;0;0;0;1
23/04/2018;15:17:00;206;Acidente sem Vítima;532,9;BR-040/MG;Sul;Colisão traseira;1;2;0;0;0;0;1
23/04/2018;14:09:00;187;Acidente com Morte;573,202;BR-040/MG;Norte;Colisão frontal;1;1;0;0;0;1;3
23/04/2018;07:52:00;109;Acidente sem Vítima;695,9;BR-040/MG;Sul;Abalroamento transversal;1;2;0;0;0;0;1
22/04/2018;16:35:00;172;Acidente com Vítima;717,43;BR-040/MG;Sul;Queda de Carga;1;0;0;0;0;0;1
22/04/2018;14:03:00;130;Acidente sem Vítima;93;BR-040/GO;Norte;Colisão traseira;1;6;0;0;0;0;1