data;horario;n_da_ocorrencia;tipo_de_ocorrencia;km;trecho;sentido;tipo_de_acidente;caminhao;ilesos;levemente_feridos;moderadamente_feridos;gravemente_feridos;mortos;3
26/08/2018;16:28:00;146;Acidente sem Vítima;462,35;BR-040/MG;Sul;Colisão traseira;1;3;0;0;0;0;1
25/08/2018;18:38:00;202;Acidente sem Vítima;444,02;BR-040/MG;Sul;Queda de Carga;1;1;0;0;0;0;1
25/08/2018;04:53:00;25;Acidente sem Vítima;614,5;BR-040/MG;Norte;Queda de Carga;1;1;0;0;0;0;1
24/08/2018;08:12:00;77;Acidente sem Vítima;533,1;BR-040/MG;Norte;Abalroamento longitudinal;1;2;0;0;0;0;1
24/08/2018;05:51:00;53;Acidente com Morte;739,56;BR-040/MG;Norte;Colisão frontal;2;2;0;0;0;1;3
23/08/2018;19:50:00;278;Acidente sem Vítima;95,6;BR-040/GO;Norte;Choque com objeto fixo;1;1;0;0;0;0;1
23/08/2018;11:03:00;155;Acidente sem Vítima;657,5;BR-040/MG;Norte;Queda de Carga;1;1;0;0;0;0;1
22/08/2018;23:44:00;294;Acidente com Vítima;625,253;BR-040/MG;Norte;Abalroamento transversal;1;2;0;2;0;0;2
21/08/2018;19:25:00;253;Acidente com Vítima;2,4;BR-040/DF;Sul;Colisão traseira;1;2;0;1;0;0;2
21/08/2018;17:03:00;222;Acidente sem Vítima;348,35;BR-040/MG;Sul;Abalroamento longitudinal;1;2;0;0;0;0;1
21/08/2018;10:15:00;134;Acidente sem Vítima;115,1;BR-040/MG;Sul;Abalroamento longitudinal;1;5;0;0;0;0;1
21/08/2018;06:26:00;57;Acidente com Vítima;534,16;BR-040/MG;Sul;Capotamento;1;2;1;0;0;0;1
21/08/2018;04:28:00;34;Acidente sem Vítima;513,5;BR-040/MG;Sul;Atropelamento de animal;1;1;0;0;0;0;1
20/08/2018;23:58:00;333;Acidente sem Vítima;139,1;BR-040/MG;Sul;Atropelamento de animal;1;1;0;0;0;0;1
20/08/2018;09:41:00;128;Acidente sem Vítima;544,4;BR-040/MG;Norte;Colisão traseira;1;2;0;0;0;0;1
20/08/2018;08:57:00;115;Acidente com Vítima;540,8;BR-040/MG;Norte;Colisão traseira;1;9;1;0;0;0;1
19/08/2018;23:30:00;300;Acidente com Morte;539,1;BR-040/MG;Norte;Choque com objeto fixo;1;0;0;2;0;1;3
19/08/2018;12:33:00;124;Acidente sem Vítima;523,1;BR-040/MG;Sul;Abalroamento longitudinal;1;2;0;0;0;0;1
18/08/2018;09:35:00;85;Acidente sem Vítima;532,801;BR-040/MG;Norte;Abalroamento longitudinal;1;2;0;0;0;0;1
18/08/2018;00:45:00;6;Acidente sem Vítima;567;BR-040/MG;Sul;Abalroamento longitudinal;1;4;0;0;0;0;1
17/08/2018;22:16:00;324;Atropelamento sem Morte;682,034;BR-040/MG;Sul;Atropelamento de pedestre caminhando;1;1;1;0;0;0;1
17/08/2018;19:07:00;288;Acidente com Morte;106;BR-040/MG;Norte;Abalroamento longitudinal;1;1;0;1;1;2;3
17/08/2018;17:14:00;254;Acidente com Morte;729,549;BR-040/MG;Sul;Choque em barreira New Jersey;1;0;0;0;0;1;3
17/08/2018;16:43:00;243;Acidente sem Vítima;563;BR-040/MG;Norte;Abalroamento longitudinal;1;2;0;0;0;0;1
17/08/2018;15:12:00;224;Acidente sem Vítima;673,319;BR-040/MG;Norte;Colisão traseira;1;2;0;0;0;0;1
17/08/2018;14:18:00;209;Acidente sem Vítima;68,5;BR-040/MG;Sul;Colisão traseira;1;2;0;0;0;0;1
16/08/2018;22:06:00;361;Acidente sem Vítima;547,5;BR-040/MG;Sul;Colisão traseira;1;3;0;0;0;0;1
16/08/2018;20:52:00;349;Acidente sem Vítima;462,5;BR-040/MG;Norte;Colisão traseira;1;2;0;0;0;0;1
16/08/2018;20:24:00;343;Acidente sem Vítima;465,5;BR-040/MG;Norte;Queda de Carga;1;1;0;0;0;0;1
16/08/2018;09:05:00;143;Acidente com Vítima;530,1;BR-040/MG;Sul;Abalroamento longitudinal;1;1;1;0;0;0;1
16/08/2018;07:44:00;102;Acidente sem Vítima;533,1;BR-040/MG;Sul;Abalroamento longitudinal;1;2;0;0;0;0;1
16/08/2018;05:19:00;77;Acidente sem Vítima;92,3;BR-040/GO;Sul;Queda de Moto;1;1;0;0;0;0;1
15/08/2018;23:33:00;325;Acidente com Vítima;7;BR-040/DF;Sul;Queda de Carga;1;16;0;3;0;0;2
15/08/2018;06:07:00;78;Acidente sem Vítima;100,4;BR-040/GO;Norte;Choque com objeto fixo;1;1;0;0;0;0;1
14/08/2018;21:10:00;322;Acidente com Vítima;710,29;BR-040/MG;Sul;Queda de Carga;1;0;0;1;0;0;2
14/08/2018;19:18:00;290;Acidente com Vítima;1,2;BR-040/GO;Norte;Abalroamento transversal;1;1;1;0;0;0;1
14/08/2018;14:18:00;202;Acidente sem Vítima;142,1;BR-040/MG;Sul;Choque com objeto fixo;1;1;0;0;0;0;1
14/08/2018;10:57:00;164;Acidente com Vítima;511;BR-040/MG;Norte;Abalroamento transversal;1;2;0;1;0;0;2
12/08/2018;17:08:00;179;Acidente com Vítima;55,4;BR-040/MG;Sul;Abalroamento longitudinal;1;6;1;0;0;0;1
12/08/2018;15:46:00;162;Acidente com Vítima;530,1;BR-040/MG;Norte;Choque em defensa;1;6;1;0;0;0;1
12/08/2018;10:35:00;80;Acidente sem Vítima;500,1;BR-040/MG;Sul;Outros;2;2;0;0;0;0;1
11/08/2018;14:00:00;160;Acidente com Vítima;532,1;BR-040/MG;Sul;Abalroamento longitudinal;1;2;1;0;0;0;1
10/08/2018;18:27:00;268;Acidente sem Vítima;568,07;BR-040/MG;Sul;Abalroamento longitudinal;2;3;0;0;0;0;1
10/08/2018;05:55:00;82;Acidente sem Vítima;525,12;BR-040/MG;Sul;Colisão traseira;1;2;0;0;0;0;1
09/08/2018;12:58:00;194;Acidente sem Vítima;627,315;BR-040/MG;Sul;Abalroamento transversal;1;2;0;0;0;0;1
09/08/2018;10:26:00;171;Atropelamento sem Morte;4;BR-040/GO;Sul;Atropelamento de pedestre caminhando;1;1;0;1;0;0;2
09/08/2018;09:19:00;151;Acidente sem Vítima;138;BR-040/MG;Norte;Choque com objeto fixo;1;1;0;0;0;0;1
09/08/2018;00:41:00;8;Acidente sem Vítima;489,1;BR-040/MG;Norte;Abalroamento longitudinal;2;2;0;0;0;0;1
08/08/2018;15:53:00;229;Atropelamento com Morte;455,8;BR-040/MG;Sul;Atropelamento de ciclista;1;1;0;0;0;1;3
08/08/2018;10:33:00;150;Acidente sem Vítima;42,7;BR-040/MG;Norte;Queda de Carga;1;1;0;0;0;0;1
07/08/2018;10:42:00;186;Acidente sem Vítima;563,1;BR-040/MG;Sul;Choque em barreira New Jersey;1;1;0;0;0;0;1
07/08/2018;09:19:00;156;Acidente sem Vítima;86;BR-040/MG;Sul;Choque com objeto fixo;1;2;0;0;0;0;1
06/08/2018;22:46:00;316;Acidente sem Vítima;22,5;BR-040/GO;Norte;Abalroamento longitudinal;1;2;0;0;0;0;1
06/08/2018;21:05:00;291;Acidente com Vítima;517,1;BR-040/MG;Norte;Atropelamento de animal;1;1;1;0;0;0;1
06/08/2018;19:45:00;271;Acidente sem Vítima;713,2;BR-040/MG;Norte;Colisão traseira;2;2;0;0;0;0;1
06/08/2018;11:22:00;165;Acidente sem Vítima;6,001;BR-040/GO;Sul;Choque com objeto fixo;2;3;0;0;0;0;1
05/08/2018;00:34:00;7;Acidente sem Vítima;443,1;BR-040/MG;Norte;Colisão traseira;2;2;0;0;0;0;1
04/08/2018;13:20:00;164;Acidente com Vítima;544,1;BR-040/MG;Sul;Queda de Carga;1;1;1;0;0;0;1
04/08/2018;02:22:00;15;Acidente sem Vítima;400,1;BR-040/MG;Norte;Colisão traseira;1;2;0;0;0;0;1
03/08/2018;17:23:00;276;Acidente sem Vítima;700;BR-040/MG;Sul;Colisão traseira;1;2;0;0;0;0;1
03/08/2018;10:36:00;159;Acidente com Vítima;508,1;BR-040/MG;Norte;Colisão traseira;2;2;1;0;0;0;1
03/08/2018;02:09:00;54;Acidente sem Vítima;43,2;BR-040/MG;Sul;Abalroamento longitudinal;1;2;0;0;0;0;1
02/08/2018;16:39:00;231;Acidente sem Vítima;493,234;BR-040/MG;Sul;Abalroamento longitudinal;1;2;0;0;0;0;1
02/08/2018;11:03:00;158;Acidente sem Vítima;501,1;BR-040/MG;Norte;Choque com objeto fixo;1;1;0;0;0;0;1
02/08/2018;10:05:00;142;Acidente sem Vítima;660,318;BR-040/MG;Norte;Colisão traseira;1;2;0;0;0;0;1
02/08/2018;09:46:00;138;Acidente sem Vítima;501,25;BR-040/MG;Norte;Choque com objeto fixo;1;1;0;0;0;0;1
01/08/2018;18:40:00;269;Acidente com Vítima;504,4;BR-040/MG;Norte;Queda de Moto;1;3;3;0;0;0;1
01/08/2018;05:40:00;68;Acidente sem Vítima;293,1;BR-040/MG;Sul;Choque com objeto fixo;1;1;0;0;0;0;1
31/05/2018;20:15:00;112;Acidente sem Vítima;747,8;BR-040/MG;Norte;Queda de Carga;1;1;0;0;0;0;1
31/05/2018;14:01:00;73;Acidente sem Vítima;718;BR-040/MG;Sul;Queda de Carga;1;1;0;0;0;0;1
28/05/2018;09:45:00;59;Acidente com Vítima;537,4;BR-040/MG;Norte;Abalroamento longitudinal;1;1;0;1;0;0;2
24/05/2018;17:10:00;195;Acidente com Vítima;51;BR-040/MG;Sul;Abalroamento longitudinal;1;2;1;0;0;0;1
24/05/2018;15:16:00;180;Acidente sem Vítima;529,2;BR-040/MG;Sul;Colisão traseira;1;2;0;0;0;0;1
24/05/2018;14:46:00;174;Acidente sem Vítima;529,3;BR-040/MG;Sul;Abalroamento longitudinal;2;4;0;0;0;0;1
23/05/2018;19:31:00;222;Acidente com Vítima;436,2;BR-040/MG;Sul;Queda de Carga;1;0;1;0;0;0;1
20/05/2018;20:15:00;256;Acidente sem Vítima;643,05;BR-040/MG;Norte;Colisão traseira;1;3;0;0;0;0;1
20/05/2018;18:29:00;222;Acidente com Vítima;644,6;BR-040/MG;Sul;Colisão traseira;1;1;1;0;0;0;1
20/05/2018;09:17:00;89;Acidente com Vítima;689;BR-040/MG;Norte;Queda de Carga;1;2;0;1;0;0;2
19/05/2018;20:44:00;321;Acidente sem Vítima;462,1;BR-040/MG;Sul;Choque em defensa;1;1;0;0;0;0;1
19/05/2018;15:27:00;235;Acidente com Vítima;48,8;BR-040/MG;Norte;Queda de Carga;1;0;1;0;0;0;1
19/05/2018;13:58:00;208;Acidente com Vítima;562;BR-040/MG;Sul;Colisão traseira;2;5;1;4;0;0;2
19/05/2018;12:51:00;189;Acidente sem Vítima;474;BR-040/MG;Norte;Choque com objeto fixo;1;1;0;0;0;0;1
19/05/2018;06:08:00;66;Acidente sem Vítima;739;BR-040/MG;Norte;Queda de Carga;1;1;0;0;0;0;1
18/05/2018;10:46:00;170;Acidente com Vítima;126,001;BR-040/MG;Sul;Queda de Carga;1;0;0;0;1;0;2
18/05/2018;09:04:00;137;Acidente sem Vítima;109,1;BR-040/MG;Sul;Choque com objeto fixo;1;1;0;0;0;0;1
17/05/2018;16:53:00;274;Acidente sem Vítima;568;BR-040/MG;Sul;Abalroamento transversal;1;2;0;0;0;0;1
17/05/2018;14:26:00;236;Acidente com Morte;590,3;BR-040/MG;Norte;Abalroamento transversal;1;1;0;0;0;1;3
17/05/2018;02:02:00;75;Acidente com Vítima;599,4;BR-040/MG;Norte;Colisão traseira;1;1;1;0;0;0;1
16/05/2018;13:33:00;187;Acidente sem Vítima;487;BR-040/MG;Norte;Colisão traseira;1;2;0;0;0;0;1
15/05/2018;10:11:00;161;Acidente sem Vítima;580,89;BR-040/MG;Norte;Abalroamento longitudinal;1;3;0;0;0;0;1
14/05/2018;18:32:00;246;Acidente com Vítima;499;BR-040/MG;Norte;Outros;1;2;2;0;0;0;1
14/05/2018;17:19:00;227;Atropelamento sem Morte;6,068;BR-040/GO;Sul;Atropelamento de ciclista;1;30;0;0;0;0;1
14/05/2018;16:32:00;216;Acidente sem Vítima;535,648;BR-040/MG;Norte;Colisão traseira;1;2;0;0;0;0;1
14/05/2018;07:32:00;68;Acidente sem Vítima;437;BR-040/MG;Sul;Colisão traseira;1;2;0;0;0;0;1
13/05/2018;19:11:00;196;Acidente com Vítima;29,119;BR-040/GO;Norte;Queda de Carga;1;0;0;0;0;0;1
13/05/2018;15:15:00;131;Acidente com Vítima;589,1;BR-040/MG;Norte;Queda de Carga;1;1;0;1;0;0;2
12/05/2018;10:12:00;156;Acidente sem Vítima;457,4;BR-040/MG;Sul;Colisão traseira;1;2;0;0;0;0;1
12/05/2018;09:20:00;134;Acidente com Vítima;764;BR-040/MG;Sul;Choque com objeto fixo;1;3;1;0;0;0;1
12/05/2018;06:27:00;68;Acidente sem Vítima;527,2;BR-040/MG;Sul;Abalroamento longitudinal;1;2;0;0;0;0;1
11/05/2018;18:23:00;285;Atropelamento sem Morte;21,03;BR-040/GO;Sul;Atropelamento de pedestre atravessando;1;1;0;0;0;0;1
11/05/2018;16:57:00;260;Acidente com Vítima;347;BR-040/MG;Sul;Abalroamento transversal;1;1;1;0;0;0;1
11/05/2018;11:49:00;172;Acidente sem Vítima;357,5;BR-040/MG;Norte;Colisão traseira;1;2;0;0;0;0;1
11/05/2018;10:20:00;148;Acidente sem Vítima;585,2;BR-040/MG;Norte;Colisão frontal;1;2;0;0;0;0;1
11/05/2018;09:41:00;135;Acidente com Vítima;79,83;BR-040/MG;Sul;Queda de Carga;1;0;0;1;0;0;2
11/05/2018;03:33:00;67;Acidente sem Vítima;530,1;BR-040/MG;Sul;Colisão traseira;1;2;0;0;0;0;1
10/05/2018;20:24:00;303;Atropelamento sem Morte;611,058;BR-040/MG;Sul;Atropelamento de pedestre caminhando;1;1;0;0;1;0;2
10/05/2018;14:09:00;221;Acidente sem Vítima;100,326;BR-040/MG;Norte;Choque com objeto fixo;1;1;0;0;0;0;1
10/05/2018;08:26:00;129;Acidente com Vítima;271,05;BR-040/MG;Norte;Abalroamento transversal;1;2;0;1;0;0;2
09/05/2018;19:40:00;282;Acidente sem Vítima;598,872;BR-040/MG;Norte;Colisão traseira;2;2;0;0;0;0;1
08/05/2018;11:09:00;157;Acidente sem Vítima;615;BR-040/MG;Sul;Colisão traseira;2;2;0;0;0;0;1
08/05/2018;07:25:00;93;Acidente sem Vítima;49,5;BR-040/MG;Norte;Abalroamento longitudinal;1;2;0;0;0;0;1
07/05/2018;08:07:00;109;Acidente sem Vítima;245,2;BR-040/MG;Norte;Colisão traseira;2;3;0;0;0;0;1
07/05/2018;06:43:00;91;Acidente sem Vítima;525;BR-040/MG;Norte;Abalroamento transversal;2;4;0;0;0;0;1
05/05/2018;06:16:00;57;Acidente com Vítima;511,25;BR-040/MG;Norte;Colisão traseira;1;1;1;0;0;0;1
04/05/2018;15:10:00;225;Acidente sem Vítima;588;BR-040/MG;Sul;Outros;1;2;0;0;0;0;1
04/05/2018;09:34:00;146;Acidente sem Vítima;521,5;BR-040/MG;Sul;Colisão traseira;2;2;0;0;0;0;1
04/05/2018;06:44:00;89;Acidente com Vítima;122;BR-040/GO;Norte;Choque em defensa;1;0;1;0;0;0;1
03/05/2018;12:12:00;199;Acidente com Vítima;539,9;BR-040/MG;Norte;Choque com objeto fixo;1;0;0;1;0;0;2
02/05/2018;13:01:00;191;Acidente sem Vítima;10,25;BR-040/GO;Sul;Abalroamento longitudinal;1;2;0;0;0;0;1
02/05/2018;11:51:00;181;Acidente sem Vítima;596,2;BR-040/MG;Norte;Colisão traseira;1;2;0;0;0;0;1
02/05/2018;08:12:00;127;Acidente sem Vítima;537,691;BR-040/MG;Norte;Colisão traseira;1;3;0;0;0;0;1
01/05/2018;12:48:00;101;Acidente sem Vítima;668,1;BR-040/MG;Norte;Colisão traseira;1;3;0;0;0;0;1
01/05/2018;08:14:00;41;Acidente sem Vítima;457,82;BR-040/MG;Norte;Colisão traseira;1;2;0;0;0;0;1
31/10/2018;21:53:00;406;Acidente sem Vítima;593,1;BR-040/MG;Sul;Colisão traseira;2;3;0;0;0;0;1
31/10/2018;14:06:00;262;Acidente sem Vítima;589,2;BR-040/MG;Sul;Colisão traseira;2;2;0;0;0;0;1
31/10/2018;07:53:00;141;Acidente sem Vítima;534,1;BR-040/MG;Norte;Abalroamento longitudinal;1;2;0;0;0;0;1
30/10/2018;04:24:00;78;Acidente sem Vítima;587,147;BR-040/MG;Sul;Queda de Carga;1;1;0;0;0;0;1
30/10/2018;03:00:00;74;Acidente sem Vítima;708,1;BR-040/MG;Sul;Colisão traseira;2;2;0;0;0;0;1
29/10/2018;18:34:00;279;Acidente sem Vítima;668,594;BR-040/MG;Norte;Abalroamento longitudinal;1;2;0;0;0;0;1
29/10/2018;14:19:00;218;Acidente sem Vítima;455,5;BR-040/MG;Norte;Choque com objeto fixo;1;1;0;0;0;0;1
28/10/2018;12:39:00;93;Acidente sem Vítima;533;BR-040/MG;Norte;Abalroamento longitudinal;1;2;0;0;0;0;1
27/10/2018;14:20:00;201;Acidente sem Vítima;514,1;BR-040/MG;Sul;Choque com objeto na pista;1;2;0;0;0;0;1
27/10/2018;13:55:00;185;Acidente com Vítima;470,1;BR-040/MG;Norte;Choque com objeto fixo;1;1;1;0;0;0;1
26/10/2018;22:32:00;377;Acidente sem Vítima;556,309;BR-040/MG;Norte;Choque com objeto fixo;1;1;0;0;0;0;1
26/10/2018;19:28:00;332;Acidente sem Vítima;521,5;BR-040/MG;Norte;Choque com objeto fixo;1;2;0;0;0;0;1
26/10/2018;18:46:00;315;Atropelamento sem Morte;95,1;BR-040/GO;Sul;Atropelamento de ciclista;1;2;0;0;0;0;1
26/10/2018;03:37:00;81;Acidente sem Vítima;752,01;BR-040/MG;Sul;Choque com objeto fixo;1;1;0;0;0;0;1
24/10/2018;20:50:00;316;Acidente sem Vítima;449;BR-040/MG;Norte;Choque em defensa;1;1;0;0;0;0;1
23/10/2018;13:52:00;208;Acidente com Vítima;5,15;BR-040/GO;Sul;Abalroamento transversal;1;29;2;0;0;0;1
23/10/2018;12:31:00;192;Acidente sem Vítima;598;BR-040/MG;Norte;Colisão traseira;2;31;0;0;0;0;1
23/10/2018;08:54:00;126;Acidente sem Vítima;468,1;BR-040/MG;Norte;Colisão traseira;1;2;0;0;0;0;1
23/10/2018;07:45:00;104;Acidente com Vítima;92,5;BR-040/GO;Norte;Abalroamento transversal;1;1;0;0;0;0;1
22/10/2018;19:34:00;311;Acidente sem Vítima;609;BR-040/MG;Sul;Abalroamento longitudinal;2;2;0;0;0;0;1
22/10/2018;16:24:00;259;Acidente sem Vítima;496,8;BR-040/MG;Norte;Colisão traseira;2;2;0;0;0;0;1
22/10/2018;13:26:00;215;Acidente com Vítima;504,1;BR-040/MG;Sul;Colisão traseira;2;3;1;0;0;0;1
22/10/2018;07:43:00;113;Acidente sem Vítima;528,1;BR-040/MG;Sul;Colisão traseira;1;2;0;0;0;0;1
21/10/2018;19:12:00;212;Acidente sem Vítima;510,8;BR-040/MG;Sul;Colisão traseira;1;3;0;0;0;0;1
21/10/2018;18:43:00;200;Acidente com Vítima;541,04;BR-040/MG;Norte;Colisão traseira;1;1;1;0;0;0;1
21/10/2018;12:38:00;106;Acidente sem Vítima;448,65;BR-040/MG;Norte;Abalroamento longitudinal;1;2;0;0;0;0;1
20/10/2018;03:18:00;47;Acidente sem Vítima;350,8;BR-040/MG;Norte;Atropelamento de animal;1;4;0;0;0;0;1
19/10/2018;19:43:00;338;Atropelamento sem Morte;314,7;BR-040/MG;Sul;Atropelamento de pedestre atravessando;1;1;1;0;0;0;1
18/10/2018;16:46:00;287;Acidente com Vítima;69;BR-040/GO;Norte;Choque com objeto fixo;1;0;1;0;0;0;1
18/10/2018;12:22:00;220;Acidente sem Vítima;516,15;BR-040/MG;Norte;Colisão traseira;1;2;0;0;0;0;1
18/10/2018;02:30:00;37;Acidente sem Vítima;616,1;BR-040/MG;Sul;Choque com objeto fixo;1;1;0;0;0;0;1
17/10/2018;19:10:00;302;Acidente com Vítima;274;BR-040/MG;Norte;Abalroamento transversal;1;5;0;1;0;0;2
17/10/2018;17:44:00;273;Acidente com Vítima;442,9;BR-040/MG;Sul;Colisão traseira;1;2;0;1;1;0;2
17/10/2018;16:37:00;255;Acidente sem Vítima;443,58;BR-040/MG;Norte;Queda de Carga;1;1;0;0;0;0;1
17/10/2018;16:16:00;249;Acidente com Vítima;444,01;BR-040/MG;Norte;Colisão traseira;2;1;1;0;0;0;1
17/10/2018;15:23:00;233;Acidente sem Vítima;455,446;BR-040/MG;Sul;Queda de Carga;1;4;0;0;0;0;1
17/10/2018;14:19:00;215;Acidente sem Vítima;588,6;BR-040/MG;Sul;Choque com objeto fixo;1;2;0;0;0;0;1
17/10/2018;09:12:00;139;Acidente sem Vítima;418;BR-040/MG;Sul;Abalroamento longitudinal;1;3;0;0;0;0;1
16/10/2018;20:18:00;308;Acidente com Morte;727,94;BR-040/MG;Sul;Colisão traseira;1;1;0;0;0;1;3
15/10/2018;20:30:00;346;;139,6;BR-040/MG;Norte;;1;0;2;0;0;0;1
15/10/2018;16:29:00;271;Acidente sem Vítima;77,3;BR-040/GO;Norte;Colisão traseira;1;2;0;0;0;0;1
15/10/2018;16:07:00;266;Acidente sem Vítima;538,1;BR-040/MG;Norte;Colisão traseira;1;2;0;0;0;0;1
15/10/2018;15:29:00;255;Acidente sem Vítima;462,1;BR-040/MG;Norte;Queda de Carga;1;1;0;0;0;0;1
15/10/2018;13:14:00;210;Acidente sem Vítima;543,1;BR-040/MG;Sul;Colisão traseira;1;2;0;0;0;0;1
15/10/2018;10:08:00;149;Acidente com Vítima;572,5;BR-040/MG;Norte;Queda de Carga;2;1;1;0;0;0;1
15/10/2018;09:03:00;127;Acidente com Vítima;503,1;BR-040/MG;Norte;Queda de Moto;1;1;1;0;0;0;1
15/10/2018;01:30:00;24;Acidente sem Vítima;53,9;BR-040/GO;Sul;Queda de Carga;1;1;0;0;0;0;1
14/10/2018;17:18:00;285;Acidente sem Vítima;542,7;BR-040/MG;Sul;Choque em veículo parado na pista;2;2;0;0;0;0;1
13/10/2018;16:40:00;156;Acidente sem Vítima;409;BR-040/MG;Sul;Outros;1;3;0;0;0;0;1
12/10/2018;22:34:00;302;Acidente sem Vítima;591,155;BR-040/MG;Sul;Queda de Carga;1;1;0;0;0;0;1
11/10/2018;23:32:00;394;Acidente sem Vítima;444,5;BR-040/MG;Norte;Queda de Carga;1;1;0;0;0;0;1
11/10/2018;18:58:00;308;Acidente sem Vítima;2,05;BR-040/GO;Sul;Abalroamento longitudinal;1;3;0;0;0;0;1
11/10/2018;18:37:00;301;Acidente sem Vítima;91,1;BR-040/MG;Sul;Colisão traseira;1;3;0;0;0;0;1
11/10/2018;17:00:00;271;Acidente sem Vítima;610;BR-040/MG;Sul;Colisão traseira;1;2;0;0;0;0;1
11/10/2018;05:37:00;71;Acidente sem Vítima;754,9;BR-040/MG;Sul;Queda de Carga;1;1;0;0;0;0;1
11/10/2018;02:40:00;44;Acidente sem Vítima;429,5;BR-040/MG;Norte;Colisão traseira;2;2;0;0;0;0;1
11/10/2018;01:10:00;7;Acidente com Vítima;401,9;BR-040/MG;Norte;Capotamento;1;0;0;2;0;0;2
10/10/2018;13:59:00;207;Acidente sem Vítima;592;BR-040/MG;Sul;Choque com objeto fixo;1;1;0;0;0;0;1
10/10/2018;13:38:00;205;Acidente com Vítima;526,5;BR-040/MG;Sul;Abalroamento transversal;1;1;0;2;0;0;2
10/10/2018;11:05:00;165;Acidente sem Vítima;530,2;BR-040/MG;Norte;Colisão traseira;2;2;0;0;0;0;1
10/10/2018;09:23:00;127;Acidente sem Vítima;539,1;BR-040/MG;Norte;Colisão traseira;3;3;0;0;0;0;1
09/10/2018;23:07:00;310;Acidente sem Vítima;524,8;BR-040/MG;Sul;Abalroamento transversal;1;3;0;0;0;0;1
09/10/2018;17:09:00;232;Acidente sem Vítima;7;BR-040/GO;Norte;Colisão traseira;1;1;1;0;0;0;1
09/10/2018;15:09:00;203;Acidente com Morte;139,001;BR-040/GO;Norte;Queda de Carga;1;0;0;1;0;1;3
09/10/2018;13:15:00;180;Acidente sem Vítima;464,1;BR-040/MG;Sul;Choque com objeto na pista;1;1;0;0;0;0;1
09/10/2018;12:11:00;167;Acidente sem Vítima;487,2;BR-040/MG;Sul;Colisão traseira;1;2;0;0;0;0;1
08/10/2018;19:48:00;272;Acidente sem Vítima;457,2;BR-040/MG;Sul;Queda de Carga;1;1;0;0;0;0;1
08/10/2018;18:39:00;255;Acidente sem Vítima;612,047;BR-040/MG;Norte;Choque com objeto fixo;1;1;0;0;0;0;1
08/10/2018;08:51:00;118;Acidente sem Vítima;587;BR-040/MG;Norte;Colisão traseira;1;7;0;0;0;0;1
07/10/2018;16:27:00;166;Acidente com Vítima;224,5;BR-040/MG;Norte;Queda de Carga;1;0;1;0;0;0;1
07/10/2018;12:15:00;104;Acidente sem Vítima;509,1;BR-040/MG;Norte;Choque com objeto fixo;1;1;0;0;0;0;1
06/10/2018;20:12:00;247;Acidente sem Vítima;137,1;BR-040/MG;Sul;Abalroamento longitudinal;1;2;0;0;0;0;1
05/10/2018;20:04:00;277;Acidente sem Vítima;642,1;BR-040/MG;Norte;Queda de Carga;1;1;0;0;0;0;1
05/10/2018;08:03:00;105;Acidente sem Vítima;339;BR-040/MG;Sul;Queda de Carga;1;1;0;0;0;0;1
05/10/2018;04:44:00;66;Acidente sem Vítima;84,8;BR-040/GO;Norte;Queda de Carga;1;1;0;0;0;0;1
04/10/2018;01:05:00;8;Acidente sem Vítima;586,5;BR-040/MG;Norte;Colisão traseira;1;2;0;0;0;0;1
03/10/2018;16:08:00;236;Acidente sem Vítima;468,1;BR-040/MG;Norte;Abalroamento longitudinal;1;2;0;0;0;0;1
03/10/2018;13:05:00;189;Acidente sem Vítima;136,5;BR-040/GO;Sul;Choque em defensa;1;1;0;0;0;0;1
03/10/2018;11:14:00;162;Acidente com Vítima;568,7;BR-040/MG;Sul;Colisão traseira;1;1;0;0;1;0;2
03/10/2018;07:11:00;92;Acidente sem Vítima;479,1;BR-040/MG;Norte;Abalroamento longitudinal;2;2;0;0;0;0;1
03/10/2018;00:24:00;2;Acidente com Vítima;429,05;BR-040/MG;Norte;Choque com objeto fixo;1;0;0;1;0;0;2
02/10/2018;22:45:00;328;Acidente sem Vítima;213,1;BR-040/MG;Norte;Colisão traseira;2;3;0;0;0;0;1
02/10/2018;21:35:00;315;Acidente sem Vítima;610,5;BR-040/MG;Sul;Colisão traseira;1;2;0;0;0;0;1
02/10/2018;12:23:00;177;Acidente com Vítima;606;BR-040/MG;Norte;Abalroamento transversal;1;2;2;0;0;0;1
02/10/2018;04:21:00;63;Acidente sem Vítima;767,18;BR-040/MG;Sul;Colisão traseira;2;2;0;0;0;0;1
02/10/2018;00:54:00;2;Acidente com Vítima;526;BR-040/MG;Sul;Abalroamento longitudinal;1;2;1;0;0;0;1
01/10/2018;23:05:00;277;Acidente sem Vítima;465,1;BR-040/MG;Norte;Queda de Carga;1;1;0;0;0;0;1
01/10/2018;20:33:00;255;Acidente sem Vítima;504,5;BR-040/MG;Sul;Abalroamento longitudinal;1;2;0;0;0;0;1
01/10/2018;19:50:00;244;Acidente com Vítima;749,4;BR-040/MG;Norte;Abalroamento longitudinal;2;1;0;1;0;0;2
01/10/2018;18:18:00;215;Acidente sem Vítima;504,5;BR-040/MG;Sul;Colisão traseira;1;2;0;0;0;0;1