data;horario;n_da_ocorrencia;tipo_de_ocorrencia;km;trecho;sentido;tipo_de_acidente;caminhao;ilesos;levemente_feridos;moderadamente_feridos;gravemente_feridos;mortos;3
01/10/2018;17:58:00;208;Acidente com Vítima;749,4;BR-040/MG;Norte;Abalroamento longitudinal;1;1;1;0;0;0;1
30/09/2018;03:01:00;13;Acidente sem Vítima;167,5;BR-040/MG;Norte;Queda de Carga;1;1;0;0;0;0;1
29/09/2018;20:40:00;256;Acidente com Vítima;453,8;BR-040/MG;Sul;Abalroamento longitudinal;1;1;1;0;0;0;1
29/09/2018;03:51:00;25;Acidente sem Vítima;588,59;BR-040/MG;Norte;Atropelamento de animal;1;1;0;0;0;0;1
28/09/2018;09:15:00;140;Acidente com Vítima;8,15;BR-040/DF;Norte;Colisão traseira;1;1;1;0;0;0;1
27/09/2018;11:57:00;188;Acidente sem Vítima;543,9;BR-040/MG;Norte;Queda de Carga;1;1;0;0;0;0;1
27/09/2018;05:25:00;81;Acidente com Vítima;29,1;BR-040/GO;Norte;Queda de Carga;1;2;1;0;0;0;1
26/09/2018;17:26:00;246;Acidente sem Vítima;36,001;BR-040/MG;Norte;Queda de Carga;1;1;0;0;0;0;1
26/09/2018;07:33:00;90;Acidente sem Vítima;6,8;BR-040/GO;Sul;Queda de Carga;1;1;0;0;0;0;1
26/09/2018;01:26:00;23;Acidente sem Vítima;339,6;BR-040/MG;Norte;Atropelamento de animal;1;1;0;0;0;0;1
25/09/2018;10:38:00;156;Acidente com Vítima;564,4;BR-040/MG;Norte;Colisão traseira;2;1;0;1;0;0;2
25/09/2018;03:08:00;43;Acidente sem Vítima;474,1;BR-040/MG;Norte;Queda de Carga;1;1;0;0;0;0;1
24/09/2018;12:46:00;210;Acidente com Vítima;5,15;BR-040/GO;Norte;Colisão traseira;1;2;0;1;0;0;2
24/09/2018;08:07:00;118;Acidente sem Vítima;532,9;BR-040/MG;Sul;Colisão traseira;1;2;0;0;0;0;1
23/09/2018;20:52:00;252;Acidente sem Vítima;511,15;BR-040/MG;Norte;Colisão traseira;2;2;0;0;0;0;1
23/09/2018;17:19:00;181;Acidente sem Vítima;751,699;BR-040/MG;Norte;Choque com objeto fixo;1;1;0;0;0;0;1
22/09/2018;08:41:00;77;Acidente sem Vítima;487;BR-040/MG;Norte;Colisão traseira;1;2;0;0;0;0;1
21/09/2018;18:07:00;269;Acidente sem Vítima;538,2;BR-040/MG;Norte;Colisão traseira;2;2;0;0;0;0;1
21/09/2018;09:05:00;100;Acidente com Vítima;737,8;BR-040/MG;Norte;Queda de Carga;1;0;1;0;0;0;1
21/09/2018;07:41:00;84;Acidente sem Vítima;513,1;BR-040/MG;Sul;Queda de Carga;1;1;0;0;0;0;1
21/09/2018;06:40:00;67;Acidente sem Vítima;447,1;BR-040/MG;Sul;Choque em defensa;1;1;0;0;0;0;1
21/09/2018;05:53:00;55;Acidente sem Vítima;524,1;BR-040/MG;Sul;Colisão traseira;1;2;0;0;0;0;1
21/09/2018;00:03:00;2;Acidente com Vítima;450,1;BR-040/MG;Norte;Capotamento;1;1;1;0;0;0;1
20/09/2018;22:35:00;354;Acidente com Vítima;68,1;BR-040/GO;Sul;Queda de Carga;1;0;0;0;1;0;2
20/09/2018;15:18:00;237;Acidente sem Vítima;225,3;BR-040/MG;Sul;Colisão traseira;1;2;0;0;0;0;1
19/09/2018;22:32:00;323;Acidente com Vítima;676,8;BR-040/MG;Norte;Queda de Carga;1;0;0;1;0;0;2
19/09/2018;22:06:00;312;Acidente sem Vítima;359,2;BR-040/MG;Sul;Queda de Carga;1;1;0;0;0;0;1
19/09/2018;18:14:00;253;Atropelamento sem Morte;523,5;BR-040/MG;Sul;Atropelamento de pedestre caminhando;1;2;0;1;0;0;2
19/09/2018;13:54:00;202;Acidente sem Vítima;517,5;BR-040/MG;Norte;Queda de Carga;1;1;0;0;0;0;1
18/09/2018;21:41:00;310;Acidente sem Vítima;462;BR-040/MG;Norte;Colisão traseira;1;2;0;0;0;0;1
18/09/2018;04:18:00;59;Acidente com Vítima;387,95;BR-040/MG;Sul;Choque com objeto fixo;1;0;1;0;0;0;1
18/09/2018;03:41:00;58;Acidente com Vítima;234,3;BR-040/MG;Sul;Choque com objeto fixo;1;0;1;0;0;0;1
17/09/2018;12:48:00;204;Acidente com Vítima;758,5;BR-040/MG;Norte;Choque com objeto fixo;1;1;1;0;0;0;1
17/09/2018;11:24:00;185;Acidente sem Vítima;632;BR-040/MG;Norte;Choque com objeto fixo;1;2;0;0;0;0;1
17/09/2018;10:30:00;167;Acidente sem Vítima;741,2;BR-040/MG;Norte;Choque com objeto fixo;1;1;0;0;0;0;1
17/09/2018;09:40:00;145;Acidente com Vítima;694,1;BR-040/MG;Sul;Abalroamento longitudinal;1;5;1;0;0;0;1
17/09/2018;08:39:00;127;Acidente sem Vítima;464,1;BR-040/MG;Norte;Queda de Carga;1;1;0;0;0;0;1
17/09/2018;06:50:00;84;Acidente com Morte;531,9;BR-040/MG;Sul;Abalroamento longitudinal;1;2;0;0;0;1;3
16/09/2018;09:32:00;92;Acidente com Vítima;621;BR-040/MG;Sul;Abalroamento longitudinal;1;1;1;0;0;0;1
15/09/2018;18:33:00;213;Acidente sem Vítima;481,1;BR-040/MG;Sul;Colisão traseira;1;2;0;0;0;0;1
15/09/2018;15:02:00;166;Acidente sem Vítima;7;BR-040/DF;Sul;Queda de Carga;1;1;0;0;0;0;1
15/09/2018;14:38:00;160;Acidente com Vítima;617,2;BR-040/MG;Norte;Colisão traseira;2;1;0;1;0;0;2
15/09/2018;11:56:00;119;Acidente sem Vítima;6;BR-040/DF;Sul;Colisão traseira;1;5;0;0;0;0;1
15/09/2018;09:02:00;79;Acidente sem Vítima;133,001;BR-040/MG;Norte;Choque com objeto fixo;1;1;0;0;0;0;1
15/09/2018;03:18:00;33;Acidente com Vítima;728,188;BR-040/MG;Norte;Colisão traseira;2;3;0;1;0;0;2
14/09/2018;18:24:00;234;Acidente sem Vítima;530;BR-040/MG;Sul;Abalroamento transversal;1;2;0;0;0;0;1
13/09/2018;02:38:00;88;Acidente sem Vítima;18,5;BR-040/GO;Norte;Colisão traseira;1;6;0;0;0;0;1
12/09/2018;11:27:00;151;Acidente sem Vítima;522;BR-040/MG;Norte;Colisão traseira;1;3;0;0;0;0;1
12/09/2018;10:30:00;135;Acidente sem Vítima;488;BR-040/MG;Norte;Choque com objeto fixo;1;2;0;0;0;0;1
12/09/2018;05:02:00;60;Acidente sem Vítima;164,4;BR-040/MG;Norte;Capotamento;2;5;0;0;0;0;1
11/09/2018;23:47:00;299;Acidente sem Vítima;601,505;BR-040/MG;Norte;Colisão traseira;2;2;0;0;0;0;1
11/09/2018;21:00:00;264;Acidente sem Vítima;12,4;BR-040/GO;Sul;Abalroamento longitudinal;1;2;0;0;0;0;1
11/09/2018;18:45:00;235;Acidente sem Vítima;525,1;BR-040/MG;Norte;Colisão traseira;1;4;0;0;0;0;1
11/09/2018;13:47:00;165;Acidente com Vítima;621,5;BR-040/MG;Sul;Colisão traseira;1;7;0;1;0;0;2
10/09/2018;22:51:00;378;Acidente sem Vítima;577,5;BR-040/MG;Norte;Abalroamento longitudinal;1;2;0;0;0;0;1
10/09/2018;22:32:00;373;Acidente sem Vítima;247;BR-040/MG;Sul;Queda de Carga;1;1;0;0;0;0;1
10/09/2018;18:14:00;291;Acidente com Vítima;542,9;BR-040/MG;Sul;Colisão traseira;1;2;1;0;0;0;1
10/09/2018;09:48:00;148;Acidente sem Vítima;571,649;BR-040/MG;Sul;Colisão traseira;1;2;0;0;0;0;1
09/09/2018;12:18:00;129;Acidente sem Vítima;501,5;BR-040/MG;Norte;Colisão traseira;1;2;0;0;0;0;1
08/09/2018;17:26:00;159;Acidente com Morte;535,1;BR-040/MG;Norte;Colisão traseira;1;2;0;0;0;1;3
08/09/2018;12:49:00;109;Acidente sem Vítima;509,5;BR-040/MG;Sul;Abalroamento longitudinal;1;2;0;0;0;0;1
08/09/2018;07:43:00;38;Acidente com Vítima;543,1;BR-040/MG;Sul;Colisão traseira;1;1;1;0;0;0;1
08/09/2018;01:51:00;8;Acidente sem Vítima;453,1;BR-040/MG;Norte;Abalroamento longitudinal;1;2;0;0;0;0;1
08/09/2018;01:03:00;5;Acidente sem Vítima;538,1;BR-040/MG;Norte;Abalroamento longitudinal;1;2;0;0;0;0;1
07/09/2018;19:13:00;250;Acidente sem Vítima;563,1;BR-040/MG;Norte;Colisão traseira;1;15;0;0;0;0;1
07/09/2018;15:36:00;182;Acidente sem Vítima;486,5;BR-040/MG;Norte;Colisão traseira;1;4;0;0;0;0;1
05/09/2018;18:37:00;284;Acidente com Vítima;518,1;BR-040/MG;Sul;Abalroamento transversal;1;1;0;1;0;0;2
05/09/2018;08:16:00;118;Acidente com Vítima;44,1;BR-040/GO;Norte;Queda de Carga;1;1;1;0;0;0;1
05/09/2018;07:59:00;114;Acidente sem Vítima;544,1;BR-040/MG;Norte;Abalroamento longitudinal;1;2;0;0;0;0;1
04/09/2018;05:42:00;54;Acidente com Vítima;587,5;BR-040/MG;Sul;Queda de Carga;1;0;0;1;0;0;2
03/09/2018;22:43:00;317;Acidente com Vítima;154;BR-040/GO;Sul;Colisão traseira;1;1;1;0;0;0;1
03/09/2018;18:35:00;246;Acidente sem Vítima;111;BR-040/GO;Sul;Choque com objeto fixo;1;1;0;0;0;0;1
03/09/2018;16:18:00;210;Acidente sem Vítima;526,9;BR-040/MG;Norte;Colisão traseira;1;2;0;0;0;0;1
02/09/2018;07:06:00;32;Acidente sem Vítima;434,15;BR-040/MG;Sul;Colisão traseira;1;2;0;0;0;0;1
02/09/2018;04:11:00;18;Acidente com Vítima;470,4;BR-040/MG;Norte;Colisão traseira;1;4;2;0;0;0;1
01/09/2018;14:43:00;163;Acidente sem Vítima;385,57;BR-040/MG;Norte;Colisão traseira;1;3;0;0;0;0;1
30/11/2018;08:03:00;105;Acidente com Vítima;561,1;BR-040/MG;Norte;Colisão traseira;1;3;1;0;0;0;1
28/11/2018;22:43:00;382;Acidente com Vítima;12,6;BR-040/GO;Sul;Queda de Moto;1;1;1;0;0;0;1
28/11/2018;12:11:00;199;Acidente sem Vítima;700,1;BR-040/MG;Sul;Colisão traseira;2;2;0;0;0;0;1
28/11/2018;06:24:00;92;Acidente sem Vítima;405,1;BR-040/MG;Norte;Colisão traseira;2;2;0;0;0;0;1
28/11/2018;04:59:00;78;Acidente com Vítima;615,04;BR-040/MG;Sul;Colisão traseira;1;1;1;0;0;0;1
27/11/2018;10:43:00;172;Acidente sem Vítima;641,4;BR-040/MG;Sul;Choque em defensa;1;33;0;0;0;0;1
26/11/2018;21:54:00;345;Acidente sem Vítima;679,3;BR-040/MG;Norte;Queda de Carga;1;1;0;0;0;0;1
26/11/2018;11:08:00;174;Acidente com Vítima;92,8;BR-040/GO;Sul;Abalroamento transversal;1;1;1;0;0;0;1
26/11/2018;00:27:00;4;Acidente sem Vítima;758,44;BR-040/MG;Sul;Colisão traseira;2;2;0;0;0;0;1
25/11/2018;21:08:00;239;Acidente com Vítima;730,5;BR-040/MG;Sul;Colisão traseira;2;5;0;1;0;0;2
24/11/2018;21:33:00;324;Acidente sem Vítima;440,05;BR-040/MG;Norte;Queda de Carga;1;2;0;0;0;0;1
23/11/2018;13:19:00;256;Acidente sem Vítima;575,9;BR-040/MG;Norte;Abalroamento longitudinal;1;2;0;0;0;0;1
22/11/2018;22:05:00;449;Acidente sem Vítima;533,1;BR-040/MG;Norte;Abalroamento longitudinal;1;2;0;0;0;0;1
22/11/2018;17:29:00;336;Acidente sem Vítima;459,001;BR-040/MG;Sul;Colisão traseira;1;2;0;0;0;0;1
22/11/2018;14:09:00;284;Atropelamento sem Morte;701,1;BR-040/MG;Norte;Atropelamento de pedestre atravessando;1;0;0;1;0;0;2
22/11/2018;11:44:00;248;Acidente sem Vítima;14;BR-040/GO;Norte;Abalroamento longitudinal;1;2;0;0;0;0;1
22/11/2018;09:20:00;202;Acidente com Vítima;629,1;BR-040/MG;Norte;Abalroamento longitudinal;1;1;0;0;0;0;1
21/11/2018;18:18:00;281;Acidente sem Vítima;601,925;BR-040/MG;Sul;Colisão traseira;2;2;0;0;0;0;1
21/11/2018;17:18:00;263;Acidente com Morte;58,645;BR-040/MG;Norte;Choque com objeto fixo;1;2;2;0;0;1;3
21/11/2018;16:24:00;246;Acidente com Vítima;413;BR-040/MG;Sul;Abalroamento longitudinal;1;11;7;1;0;0;2
21/11/2018;12:03:00;194;Acidente sem Vítima;566,789;BR-040/MG;Norte;Abalroamento transversal;1;3;0;0;0;0;1
21/11/2018;06:55:00;107;Acidente sem Vítima;475,001;BR-040/MG;Norte;Abalroamento longitudinal;1;2;0;0;0;0;1
20/11/2018;20:57:00;385;Acidente sem Vítima;641,1;BR-040/MG;Norte;Queda de Carga;1;0;0;0;0;0;1
20/11/2018;17:57:00;330;Acidente com Vítima;603,5;BR-040/MG;Sul;Queda de Carga;1;0;1;0;0;0;1
20/11/2018;16:06:00;287;Acidente sem Vítima;528,1;BR-040/MG;Norte;Colisão traseira;2;2;0;0;0;0;1
20/11/2018;15:20:00;270;Acidente sem Vítima;527,1;BR-040/MG;Norte;Abalroamento longitudinal;1;2;0;0;0;0;1
20/11/2018;09:02:00;132;Acidente sem Vítima;415;BR-040/MG;Sul;Outros;1;0;0;0;0;0;1
20/11/2018;08:09:00;110;Acidente sem Vítima;524,001;BR-040/MG;Sul;Abalroamento transversal;1;2;0;0;0;0;1
20/11/2018;07:09:00;91;Acidente com Morte;590,1;BR-040/MG;Norte;Colisão frontal;1;1;0;0;2;1;3
20/11/2018;01:34:00;23;Acidente com Morte;505,3;BR-040/MG;Norte;Colisão traseira;2;1;0;0;0;1;3
19/11/2018;17:24:00;308;Acidente sem Vítima;590,8;BR-040/MG;Norte;Abalroamento longitudinal;1;1;0;0;0;0;1
19/11/2018;11:35:00;209;Acidente com Vítima;582,1;BR-040/MG;Sul;;1;1;1;0;0;0;1
19/11/2018;07:32:00;116;Acidente sem Vítima;606,05;BR-040/MG;Norte;Abalroamento longitudinal;1;51;0;0;0;0;1
19/11/2018;04:34:00;86;Acidente com Morte;500,6;BR-040/MG;Sul;Colisão traseira;1;9;4;6;2;1;3
19/11/2018;01:30:00;52;Acidente sem Vítima;273,4;BR-040/MG;Norte;Atropelamento de animal;1;1;0;0;0;0;1
17/11/2018;14:41:00;212;Acidente sem Vítima;333,001;BR-040/MG;Norte;Queda de Carga;1;1;0;0;0;0;1
17/11/2018;14:01:00;207;Acidente sem Vítima;11,5;BR-040/GO;Norte;Colisão traseira;2;3;0;0;0;0;1
16/11/2018;18:11:00;298;Acidente sem Vítima;465,1;BR-040/MG;Norte;Choque com objeto fixo;1;1;0;0;0;0;1
16/11/2018;17:25:00;286;Acidente sem Vítima;590,2;BR-040/MG;Sul;Abalroamento longitudinal;1;2;0;0;0;0;1
16/11/2018;13:53:00;224;Acidente sem Vítima;754,9;BR-040/MG;Norte;Choque em defensa;1;1;0;0;0;0;1
16/11/2018;13:46:00;221;Acidente sem Vítima;576;BR-040/MG;Norte;Abalroamento transversal;1;2;0;0;0;0;1
16/11/2018;12:52:00;204;Acidente sem Vítima;613,1;BR-040/MG;Norte;Abalroamento transversal;1;2;0;0;0;0;1
16/11/2018;11:39:00;187;Acidente sem Vítima;602,1;BR-040/MG;Sul;Colisão traseira;2;3;0;0;0;0;1
15/11/2018;21:29:00;342;Acidente sem Vítima;566,95;BR-040/MG;Sul;Abalroamento longitudinal;1;2;0;0;0;0;1
15/11/2018;10:19:00;117;Acidente sem Vítima;590,1;BR-040/MG;Sul;Abalroamento longitudinal;1;4;0;0;0;0;1
15/11/2018;09:35:00;104;Acidente sem Vítima;755,1;BR-040/MG;Norte;Queda de Carga;1;1;0;0;0;0;1
15/11/2018;07:23:00;60;Acidente com Vítima;584,3;BR-040/MG;Sul;Abalroamento transversal;1;1;0;1;0;0;2
14/11/2018;18:32:00;296;Acidente sem Vítima;593,3;BR-040/MG;Norte;Colisão traseira;2;2;0;0;0;0;1
14/11/2018;13:40:00;211;Acidente sem Vítima;587,218;BR-040/MG;Norte;Colisão traseira;1;2;0;0;0;0;1
14/11/2018;09:29:00;150;Acidente sem Vítima;458,8;BR-040/MG;Sul;Colisão traseira;1;2;0;0;0;0;1
14/11/2018;07:23:00;109;Acidente com Morte;621,14;BR-040/MG;Norte;Colisão frontal;1;8;1;6;0;2;3
13/11/2018;06:47:00;93;Acidente com Vítima;536,36;BR-040/MG;Norte;Abalroamento longitudinal;1;3;1;0;0;0;1
12/11/2018;08:44:00;152;Acidente sem Vítima;520,1;BR-040/MG;Sul;Colisão traseira;2;5;0;0;0;0;1
11/11/2018;23:59:00;292;Acidente sem Vítima;530,57;BR-040/MG;Sul;Choque em defensa;1;1;0;0;0;0;1
11/11/2018;12:02:00;112;Acidente sem Vítima;45;BR-040/MG;Sul;Choque com objeto fixo;1;2;0;0;0;0;1
11/11/2018;04:52:00;21;Acidente sem Vítima;676,4;BR-040/MG;Sul;Outros;1;1;0;0;0;0;1
10/11/2018;23:20:00;281;Acidente com Vítima;395,2;BR-040/MG;Sul;Queda de Carga;1;0;1;0;0;0;1
09/11/2018;21:47:00;342;Acidente sem Vítima;295;BR-040/MG;Sul;Abalroamento longitudinal;2;3;0;0;0;0;1
09/11/2018;16:10:00;252;Acidente sem Vítima;563,3;BR-040/MG;Sul;Choque com objeto fixo;1;1;0;0;0;0;1
09/11/2018;14:58:00;233;Acidente com Morte;151,5;BR-040/GO;Sul;Colisão frontal;2;0;2;0;0;1;3
09/11/2018;11:20:00;179;Acidente com Vítima;537,1;BR-040/MG;Norte;Queda de Carga;2;3;1;0;0;0;1
09/11/2018;10:01:00;157;Acidente sem Vítima;510,5;BR-040/MG;Norte;Colisão traseira;1;2;0;0;0;0;1
09/11/2018;08:36:00;125;Acidente com Vítima;507,83;BR-040/MG;Norte;Abalroamento longitudinal;1;2;1;0;0;0;1
09/11/2018;07:56:00;108;Acidente sem Vítima;28,001;BR-040/MG;Norte;Colisão traseira;2;4;0;0;0;0;1
08/11/2018;23:14:00;337;Acidente sem Vítima;465,1;BR-040/MG;Norte;Queda de Carga;1;1;0;0;0;0;1
08/11/2018;17:06:00;272;Acidente sem Vítima;737,8;BR-040/MG;Sul;Abalroamento transversal;1;2;0;0;0;0;1
08/11/2018;17:06:00;273;Acidente sem Vítima;506,1;BR-040/MG;Sul;Colisão traseira;1;4;0;0;0;0;1
08/11/2018;11:44:00;181;Acidente com Vítima;92,2;BR-040/GO;Norte;Abalroamento transversal;1;2;0;2;0;0;2
08/11/2018;11:25:00;176;Acidente sem Vítima;452,2;BR-040/MG;Sul;Queda de Carga;1;1;0;0;0;0;1
08/11/2018;10:37:00;169;Acidente sem Vítima;455;BR-040/MG;Norte;Abalroamento longitudinal;1;1;0;0;0;0;1
08/11/2018;10:09:00;161;Acidente com Vítima;244,9;BR-040/MG;Sul;Choque com objeto fixo;1;4;3;0;0;0;1
08/11/2018;09:49:00;156;Acidente sem Vítima;510,3;BR-040/MG;Norte;Queda de Carga;1;1;0;0;0;0;1
08/11/2018;08:53:00;134;Acidente sem Vítima;510,1;BR-040/MG;Norte;Colisão traseira;1;2;0;0;0;0;1
08/11/2018;06:32:00;87;Acidente com Morte;564,6;BR-040/MG;Norte;Colisão frontal;1;3;0;1;3;1;3
08/11/2018;04:27:00;75;Acidente sem Vítima;455,12;BR-040/MG;Norte;Choque com objeto fixo;1;0;0;0;0;0;1
07/11/2018;21:28:00;414;Acidente com Vítima;98,5;BR-040/GO;Sul;Abalroamento transversal;1;4;2;0;0;0;1
07/11/2018;20:13:00;404;Acidente sem Vítima;93,1;BR-040/GO;Norte;Colisão traseira;1;2;0;0;0;0;1
07/11/2018;06:47:00;115;Acidente com Vítima;429,4;BR-040/MG;Sul;Queda de Carga;1;0;1;0;0;0;1
06/11/2018;10:28:00;154;Acidente com Vítima;496,5;BR-040/MG;Norte;Colisão traseira;1;1;0;1;0;0;2
05/11/2018;11:30:00;207;Acidente sem Vítima;714,015;BR-040/MG;Norte;Colisão traseira;1;2;0;0;0;0;1
05/11/2018;06:52:00;90;Acidente sem Vítima;628,635;BR-040/MG;Norte;Colisão traseira;1;2;0;0;0;0;1
04/11/2018;13:19:00;98;Acidente com Vítima;119,1;BR-040/MG;Sul;Abalroamento transversal;1;2;1;1;0;0;2
03/11/2018;18:52:00;240;Acidente sem Vítima;531,3;BR-040/MG;Norte;Queda de Carga;1;0;0;0;0;0;1
03/11/2018;13:58:00;169;Acidente sem Vítima;56,1;BR-040/GO;Sul;Choque em defensa;1;2;0;0;0;0;1
02/11/2018;10:41:00;111;Acidente sem Vítima;716;BR-040/MG;Norte;Queda de Carga;1;1;0;0;0;0;1
02/11/2018;09:55:00;94;Acidente sem Vítima;508,3;BR-040/MG;Sul;Colisão traseira;2;2;0;0;0;0;1
02/11/2018;01:32:00;11;Acidente com Morte;356,5;BR-040/MG;Norte;Abalroamento transversal;1;1;2;2;1;1;3
01/11/2018;16:47:00;277;Acidente sem Vítima;616;BR-040/MG;Norte;Abalroamento transversal;1;2;0;0;0;0;1
31/12/2018;03:04:00;12;Acidente com Vítima;598,14;BR-040/MG;Sul;Colisão frontal;1;1;0;0;1;0;2
31/12/2018;02:25:00;8;Acidente sem Vítima;507,6;BR-040/MG;Norte;Queda de Carga;1;2;0;0;0;0;1
30/12/2018;18:02:00;207;Acidente sem Vítima;751,3;BR-040/MG;Sul;Choque com objeto fixo;1;2;0;0;0;0;1
29/12/2018;11:36:00;165;Acidente com Vítima;603,1;BR-040/MG;Sul;Abalroamento longitudinal;1;1;1;0;0;0;1
28/12/2018;23:20:00;364;Atropelamento sem Morte;614,1;BR-040/MG;Norte;Atropelamento de pedestre atravessando;1;15;0;0;1;0;2
28/12/2018;05:22:00;99;Acidente com Vítima;707,9;BR-040/MG;Norte;Outros;1;2;1;0;0;0;1
28/12/2018;04:58:00;93;Acidente sem Vítima;77,1;BR-040/MG;Norte;Capotamento;1;2;0;0;0;0;1
27/12/2018;19:00:00;303;Acidente com Vítima;45,01;BR-040/GO;Sul;Colisão frontal;1;1;0;0;1;0;2
27/12/2018;14:39:00;224;Acidente sem Vítima;461,25;BR-040/MG;Sul;Colisão traseira;2;14;0;0;0;0;1
26/12/2018;17:24:00;293;Acidente com Morte;366,6;BR-040/MG;Norte;Colisão frontal;1;1;0;1;0;1;3
26/12/2018;09:46:00;166;Acidente sem Vítima;728,2;BR-040/MG;Sul;Queda de Moto;1;1;0;0;0;0;1
26/12/2018;04:14:00;77;Acidente com Vítima;465,4;BR-040/MG;Sul;Queda de Carga;1;0;1;0;0;0;1
25/12/2018;20:13:00;216;Acidente com Vítima;631,301;BR-040/MG;Norte;Abalroamento transversal;1;1;0;0;0;0;1
25/12/2018;19:12:00;200;Acidente com Vítima;451,2;BR-040/MG;Sul;Colisão traseira;1;3;0;0;0;0;1
25/12/2018;00:41:00;3;Acidente sem Vítima;444,5;BR-040/MG;Sul;Queda de Carga;1;1;0;0;0;0;1
24/12/2018;03:47:00;31;Acidente sem Vítima;464,3;BR-040/MG;Sul;Queda de Carga;1;1;0;0;0;0;1
22/12/2018;17:28:00;295;Acidente sem Vítima;116,001;BR-040/GO;Norte;Capotamento;1;2;0;0;0;0;1
22/12/2018;17:19:00;290;Acidente sem Vítima;635,12;BR-040/MG;Norte;Abalroamento longitudinal;1;3;0;0;0;0;1
22/12/2018;11:24:00;168;Acidente com Vítima;543,4;BR-040/MG;Norte;Colisão traseira;1;2;2;0;0;0;1
22/12/2018;08:45:00;105;Acidente com Morte;77,2;BR-040/GO;Norte;Colisão frontal;1;48;0;1;0;1;3
22/12/2018;05:10:00;46;Atropelamento com Morte;466,6;BR-040/MG;Sul;Atropelamento de ciclista;1;1;0;0;1;1;3
21/12/2018;17:07:00;343;Acidente sem Vítima;491,5;BR-040/MG;Sul;Abalroamento transversal;1;3;0;0;0;0;1
21/12/2018;16:08:00;325;Acidente sem Vítima;622,001;BR-040/MG;Norte;Colisão traseira;2;2;0;0;0;0;1
21/12/2018;06:15:00;100;Acidente sem Vítima;505,1;BR-040/MG;Norte;Abalroamento longitudinal;1;3;0;0;0;0;1
20/12/2018;19:45:00;360;Acidente com Vítima;276,1;BR-040/MG;Norte;Abalroamento longitudinal;1;4;1;0;0;0;1
20/12/2018;19:28:00;351;Acidente com Vítima;538,7;BR-040/MG;Sul;Queda de Carga;1;0;0;1;0;0;2
20/12/2018;13:52:00;231;Acidente sem Vítima;683,5;BR-040/MG;Sul;Abalroamento longitudinal;2;2;0;0;0;0;1
20/12/2018;05:46:00;104;Acidente com Vítima;705,05;BR-040/MG;Norte;Queda de Carga;1;1;0;1;0;0;2
20/12/2018;04:58:00;76;Acidente com Vítima;587,5;BR-040/MG;Norte;Colisão traseira;1;2;1;0;0;0;1
19/12/2018;23:03:00;346;Acidente sem Vítima;544,1;BR-040/MG;Sul;Choque com objeto fixo;1;1;0;0;0;0;1
19/12/2018;19:21:00;292;Acidente sem Vítima;533,1;BR-040/MG;Norte;Abalroamento longitudinal;1;3;0;0;0;0;1
19/12/2018;18:55:00;281;Acidente sem Vítima;580,4;BR-040/MG;Sul;Abalroamento longitudinal;2;2;0;0;0;0;1
19/12/2018;15:30:00;228;Acidente sem Vítima;464,4;BR-040/MG;Norte;Choque com objeto fixo;1;1;0;0;0;0;1
19/12/2018;15:04:00;233;Acidente sem Vítima;590,154;BR-040/MG;Sul;Colisão frontal;1;4;0;0;0;0;1
19/12/2018;13:33:00;204;Acidente com Vítima;6,5;BR-040/GO;Norte;Colisão traseira;1;1;1;0;0;0;1
19/12/2018;09:33:00;124;Acidente sem Vítima;512,4;BR-040/MG;Sul;Colisão traseira;2;4;0;0;0;0;1
19/12/2018;08:50:00;114;Acidente sem Vítima;544,2;BR-040/MG;Norte;Abalroamento transversal;1;2;0;0;0;0;1
19/12/2018;08:26:00;106;Atropelamento sem Morte;603,4;BR-040/MG;Sul;Atropelamento de pedestre caminhando;1;1;0;0;1;0;2
19/12/2018;06:36:00;76;Atropelamento sem Morte;569,8;BR-040/MG;Norte;Atropelamento de ciclista;1;2;0;1;0;0;2
18/12/2018;14:43:00;266;Acidente sem Vítima;533,4;BR-040/MG;Norte;Colisão traseira;1;3;0;0;0;0;1
18/12/2018;06:39:00;100;Acidente sem Vítima;2,05;BR-040/GO;Norte;Colisão traseira;1;3;0;0;0;0;1
17/12/2018;16:40:00;289;Acidente sem Vítima;682,05;BR-040/MG;Norte;Colisão traseira;1;3;0;0;0;0;1
17/12/2018;10:22:00;186;Acidente com Vítima;605,1;BR-040/MG;Sul;Abalroamento longitudinal;2;4;0;1;0;0;2
17/12/2018;08:22:00;130;Acidente sem Vítima;584,05;BR-040/MG;Norte;Colisão traseira;2;2;0;0;0;0;1
17/12/2018;06:24:00;83;Acidente com Vítima;9,7;BR-040/GO;Sul;Colisão traseira;1;2;1;0;0;0;1
17/12/2018;06:07:00;78;Acidente sem Vítima;601,05;BR-040/MG;Norte;Atropelamento de animal;1;1;0;0;0;0;1
14/12/2018;22:41:00;351;Acidente sem Vítima;660,12;BR-040/MG;Norte;Colisão traseira;2;2;0;0;0;0;1
14/12/2018;17:36:00;276;Atropelamento sem Morte;516,4;BR-040/MG;Norte;Atropelamento de ciclista;1;2;1;0;0;0;1
14/12/2018;14:55:00;231;Acidente sem Vítima;416,7;BR-040/MG;Sul;Colisão traseira;1;4;0;0;0;0;1
14/12/2018;13:19:00;196;Acidente sem Vítima;664,05;BR-040/MG;Norte;Colisão traseira;1;2;0;0;0;0;1