data;horario;n_da_ocorrencia;tipo_de_ocorrencia;km;trecho;sentido;tipo_de_acidente;caminhao;ilesos;levemente_feridos;moderadamente_feridos;gravemente_feridos;mortos;3
14/12/2018;09:51:00;142;Acidente sem Vítima;356,2;BR-040/MG;Sul;Colisão traseira;1;3;0;0;0;0;1
13/12/2018;18:24:00;319;Acidente sem Vítima;501,1;BR-040/MG;Sul;Abalroamento longitudinal;1;2;0;0;0;0;1
13/12/2018;15:26:00;267;Acidente sem Vítima;516,8;BR-040/MG;Norte;Queda de Carga;1;1;0;0;0;0;1
12/12/2018;16:43:00;222;Acidente sem Vítima;563,5;BR-040/MG;Sul;Colisão traseira;3;3;0;0;0;0;1
12/12/2018;05:31:00;49;Acidente sem Vítima;563,6;BR-040/MG;Sul;Colisão traseira;1;2;0;0;0;0;1
11/12/2018;20:14:00;291;Acidente sem Vítima;662,1;BR-040/MG;Sul;Choque com objeto fixo;1;1;0;0;0;0;1
11/12/2018;14:18:00;207;Acidente sem Vítima;537,5;BR-040/MG;Sul;Abalroamento longitudinal;1;2;0;0;0;0;1
10/12/2018;18:44:00;257;Acidente sem Vítima;61,5;BR-040/MG;Sul;Choque com objeto fixo;1;1;0;0;0;0;1
10/12/2018;18:33:00;252;Acidente sem Vítima;736,15;BR-040/MG;Norte;Colisão traseira;1;5;0;0;0;0;1
10/12/2018;16:19:00;224;Acidente sem Vítima;72,1;BR-040/GO;Sul;Abalroamento transversal;1;2;0;0;0;0;1
10/12/2018;14:07:00;201;Acidente sem Vítima;457,2;BR-040/MG;Sul;Queda de Carga;1;1;0;0;0;0;1
10/12/2018;08:38:00;112;Acidente com Vítima;48;BR-040/MG;Sul;Choque com objeto fixo;1;0;0;1;0;0;2
09/12/2018;09:28:00;92;Acidente com Vítima;720,36;BR-040/MG;Norte;Colisão traseira;1;2;1;1;0;0;2
08/12/2018;22:35:00;303;Acidente sem Vítima;78,5;BR-040/GO;Norte;Colisão traseira;1;3;0;0;0;0;1
08/12/2018;12:57:00;172;Acidente sem Vítima;577,2;BR-040/MG;Norte;Abalroamento transversal;1;5;0;0;0;0;1
08/12/2018;06:51:00;93;Acidente sem Vítima;274,556;BR-040/MG;Norte;Colisão traseira;1;2;0;0;0;0;1
07/12/2018;19:01:00;349;Acidente sem Vítima;534,05;BR-040/MG;Norte;Abalroamento longitudinal;1;2;0;0;0;0;1
07/12/2018;18:17:00;326;Acidente sem Vítima;463,74;BR-040/MG;Sul;Capotamento;1;1;0;0;0;0;1
07/12/2018;17:03:00;297;Acidente sem Vítima;74,312;BR-040/GO;Sul;Choque com objeto fixo;1;1;0;0;0;0;1
07/12/2018;12:39:00;243;Acidente com Vítima;442,8;BR-040/MG;Sul;Colisão traseira;1;1;2;0;0;0;1
07/12/2018;11:53:00;230;Acidente sem Vítima;457,15;BR-040/MG;Norte;Queda de Carga;1;1;0;0;0;0;1
07/12/2018;10:09:00;178;Acidente com Vítima;523,8;BR-040/MG;Norte;Outros;1;1;1;0;0;0;1
07/12/2018;07:00:00;104;Acidente sem Vítima;714,031;BR-040/MG;Norte;Colisão traseira;2;2;0;0;0;0;1
07/12/2018;06:43:00;94;Acidente sem Vítima;541,2;BR-040/MG;Sul;Colisão traseira;2;2;0;0;0;0;1
06/12/2018;23:33:00;414;Acidente sem Vítima;577,124;BR-040/MG;Sul;Colisão traseira;3;3;0;0;0;0;1
06/12/2018;18:36:00;352;Acidente sem Vítima;607,12;BR-040/MG;Sul;Colisão traseira;1;24;0;0;0;0;1
06/12/2018;00:04:00;1;Acidente sem Vítima;601,485;BR-040/MG;Norte;Colisão traseira;1;2;0;0;0;0;1
05/12/2018;16:00:00;258;Acidente sem Vítima;541,1;BR-040/MG;Sul;Choque em barreira New Jersey;1;2;0;0;0;0;1
05/12/2018;15:41:00;251;Acidente sem Vítima;517,1;BR-040/MG;Norte;Colisão traseira;3;3;0;0;0;0;1
05/12/2018;13:56:00;223;Acidente sem Vítima;680,2;BR-040/MG;Norte;Abalroamento longitudinal;2;2;0;0;0;0;1
05/12/2018;13:34:00;215;Acidente sem Vítima;525,3;BR-040/MG;Sul;Colisão traseira;1;16;0;0;0;0;1
05/12/2018;06:55:00;102;Acidente sem Vítima;693,1;BR-040/MG;Norte;Choque com objeto fixo;1;2;0;0;0;0;1
04/12/2018;18:24:00;286;Acidente com Vítima;534,1;BR-040/MG;Norte;Colisão traseira;1;1;0;1;0;0;2
04/12/2018;10:28:00;168;Acidente sem Vítima;473,45;BR-040/MG;Norte;Colisão traseira;1;2;0;0;0;0;1
04/12/2018;09:49:00;157;Acidente sem Vítima;479,5;BR-040/MG;Norte;Abalroamento longitudinal;1;2;0;0;0;0;1
03/12/2018;17:15:00;266;Acidente sem Vítima;617,5;BR-040/MG;Sul;Choque com objeto fixo;1;2;0;0;0;0;1
03/12/2018;09:07:00;129;Acidente sem Vítima;726,15;BR-040/MG;Norte;Colisão traseira;1;2;0;0;0;0;1
02/12/2018;16:55:00;184;Acidente sem Vítima;500,8;BR-040/MG;Sul;Colisão traseira;1;2;0;0;0;0;1
02/12/2018;12:27:00;93;Acidente com Vítima;462,5;BR-040/MG;Sul;Abalroamento transversal;1;2;1;0;0;0;1
02/12/2018;10:19:00;64;Acidente com Vítima;772,1;BR-040/MG;Norte;Abalroamento longitudinal;1;1;1;0;0;0;1
01/12/2018;22:21:00;284;Acidente com Vítima;590,7;BR-040/MG;Sul;Queda de Carga;1;0;1;0;0;0;1
01/12/2018;13:04:00;168;Acidente sem Vítima;711,1;BR-040/MG;Sul;Choque em veículo parado na pista;2;2;0;0;0;0;1
01/12/2018;12:30:00;161;Acidente sem Vítima;614,1;BR-040/MG;Sul;Abalroamento longitudinal;1;1;0;0;0;0;1
31/01/2019;11:44:00;176;Acidente com Vítima;52,1;BR-040/MG;Norte;Abalroamento longitudinal;1;1;0;1;0;0;2
31/01/2019;07:25:00;107;Acidente com Morte;622,01;BR-040/MG;Sul;Colisão frontal;1;2;0;0;0;1;3
30/01/2019;22:00:00;344;Acidente sem Vítima;543,5;BR-040/MG;Sul;Choque com objeto fixo;1;1;0;0;0;0;1
30/01/2019;16:09:00;257;Acidente com Vítima;532,7;BR-040/MG;Sul;Colisão traseira;1;3;1;0;0;0;1
30/01/2019;13:58:00;218;Acidente sem Vítima;534,3;BR-040/MG;Norte;Colisão traseira;1;2;0;0;0;0;1
30/01/2019;11:09:00;164;Acidente sem Vítima;582,2;BR-040/MG;Norte;Abalroamento longitudinal;1;2;0;0;0;0;1
30/01/2019;10:58:00;157;Acidente sem Vítima;91,098;BR-040/MG;Norte;Colisão traseira;1;3;0;0;0;0;1
29/01/2019;20:11:00;278;Acidente sem Vítima;1,1;BR-040/GO;Norte;Abalroamento transversal;1;2;0;0;0;0;1
29/01/2019;06:30:00;88;Acidente com Morte;462,62;BR-040/MG;Norte;Colisão traseira;1;1;0;0;0;1;3
29/01/2019;01:29:00;73;Acidente com Vítima;458,01;BR-040/MG;Sul;Colisão traseira;1;2;1;0;0;0;1
29/01/2019;00:50:00;34;Acidente com Morte;287,015;BR-040/MG;Norte;Colisão frontal;1;1;0;0;0;1;3
28/01/2019;07:14:00;103;Acidente sem Vítima;749,3;BR-040/MG;Sul;Choque com objeto fixo;1;1;0;0;0;0;1
28/01/2019;05:48:00;87;Acidente sem Vítima;2,6;BR-040/DF;Sul;Colisão traseira;1;3;0;0;0;0;1
27/01/2019;07:40:00;36;Acidente sem Vítima;587,2;BR-040/MG;Sul;Queda de Carga;1;1;0;0;0;0;1
27/01/2019;06:01:00;22;Acidente sem Vítima;9,8;BR-040/GO;Norte;Colisão traseira;1;2;0;0;0;0;1
26/01/2019;17:44:00;209;Acidente com Vítima;593,01;BR-040/MG;Sul;Queda de Carga;1;0;1;0;0;0;1
26/01/2019;12:34:00;120;Acidente com Vítima;524,95;BR-040/MG;Norte;Abalroamento longitudinal;1;1;1;0;0;0;1
26/01/2019;07:30:00;65;Acidente sem Vítima;424,5;BR-040/MG;Norte;Choque com objeto fixo;1;2;0;0;0;0;1
25/01/2019;17:39:00;224;Acidente sem Vítima;93,54;BR-040/GO;Norte;Abalroamento transversal;1;2;0;0;0;0;1
25/01/2019;17:36:00;221;Acidente sem Vítima;525,4;BR-040/MG;Norte;Colisão traseira;2;3;0;0;0;0;1
25/01/2019;16:38:00;205;Acidente sem Vítima;480,3;BR-040/MG;Norte;Capotamento;1;2;0;0;0;0;1
25/01/2019;10:42:00;148;Acidente sem Vítima;544,35;BR-040/MG;Norte;Abalroamento transversal;1;2;0;0;0;0;1
23/01/2019;12:45:00;188;Acidente sem Vítima;739,4;BR-040/MG;Norte;Queda de Carga;1;1;0;0;0;0;1
23/01/2019;08:43:00;134;Acidente sem Vítima;356,65;BR-040/MG;Norte;Abalroamento transversal;2;2;0;0;0;0;1
23/01/2019;08:23:00;123;Acidente sem Vítima;609,8;BR-040/MG;Sul;Choque com objeto fixo;1;2;0;0;0;0;1
22/01/2019;17:32:00;269;Acidente com Vítima;482,3;BR-040/MG;Norte;Capotamento;1;1;1;1;0;0;2
22/01/2019;12:45:00;199;Acidente sem Vítima;702,9;BR-040/MG;Norte;Abalroamento longitudinal;2;3;0;0;0;0;1
22/01/2019;12:07:00;189;Acidente sem Vítima;528,1;BR-040/MG;Norte;Abalroamento longitudinal;1;2;0;0;0;0;1
22/01/2019;10:21:00;166;Acidente sem Vítima;739,4;BR-040/MG;Norte;Queda de Carga;1;1;0;0;0;0;1
22/01/2019;03:57:00;79;Acidente sem Vítima;298,57;BR-040/MG;Norte;Queda de Carga;1;1;0;0;0;0;1
21/01/2019;21:11:00;291;Acidente sem Vítima;660,4;BR-040/MG;Norte;Colisão traseira;1;2;0;0;0;0;1
21/01/2019;11:34:00;161;Acidente com Vítima;558,85;BR-040/MG;Norte;Colisão traseira;1;5;1;0;0;0;1
19/01/2019;04:59:00;39;Acidente sem Vítima;422,8;BR-040/MG;Sul;Queda de Carga;1;1;0;0;0;0;1
18/01/2019;19:51:00;338;Acidente sem Vítima;716,142;BR-040/MG;Sul;Queda de Carga;3;1;0;0;0;0;1
18/01/2019;16:50:00;283;Acidente sem Vítima;538,1;BR-040/MG;Norte;Colisão traseira;2;6;0;0;0;0;1
18/01/2019;16:03:00;268;Acidente com Vítima;29,5;BR-040/GO;Sul;Colisão traseira;1;8;1;0;0;0;1
18/01/2019;14:29:00;240;Acidente sem Vítima;93,001;BR-040/GO;Norte;Colisão traseira;1;2;0;0;0;0;1
18/01/2019;10:57:00;193;Acidente com Vítima;476,8;BR-040/MG;Sul;Capotamento;1;1;1;0;0;0;1
18/01/2019;00:50:00;55;Acidente sem Vítima;428,6;BR-040/MG;Norte;Colisão traseira;1;2;0;0;0;0;1
17/01/2019;12:34:00;197;Acidente sem Vítima;535,5;BR-040/MG;Norte;Colisão traseira;1;3;0;0;0;0;1
17/01/2019;06:27:00;115;Acidente sem Vítima;465,1;BR-040/MG;Norte;Choque com objeto fixo;1;2;0;0;0;0;1
17/01/2019;05:58:00;112;Acidente com Vítima;449,9;BR-040/MG;Norte;Choque em defensa;1;1;1;0;0;0;1
17/01/2019;00:02:00;1;Acidente com Vítima;530,5;BR-040/MG;Sul;Colisão traseira;2;1;0;1;0;0;2
16/01/2019;20:15:00;313;Acidente sem Vítima;591,4;BR-040/MG;Norte;Queda de Carga;1;1;0;0;0;0;1
16/01/2019;17:46:00;246;Acidente com Vítima;538,11;BR-040/MG;Norte;Colisão traseira;2;2;0;1;0;0;2
16/01/2019;17:16:00;239;Acidente sem Vítima;538,01;BR-040/MG;Norte;Colisão traseira;1;4;0;0;0;0;1
16/01/2019;17:08:00;236;Acidente sem Vítima;6,521;BR-040/DF;Norte;Colisão traseira;1;2;0;0;0;0;1
16/01/2019;12:08:00;168;Acidente sem Vítima;507,7;BR-040/MG;Sul;Colisão traseira;1;3;0;0;0;0;1
16/01/2019;08:29:00;112;Acidente com Vítima;519,4;BR-040/MG;Sul;Colisão traseira;1;6;1;0;0;0;1
16/01/2019;07:09:00;95;Acidente com Vítima;518,2;BR-040/MG;Norte;Colisão traseira;1;4;1;1;0;0;2
15/01/2019;06:11:00;73;Acidente com Morte;581,179;BR-040/MG;Norte;Abalroamento longitudinal;2;6;0;0;0;1;3
14/01/2019;09:37:00;145;Acidente sem Vítima;610,1;BR-040/MG;Sul;Colisão traseira;2;2;0;0;0;0;1
14/01/2019;08:58:00;132;Acidente com Vítima;521,1;BR-040/MG;Sul;Abalroamento longitudinal;1;1;1;0;0;0;1
12/01/2019;13:28:00;107;Acidente com Vítima;525,5;BR-040/MG;Norte;Colisão traseira;1;4;1;0;0;0;1
12/01/2019;09:47:00;79;Acidente sem Vítima;225,651;BR-040/MG;Norte;Queda de Carga;1;2;0;0;0;0;1
11/01/2019;12:29:00;216;Acidente sem Vítima;356,2;BR-040/MG;Norte;Colisão traseira;2;2;0;0;0;0;1
11/01/2019;11:31:00;205;Acidente sem Vítima;537,8;BR-040/MG;Norte;Colisão traseira;4;6;0;0;0;0;1
11/01/2019;11:22:00;200;Acidente sem Vítima;537,1;BR-040/MG;Norte;Colisão traseira;1;2;0;0;0;0;1
11/01/2019;10:18:00;176;Acidente sem Vítima;8,2;BR-040/DF;Norte;Colisão traseira;1;2;0;0;0;0;1
10/01/2019;18:19:00;323;Acidente com Vítima;618,4;BR-040/MG;Norte;Colisão traseira;2;1;1;0;0;0;1
10/01/2019;14:52:00;267;Acidente com Vítima;517,8;BR-040/MG;Norte;Abalroamento longitudinal;1;1;0;0;1;0;2
10/01/2019;09:24:00;164;Acidente com Vítima;542,7;BR-040/MG;Sul;Abalroamento longitudinal;1;2;1;0;0;0;1
10/01/2019;07:22:00;116;Acidente sem Vítima;522,1;BR-040/MG;Sul;Colisão traseira;1;3;0;0;0;0;1
09/01/2019;09:29:00;131;Acidente sem Vítima;714,21;BR-040/MG;Sul;Abalroamento longitudinal;1;2;0;0;0;0;1
08/01/2019;12:37:00;165;Acidente sem Vítima;714,101;BR-040/MG;Sul;Colisão traseira;1;2;0;0;0;0;1
07/01/2019;17:17:00;291;Acidente sem Vítima;228,3;BR-040/MG;Sul;Choque com objeto fixo;1;1;0;0;0;0;1
07/01/2019;05:56:00;70;Acidente sem Vítima;500,35;BR-040/MG;Sul;Atropelamento de animal;1;2;0;0;0;0;1
05/01/2019;13:47:00;120;Acidente sem Vítima;34,155;BR-040/MG;Norte;Colisão traseira;1;2;0;0;0;0;1
05/01/2019;04:14:00;43;Acidente com Morte;428,5;BR-040/MG;Sul;Colisão traseira;1;35;2;4;0;1;3
05/01/2019;02:15:00;30;Acidente com Vítima;455,8;BR-040/MG;Sul;Colisão traseira;1;1;0;0;1;0;2
04/01/2019;18:10:00;225;Acidente sem Vítima;728,9;BR-040/MG;Sul;Choque em barreira New Jersey;1;1;0;0;0;0;1
04/01/2019;16:26:00;205;Acidente sem Vítima;508,15;BR-040/MG;Norte;Colisão traseira;2;2;0;0;0;0;1
04/01/2019;15:37:00;195;Acidente sem Vítima;455,4;BR-040/MG;Norte;Queda de Carga;1;1;0;0;0;0;1
04/01/2019;07:48:00;113;Acidente sem Vítima;527,99;BR-040/MG;Norte;Colisão traseira;1;5;0;0;0;0;1
03/01/2019;23:39:00;381;Acidente sem Vítima;505,25;BR-040/MG;Norte;Colisão traseira;2;2;0;0;0;0;1
03/01/2019;00:40:00;5;Acidente com Vítima;520,1;BR-040/MG;Norte;Colisão traseira;2;1;0;1;0;0;2
02/01/2019;14:01:00;252;Acidente sem Vítima;709,8;BR-040/MG;Sul;Outros;1;1;0;0;0;0;1
02/01/2019;12:51:00;228;Acidente sem Vítima;509,3;BR-040/MG;Norte;Abalroamento longitudinal;1;21;0;0;0;0;1
02/01/2019;05:50:00;95;Acidente com Vítima;535,2;BR-040/MG;Norte;Abalroamento longitudinal;1;2;4;1;0;0;2
02/01/2019;02:28:00;68;Acidente sem Vítima;500,1;BR-040/MG;Sul;Atropelamento de animal;1;1;0;0;0;0;1
31/03/2019;11:10:00;127;Acidente sem Vítima;474,4;BR-040/MG;Sul;Abalroamento longitudinal;1;3;0;0;0;0;1
30/03/2019;13:02:00;106;Acidente com Vítima;129,607;BR-040/GO;Sul;Colisão traseira;1;1;2;0;0;0;1
30/03/2019;12:49:00;101;Acidente com Morte;603,8;BR-040/MG;Norte;Choque em barreira New Jersey;1;0;1;0;1;3;3
30/03/2019;02:47:00;37;Acidente sem Vítima;510,6;BR-040/MG;Norte;;1;1;0;0;0;0;1
29/03/2019;19:58:00;307;Acidente sem Vítima;514,76;BR-040/MG;Norte;Colisão traseira;1;44;0;0;0;0;1
29/03/2019;13:50:00;197;Acidente sem Vítima;578,1;BR-040/MG;Norte;Choque em barreira New Jersey;1;1;0;0;0;0;1
29/03/2019;12:50:00;177;Acidente sem Vítima;556,9;BR-040/MG;Norte;Abalroamento longitudinal;1;2;0;0;0;0;1
29/03/2019;01:17:00;23;Acidente sem Vítima;455,1;BR-040/MG;Sul;Colisão traseira;2;2;0;0;0;0;1
28/03/2019;22:52:00;375;Acidente sem Vítima;603,8;BR-040/MG;Norte;Queda de Carga;1;1;0;0;0;0;1
28/03/2019;20:38:00;361;Acidente com Morte;151,2;BR-040/MG;Sul;Colisão frontal;1;1;0;0;0;1;3
28/03/2019;13:06:00;252;Acidente com Vítima;516,6;BR-040/MG;Norte;Colisão traseira;1;1;1;0;0;0;1
27/03/2019;13:38:00;245;Acidente sem Vítima;595,1;BR-040/MG;Sul;Colisão traseira;1;4;0;0;0;0;1
27/03/2019;07:04:00;123;Acidente sem Vítima;676,5;BR-040/MG;Sul;Queda de Carga;1;1;0;0;0;0;1
27/03/2019;06:52:00;118;Acidente sem Vítima;731,7;BR-040/MG;Sul;Queda de Carga;1;1;0;0;0;0;1
26/03/2019;18:04:00;255;Acidente sem Vítima;595,2;BR-040/MG;Norte;Choque com objeto fixo;2;2;0;0;0;0;1
26/03/2019;07:56:00;121;Acidente sem Vítima;189,05;BR-040/MG;Norte;Colisão traseira;1;3;0;0;0;0;1
26/03/2019;03:57:00;84;Acidente com Vítima;462,5;BR-040/MG;Norte;Queda de Carga;1;1;1;0;0;0;1
25/03/2019;16:33:00;245;Acidente com Vítima;459,59;BR-040/MG;Sul;Colisão traseira;1;2;0;1;1;0;2
25/03/2019;12:09:00;192;Acidente sem Vítima;474,01;BR-040/MG;Sul;Abalroamento transversal;1;2;0;0;0;0;1
24/03/2019;20:26:00;314;Acidente com Vítima;718,9;BR-040/MG;Sul;Colisão traseira;1;1;0;0;1;0;2
24/03/2019;18:30:00;283;Atropelamento com Morte;504,8;BR-040/MG;Norte;Atropelamento de pedestre atravessando;1;5;0;0;0;2;3
23/03/2019;19:42:00;318;Acidente com Vítima;485,012;BR-040/MG;Sul;Abalroamento longitudinal;1;1;0;0;1;0;2
23/03/2019;13:55:00;222;Acidente sem Vítima;717,2;BR-040/MG;Sul;Queda de Carga;1;4;0;0;0;0;1
23/03/2019;11:13:00;179;Acidente sem Vítima;479,15;BR-040/MG;Norte;Queda de Carga;1;1;0;0;0;0;1
22/03/2019;07:12:00;141;Acidente sem Vítima;533,7;BR-040/MG;Norte;Colisão traseira;1;2;0;0;0;0;1
22/03/2019;06:57:00;136;Acidente com Vítima;80,25;BR-040/GO;Norte;Colisão traseira;2;0;2;0;0;0;1
21/03/2019;22:26:00;349;Acidente com Vítima;440,9;BR-040/MG;Sul;Queda de Carga;1;0;1;0;0;0;1
21/03/2019;19:04:00;301;Acidente com Vítima;58,5;BR-040/MG;Sul;Abalroamento longitudinal;2;3;0;2;0;0;2
21/03/2019;17:29:00;268;Acidente sem Vítima;447,185;BR-040/MG;Sul;Capotamento;1;1;0;0;0;0;1
21/03/2019;15:41:00;238;Acidente sem Vítima;739,1;BR-040/MG;Sul;Abalroamento longitudinal;1;2;0;0;0;0;1
21/03/2019;14:09:00;219;Acidente sem Vítima;739,5;BR-040/MG;Norte;Queda de Carga;1;1;0;0;0;0;1
21/03/2019;08:18:00;135;Acidente com Vítima;549,33;BR-040/MG;Sul;Colisão traseira;1;1;1;0;0;0;1
21/03/2019;06:15:00;70;Acidente com Vítima;542,077;BR-040/MG;Sul;Queda de Moto;1;1;1;0;0;0;1
20/03/2019;11:04:00;204;Acidente sem Vítima;439,6;BR-040/MG;Sul;Colisão traseira;1;3;0;0;0;0;1
20/03/2019;06:35:00;107;Acidente sem Vítima;0;Fora_Rota;Leste;Queda de Moto;1;1;0;0;0;0;1
20/03/2019;05:55:00;94;Acidente sem Vítima;5,2;BR-040/DF;Norte;Abalroamento longitudinal;1;2;0;0;0;0;1
19/03/2019;14:47:00;304;Acidente com Morte;759,882;BR-040/MG;Norte;Colisão frontal;1;1;0;0;1;4;3
19/03/2019;11:11:00;242;Atropelamento sem Morte;9,5;BR-040/GO;Sul;Atropelamento de pedestre caminhando;1;1;0;1;0;0;2
19/03/2019;07:47:00;167;Acidente sem Vítima;533,3;BR-040/MG;Norte;Abalroamento longitudinal;1;2;0;0;0;0;1
19/03/2019;07:10:00;144;Acidente com Vítima;521,45;BR-040/MG;Norte;Colisão traseira;1;1;1;0;0;0;1
18/03/2019;06:32:00;94;Acidente com Vítima;621,1;BR-040/MG;Sul;Abalroamento longitudinal;1;3;1;0;0;0;1
17/03/2019;18:23:00;175;Acidente sem Vítima;695,8;BR-040/MG;Norte;Abalroamento longitudinal;1;2;0;0;0;0;1
17/03/2019;16:59:00;147;Acidente sem Vítima;664,1;BR-040/MG;Sul;Choque com objeto fixo;1;2;0;0;0;0;1
17/03/2019;16:20:00;135;Acidente sem Vítima;0,1;BR-040/GO;Norte;Abalroamento longitudinal;1;2;0;0;0;0;1
17/03/2019;14:06:00;113;Acidente sem Vítima;562,1;BR-040/MG;Sul;Queda de Carga;1;2;0;0;0;0;1
16/03/2019;13:25:00;138;Acidente sem Vítima;612,02;BR-040/MG;Sul;Abalroamento longitudinal;2;3;0;0;0;0;1
16/03/2019;12:10:00;110;Acidente sem Vítima;750,05;BR-040/MG;Norte;Queda de Carga;1;1;0;0;0;0;1
16/03/2019;09:40:00;79;Acidente sem Vítima;690,416;BR-040/MG;Norte;Queda de Carga;1;1;0;0;0;0;1
16/03/2019;05:13:00;31;Acidente sem Vítima;98,8;BR-040/MG;Sul;Atropelamento de animal;1;1;0;0;0;0;1
16/03/2019;04:25:00;28;Acidente com Vítima;588,3;BR-040/MG;Sul;Colisão traseira;2;1;1;0;0;0;1
16/03/2019;02:31:00;23;Acidente sem Vítima;728,5;BR-040/MG;Sul;Choque com objeto fixo;1;1;0;0;0;0;1
16/03/2019;02:20:00;22;Acidente com Vítima;588,6;BR-040/MG;Sul;Choque em barreira New Jersey;1;0;1;0;0;0;1
15/03/2019;22:46:00;390;Acidente sem Vítima;446,1;BR-040/MG;Norte;Colisão traseira;1;2;0;0;0;0;1
15/03/2019;17:04:00;317;Acidente sem Vítima;4,1;BR-040/DF;Norte;Abalroamento longitudinal;1;2;0;0;0;0;1
15/03/2019;15:19:00;273;Acidente sem Vítima;2,9;BR-040/GO;Sul;Abalroamento transversal;1;1;0;0;0;0;1
15/03/2019;12:41:00;215;Acidente sem Vítima;501,4;BR-040/MG;Norte;Abalroamento longitudinal;1;2;0;0;0;0;1
15/03/2019;04:18:00;89;Acidente sem Vítima;446,3;BR-040/MG;Norte;Queda de Carga;1;1;0;0;0;0;1
14/03/2019;22:20:00;370;Acidente com Vítima;587,2;BR-040/MG;Sul;Queda de Carga;1;0;0;1;0;0;2
13/03/2019;13:41:00;206;Acidente sem Vítima;758,2;BR-040/MG;Sul;Abalroamento longitudinal;2;2;0;0;0;0;1
13/03/2019;11:08:00;174;Acidente com Vítima;542,6;BR-040/MG;Sul;Colisão traseira;1;1;0;0;1;0;2
13/03/2019;06:41:00;90;Acidente sem Vítima;63,298;BR-040/GO;Sul;Capotamento;1;2;0;0;0;0;1
12/03/2019;18:09:00;341;Acidente com Vítima;4,5;BR-040/GO;Sul;Colisão traseira;1;2;1;0;0;0;1
12/03/2019;17:12:00;318;Acidente sem Vítima;585,3;BR-040/MG;Sul;Queda de Carga;1;1;0;0;0;0;1
11/03/2019;04:50:00;97;Acidente com Vítima;585,8;BR-040/MG;Norte;Queda de Carga;1;0;1;0;0;0;1
10/03/2019;21:20:00;277;Acidente com Vítima;155,007;BR-040/GO;Norte;Colisão traseira;1;3;1;0;0;0;1
10/03/2019;00:57:00;13;Acidente sem Vítima;492,93;BR-040/MG;Norte;Queda de Carga;1;0;0;0;0;0;1
08/03/2019;21:55:00;366;Acidente sem Vítima;15,3;BR-040/GO;Sul;Abalroamento longitudinal;1;2;0;0;0;0;1
08/03/2019;20:10:00;347;Acidente sem Vítima;644,97;BR-040/MG;Norte;Choque com objeto fixo;1;1;0;0;0;0;1
08/03/2019;19:45:00;336;Acidente sem Vítima;36,05;BR-040/GO;Norte;Atropelamento de animal;1;1;0;0;0;0;1
07/03/2019;14:50:00;264;Acidente com Vítima;576,2;BR-040/MG;Norte;Abalroamento transversal;1;1;0;2;0;0;2
07/03/2019;13:53:00;251;Acidente sem Vítima;39,8;BR-040/MG;Norte;Queda de Moto;1;1;0;0;0;0;1
07/03/2019;08:03:00;128;Acidente sem Vítima;7,2;BR-040/GO;Norte;Abalroamento transversal;1;2;0;0;0;0;1
06/03/2019;20:58:00;334;Acidente sem Vítima;710,1;BR-040/MG;Sul;Outros;1;1;0;0;0;0;1
06/03/2019;20:43:00;329;Acidente com Vítima;648,1;BR-040/MG;Sul;Abalroamento transversal;2;1;1;0;0;0;1
05/03/2019;00:15:00;3;Acidente sem Vítima;460,2;BR-040/MG;Sul;Queda de Carga;1;1;0;0;0;0;1
04/03/2019;19:03:00;240;Acidente sem Vítima;577,1;BR-040/MG;Sul;Outros;1;2;0;0;0;0;1
04/03/2019;10:40:00;137;Acidente sem Vítima;726,8;BR-040/MG;Sul;Queda de Carga;1;1;0;0;0;0;1
02/03/2019;14:34:00;209;Acidente sem Vítima;642,1;BR-040/MG;Sul;Queda de Carga;1;1;0;0;0;0;1
02/03/2019;05:48:00;64;Acidente com Morte;348,588;BR-040/MG;Sul;Colisão frontal;1;1;0;2;0;2;3
01/03/2019;16:28:00;268;Acidente sem Vítima;510,6;BR-040/MG;Norte;Queda de Carga;1;1;0;0;0;0;1
01/03/2019;14:14:00;226;Acidente sem Vítima;525,5;BR-040/MG;Norte;Colisão traseira;1;3;0;0;0;0;1
28/02/2019;06:37:00;109;Acidente com Vítima;94,8;BR-040/GO;Sul;Abalroamento transversal;2;1;1;0;0;0;1
27/02/2019;18:20:00;316;Acidente sem Vítima;577,1;BR-040/MG;Sul;Colisão traseira;1;2;0;0;0;0;1
27/02/2019;10:58:00;194;Acidente sem Vítima;577,1;BR-040/MG;Norte;Colisão traseira;1;3;0;0;0;0;1
26/02/2019;16:18:00;237;Acidente sem Vítima;716,1;BR-040/MG;Sul;Queda de Carga;1;1;0;0;0;0;1
26/02/2019;16:18:00;238;Acidente com Vítima;527,88;BR-040/MG;Norte;Capotamento;1;0;1;0;0;0;1
26/02/2019;04:57:00;73;Acidente sem Vítima;479,6;BR-040/MG;Norte;Queda de Carga;1;1;0;0;0;0;1
26/02/2019;01:12:00;43;Acidente sem Vítima;300,1;BR-040/MG;Norte;Queda de Carga;1;1;0;0;0;0;1
25/02/2019;14:53:00;227;Acidente com Vítima;567,362;BR-040/MG;Norte;Capotamento;1;0;1;0;1;0;2
25/02/2019;12:59:00;195;Acidente com Vítima;568,3;BR-040/MG;Sul;Abalroamento transversal;2;0;0;0;2;0;2
24/02/2019;22:40:00;288;Acidente sem Vítima;444,5;BR-040/MG;Sul;Queda de Carga;1;1;0;0;0;0;1