data;horario;n_da_ocorrencia;tipo_de_ocorrencia;km;trecho;sentido;tipo_de_acidente;caminhao;ilesos;levemente_feridos;moderadamente_feridos;gravemente_feridos;mortos;3
24/02/2019;01:15:00;3;Acidente sem Vítima;204,9;BR-040/MG;Sul;Queda de Carga;1;1;0;0;0;0;1
22/02/2019;21:11:00;326;Acidente sem Vítima;108,6;BR-040/GO;Norte;Colisão traseira;1;2;0;0;0;0;1
22/02/2019;09:52:00;155;Acidente com Vítima;661,1;BR-040/MG;Sul;Queda de Carga;1;0;1;0;0;0;1
22/02/2019;07:54:00;120;Acidente sem Vítima;513,656;BR-040/MG;Norte;Colisão traseira;1;2;0;0;0;0;1
21/02/2019;19:30:00;326;Acidente sem Vítima;623,4;BR-040/MG;Sul;Queda de Carga;1;2;0;0;0;0;1
21/02/2019;19:27:00;324;Acidente sem Vítima;190,5;BR-040/MG;Sul;Outros;1;2;0;0;0;0;1
21/02/2019;16:57:00;286;Acidente sem Vítima;172,218;BR-040/MG;Sul;Choque com objeto fixo;1;1;0;0;0;0;1
21/02/2019;13:15:00;222;Acidente com Vítima;763,1;BR-040/MG;Norte;Abalroamento longitudinal;1;1;1;0;0;0;1
21/02/2019;08:30:00;155;Acidente com Vítima;588,1;BR-040/MG;Norte;Queda de Carga;1;3;3;0;0;0;1
21/02/2019;06:29:00;103;Acidente com Vítima;187,225;BR-040/MG;Sul;Abalroamento longitudinal;2;3;1;0;0;0;1
20/02/2019;09:37:00;181;Acidente com Vítima;534,65;BR-040/MG;Sul;Abalroamento longitudinal;1;2;2;0;0;0;1
20/02/2019;08:52:00;168;Acidente sem Vítima;43,1;BR-040/MG;Norte;Abalroamento transversal;1;2;0;0;0;0;1
20/02/2019;08:29:00;161;Acidente sem Vítima;532,8;BR-040/MG;Sul;Colisão traseira;1;2;0;0;0;0;1
20/02/2019;06:20:00;97;Acidente sem Vítima;436,4;BR-040/MG;Sul;Queda de Carga;1;1;0;0;0;0;1
19/02/2019;14:40:00;251;Acidente sem Vítima;41,001;BR-040/GO;Norte;Choque com objeto fixo;1;1;0;0;0;0;1
19/02/2019;08:39:00;152;Acidente sem Vítima;605,4;BR-040/MG;Sul;Choque com objeto fixo;1;1;0;0;0;0;1
19/02/2019;05:49:00;81;Acidente com Vítima;47,5;BR-040/GO;Norte;Colisão frontal;1;1;1;1;2;0;2
18/02/2019;18:56:00;289;Acidente sem Vítima;536,1;BR-040/MG;Norte;Outros;1;2;0;0;0;0;1
18/02/2019;18:32:00;284;Acidente com Vítima;564,1;BR-040/MG;Norte;Choque com objeto fixo;1;0;0;1;0;0;2
18/02/2019;18:09:00;278;Acidente sem Vítima;551,69;BR-040/MG;Norte;Choque com objeto fixo;1;1;0;0;0;0;1
18/02/2019;15:12:00;231;Acidente sem Vítima;735,1;BR-040/MG;Sul;Colisão traseira;1;2;0;0;0;0;1
18/02/2019;13:04:00;198;Acidente com Vítima;446,255;BR-040/MG;Norte;Choque em defensa;1;0;0;1;0;0;2
18/02/2019;06:26:00;88;Acidente com Morte;740,9;BR-040/MG;Norte;Queda de Carga;1;0;0;0;0;1;3
17/02/2019;21:41:00;206;Acidente sem Vítima;500,73;BR-040/MG;Norte;Choque com objeto fixo;1;1;0;0;0;0;1
17/02/2019;20:47:00;197;Acidente com Vítima;464,9;BR-040/MG;Norte;Colisão traseira;1;3;2;0;1;0;2
17/02/2019;19:12:00;171;Acidente sem Vítima;607,5;BR-040/MG;Norte;Choque com objeto fixo;1;1;0;0;0;0;1
17/02/2019;05:17:00;34;Acidente sem Vítima;57,3;BR-040/GO;Norte;Queda de Carga;1;1;0;0;0;0;1
17/02/2019;02:11:00;16;Acidente sem Vítima;57,2;BR-040/MG;Sul;Outros;1;1;0;0;0;0;1
16/02/2019;22:04:00;313;Acidente com Vítima;1,5;BR-040/GO;Norte;Colisão traseira;1;2;3;0;0;0;1
16/02/2019;16:55:00;237;Acidente com Vítima;487,3;BR-040/MG;Sul;Colisão traseira;1;4;2;0;0;0;1
16/02/2019;14:13:00;202;Acidente sem Vítima;0,05;BR-040/DF;Sul;Queda de Carga;1;1;0;0;0;0;1
15/02/2019;22:19:00;404;Acidente com Vítima;527,008;BR-040/MG;Sul;Colisão traseira;1;2;2;0;0;0;1
15/02/2019;11:35:00;211;Acidente sem Vítima;331,8;BR-040/MG;Norte;Queda de Carga;1;1;0;0;0;0;1
15/02/2019;00:19:00;31;Acidente sem Vítima;253,15;BR-040/MG;Sul;Choque com objeto fixo;1;1;0;0;0;0;1
14/02/2019;14:08:00;223;Acidente com Vítima;632,35;BR-040/MG;Sul;Abalroamento transversal;1;1;0;0;0;0;1
14/02/2019;06:40:00;112;Acidente sem Vítima;93,2;BR-040/GO;Norte;Abalroamento transversal;1;2;0;0;0;0;1
14/02/2019;01:02:00;30;Acidente sem Vítima;280,6;BR-040/MG;Sul;Queda de Carga;1;1;0;0;0;0;1
13/02/2019;19:13:00;292;Acidente sem Vítima;519,3;BR-040/MG;Norte;Outros;1;1;0;0;0;0;1
13/02/2019;19:10:00;291;Acidente sem Vítima;589,3;BR-040/MG;Norte;Choque com objeto fixo;1;1;0;0;0;0;1
13/02/2019;07:15:00;90;Acidente com Vítima;524,651;BR-040/MG;Norte;Colisão traseira;1;3;0;2;0;0;2
12/02/2019;13:49:00;214;Acidente sem Vítima;585,962;BR-040/MG;Sul;Queda de Carga;1;1;0;0;0;0;1
12/02/2019;12:24:00;196;Acidente com Vítima;92,5;BR-040/GO;Sul;Abalroamento transversal;1;2;0;1;0;0;2
11/02/2019;20:39:00;349;Acidente sem Vítima;533,42;BR-040/MG;Norte;Colisão traseira;1;2;0;0;0;0;1
11/02/2019;15:34:00;276;Acidente com Vítima;537,1;BR-040/MG;Sul;Abalroamento longitudinal;1;0;2;0;0;0;1
11/02/2019;15:00:00;264;Acidente sem Vítima;341,8;BR-040/MG;Norte;Choque com objeto fixo;1;1;0;0;0;0;1
11/02/2019;07:49:00;102;Acidente sem Vítima;604,5;BR-040/MG;Sul;Colisão traseira;1;3;0;0;0;0;1
09/02/2019;06:34:00;34;Acidente com Morte;103,3;BR-040/GO;Sul;Colisão frontal;1;1;1;2;0;2;3
08/02/2019;18:25:00;329;Acidente com Vítima;531,05;BR-040/MG;Sul;Abalroamento longitudinal;1;2;0;1;0;0;2
08/02/2019;17:39:00;318;Acidente sem Vítima;523,1;BR-040/MG;Norte;Abalroamento longitudinal;1;3;0;0;0;0;1
07/02/2019;22:23:00;369;Acidente sem Vítima;52,1;BR-040/MG;Sul;Queda de Carga;1;1;0;0;0;0;1
07/02/2019;18:46:00;323;Acidente sem Vítima;502,1;BR-040/MG;Sul;Queda de Carga;1;2;0;0;0;0;1
07/02/2019;15:45:00;276;Acidente sem Vítima;40,6;BR-040/GO;Norte;Abalroamento transversal;1;4;0;0;0;0;1
07/02/2019;15:13:00;270;Acidente sem Vítima;450,15;BR-040/MG;Sul;Choque com objeto fixo;1;1;0;0;0;0;1
07/02/2019;14:31:00;258;Acidente sem Vítima;444,15;BR-040/MG;Norte;Queda de Carga;1;2;0;0;0;0;1
07/02/2019;06:51:00;108;Acidente com Vítima;574,1;BR-040/MG;Norte;Colisão frontal;1;1;2;0;0;0;1
06/02/2019;16:06:00;207;Acidente sem Vítima;522,6;BR-040/MG;Sul;Colisão traseira;1;5;0;0;0;0;1
06/02/2019;14:46:00;190;Acidente sem Vítima;578,65;BR-040/MG;Sul;Queda de Carga;1;1;0;0;0;0;1
06/02/2019;13:35:00;179;Acidente com Vítima;587,1;BR-040/MG;Norte;Colisão traseira;1;2;0;1;0;0;2
06/02/2019;08:55:00;118;Acidente com Vítima;739,1;BR-040/MG;Norte;Queda de Carga;1;0;1;0;0;0;1
06/02/2019;06:55:00;81;Acidente sem Vítima;455,54;BR-040/MG;Norte;Outros;2;4;0;0;0;0;1
05/02/2019;11:06:00;181;Acidente sem Vítima;588,1;BR-040/MG;Sul;Colisão traseira;2;2;0;0;0;0;1
04/02/2019;06:38:00;92;Acidente sem Vítima;504,22;BR-040/MG;Sul;Queda de Moto;1;1;0;0;0;0;1
03/02/2019;18:09:00;204;Acidente com Vítima;467,2;BR-040/MG;Sul;Choque com objeto fixo;1;3;2;0;0;0;1
03/02/2019;17:28:00;190;Acidente sem Vítima;455,8;BR-040/MG;Sul;Colisão traseira;1;3;0;0;0;0;1
02/02/2019;19:13:00;208;Acidente sem Vítima;12,4;BR-040/GO;Sul;Colisão traseira;1;2;0;0;0;0;1
02/02/2019;05:09:00;40;Acidente com Morte;504,45;BR-040/MG;Sul;Colisão traseira;2;1;0;0;2;2;3
01/02/2019;21:04:00;320;Atropelamento com Morte;508,05;BR-040/MG;Norte;Atropelamento de pedestre atravessando;1;1;0;0;0;1;3
01/02/2019;08:40:00;122;Acidente sem Vítima;536,445;BR-040/MG;Norte;Colisão traseira;1;3;0;0;0;0;1
01/02/2019;06:27:00;81;Acidente sem Vítima;604,1;BR-040/MG;Sul;Choque em barreira New Jersey;1;1;0;0;0;0;1
31/05/2019;21:05:00;366;Acidente sem Vítima;678,1;BR-040/MG;Sul;Choque com objeto fixo;2;3;0;0;0;0;1
31/05/2019;19:14:00;338;Acidente com Vítima;526,12;BR-040/MG;Norte;Colisão traseira;1;2;1;0;0;0;1
31/05/2019;18:04:00;317;Acidente sem Vítima;524,12;BR-040/MG;Norte;Abalroamento longitudinal;1;1;0;0;0;0;1
31/05/2019;09:51:00;180;Acidente sem Vítima;405,9;BR-040/MG;Norte;Colisão traseira;2;2;0;0;0;0;1
30/05/2019;23:35:00;398;Acidente com Vítima;122,2;BR-040/GO;Sul;Colisão traseira;1;4;1;1;0;0;2
30/05/2019;07:02:00;103;Acidente com Vítima;10,05;BR-040/GO;Norte;Abalroamento longitudinal;1;2;0;1;1;0;2
29/05/2019;21:23:00;322;Acidente sem Vítima;501,1;BR-040/MG;Sul;Outros;1;2;0;0;0;0;1
28/05/2019;07:23:00;127;Acidente sem Vítima;755,06;BR-040/MG;Sul;Queda de Carga;1;1;0;0;0;0;1
28/05/2019;05:59:00;100;Acidente com Vítima;515,4;BR-040/MG;Sul;Colisão traseira;1;3;2;0;0;0;1
27/05/2019;16:06:00;281;Acidente com Morte;498,4;BR-040/MG;Norte;Abalroamento transversal;1;1;0;0;0;1;3
27/05/2019;12:51:00;226;Acidente com Vítima;0,13;BR-040/GO;Sul;Queda de Carga;1;0;1;0;0;0;1
27/05/2019;09:03:00;153;Acidente sem Vítima;531,969;BR-040/MG;Sul;Colisão traseira;2;2;0;0;0;0;1
27/05/2019;07:01:00;106;Acidente com Vítima;48,078;BR-040/MG;Sul;Colisão traseira;1;4;1;0;0;0;1
25/05/2019;08:39:00;81;Acidente sem Vítima;511,1;BR-040/MG;Sul;Colisão traseira;1;2;0;0;0;0;1
24/05/2019;17:57:00;276;Acidente com Vítima;518,5;BR-040/MG;Norte;Colisão traseira;1;1;0;0;1;0;2
23/05/2019;17:27:00;284;Acidente sem Vítima;482,882;BR-040/MG;Norte;Queda de Carga;1;1;0;0;0;0;1
23/05/2019;14:15:00;239;Acidente sem Vítima;532,12;BR-040/MG;Sul;Colisão traseira;2;3;0;0;0;0;1
23/05/2019;12:34:00;217;Acidente sem Vítima;739,3;BR-040/MG;Norte;Queda de Carga;1;1;0;0;0;0;1
23/05/2019;06:41:00;106;Acidente com Vítima;523,6;BR-040/MG;Sul;Queda de Moto;1;2;0;1;0;0;2
23/05/2019;02:30:00;69;Acidente sem Vítima;247,1;BR-040/MG;Norte;Choque com objeto fixo;1;1;0;0;0;0;1
21/05/2019;21:49:00;316;Acidente sem Vítima;424,5;BR-040/MG;Norte;Colisão traseira;2;2;0;0;0;0;1
21/05/2019;19:56:00;287;Acidente com Vítima;650,55;BR-040/MG;Sul;Queda de Carga;1;0;0;1;0;0;2
21/05/2019;14:59:00;208;Acidente sem Vítima;731,2;BR-040/MG;Norte;Abalroamento longitudinal;1;3;0;0;0;0;1
21/05/2019;10:35:00;142;Acidente com Vítima;38,1;BR-040/MG;Sul;Colisão traseira;1;1;1;0;0;0;1
21/05/2019;05:09:00;73;Acidente sem Vítima;710,5;BR-040/MG;Norte;Choque em barreira New Jersey;1;1;0;0;0;0;1
21/05/2019;01:13:00;26;Atropelamento sem Morte;602,75;BR-040/MG;Norte;Atropelamento de pedestre atravessando;1;1;0;0;1;0;2
19/05/2019;19:28:00;222;Acidente sem Vítima;128,1;BR-040/MG;Norte;Abalroamento transversal;1;2;0;0;0;0;1
19/05/2019;08:10:00;58;Acidente sem Vítima;467,2;BR-040/MG;Norte;Abalroamento longitudinal;1;2;0;0;0;0;1
18/05/2019;15:01:00;161;Acidente sem Vítima;544,45;BR-040/MG;Sul;Colisão traseira;1;3;0;0;0;0;1
18/05/2019;14:48:00;157;Acidente com Vítima;738,85;BR-040/MG;Sul;Queda de Carga;1;0;0;1;0;0;2
18/05/2019;12:13:00;130;Acidente sem Vítima;9,3;BR-040/GO;Norte;Colisão traseira;1;2;0;0;0;0;1
18/05/2019;12:00:00;127;Acidente sem Vítima;525,123;BR-040/MG;Norte;Colisão traseira;1;3;0;0;0;0;1
18/05/2019;04:26:00;29;Acidente com Vítima;360,5;BR-040/MG;Sul;Abalroamento transversal;2;1;2;0;0;0;1
17/05/2019;22:51:00;373;Acidente sem Vítima;515,5;BR-040/MG;Sul;Atropelamento de animal;1;1;0;0;0;0;1
17/05/2019;19:33:00;319;Acidente sem Vítima;535,5;BR-040/MG;Norte;Abalroamento longitudinal;1;2;0;0;0;0;1
17/05/2019;13:37:00;212;Acidente sem Vítima;453,001;BR-040/MG;Norte;Queda de Carga;1;1;0;0;0;0;1
17/05/2019;06:59:00;104;Acidente sem Vítima;2,1;BR-040/GO;Norte;Colisão traseira;1;3;0;0;0;0;1
16/05/2019;09:55:00;195;Acidente sem Vítima;567,1;BR-040/MG;Norte;Colisão traseira;1;2;0;0;0;0;1
15/05/2019;18:19:00;290;Acidente com Morte;612,1;BR-040/MG;Sul;Choque com objeto fixo;1;4;2;0;0;1;3
15/05/2019;12:46:00;214;Acidente fatal;587,6;BR-040/MG;Sul;Colisão frontal;1;2;0;0;1;1;3
15/05/2019;09:24:00;166;Acidente sem Vítima;504,17;BR-040/MG;Norte;Outros;1;1;0;0;0;0;1
14/05/2019;14:50:00;265;Acidente sem Vítima;427,2;BR-040/MG;Sul;Abalroamento longitudinal;1;5;0;0;0;0;1
14/05/2019;12:10:00;222;Acidente sem Vítima;669,01;BR-040/MG;Sul;Abalroamento longitudinal;1;4;0;0;0;0;1
14/05/2019;08:52:00;165;Acidente sem Vítima;341,3;BR-040/MG;Norte;Abalroamento transversal;1;2;0;0;0;0;1
13/05/2019;12:43:00;211;Acidente com Vítima;512,1;BR-040/MG;Sul;Queda de Carga;1;0;4;0;0;0;1
13/05/2019;05:00:00;88;Acidente com Morte;524,6;BR-040/MG;Sul;Abalroamento transversal;1;2;0;1;0;1;3
12/05/2019;10:36:00;74;Acidente com Vítima;111,95;BR-040/MG;Sul;Abalroamento longitudinal;1;1;2;0;0;0;1
12/05/2019;04:48:00;18;Acidente com Morte;613,1;BR-040/MG;Norte;Abalroamento transversal;1;2;1;0;1;1;3
11/05/2019;02:54:00;24;Acidente com Morte;92,142;BR-040/MG;Sul;Colisão frontal;1;1;0;0;0;5;3
10/05/2019;18:39:00;315;Acidente com Vítima;449,12;BR-040/MG;Norte;Queda de Carga;1;0;1;0;0;0;1
10/05/2019;17:07:00;283;Acidente sem Vítima;731,05;BR-040/MG;Sul;Abalroamento longitudinal;1;2;0;0;0;0;1
10/05/2019;07:26:00;117;Acidente sem Vítima;609,6;BR-040/MG;Sul;Abalroamento longitudinal;1;2;0;0;0;0;1
09/05/2019;12:00:00;176;Acidente sem Vítima;588,568;BR-040/MG;Norte;Queda de Carga;1;1;0;0;0;0;1
08/05/2019;17:14:00;247;Acidente com Morte;383,4;BR-040/MG;Norte;Choque com objeto fixo;1;0;0;0;0;1;3
08/05/2019;16:44:00;237;Acidente sem Vítima;91,01;BR-040/MG;Sul;Colisão traseira;1;2;0;0;0;0;1
08/05/2019;15:33:00;221;Acidente sem Vítima;505,1;BR-040/MG;Norte;Choque com objeto fixo;1;3;0;0;0;0;1
08/05/2019;14:47:00;213;Acidente sem Vítima;562,1;BR-040/MG;Sul;Abalroamento longitudinal;1;2;0;0;0;0;1
08/05/2019;13:57:00;203;Acidente sem Vítima;562,1;BR-040/MG;Sul;Colisão traseira;1;2;0;0;0;0;1
08/05/2019;13:15:00;196;Acidente sem Vítima;465,5;BR-040/MG;Norte;Choque com objeto fixo;1;1;0;0;0;0;1
08/05/2019;12:21:00;187;Acidente com Vítima;563,1;BR-040/MG;Sul;Choque em barreira New Jersey;1;1;1;0;0;0;1
08/05/2019;02:15:00;75;Atropelamento com Morte;437,5;BR-040/MG;Sul;Atropelamento de pedestre caminhando;1;1;0;0;0;1;3
07/05/2019;11:19:00;196;Acidente sem Vítima;533,45;BR-040/MG;Norte;Abalroamento longitudinal;1;2;0;0;0;0;1
07/05/2019;08:57:00;143;Acidente com Vítima;669,1;BR-040/MG;Norte;Abalroamento longitudinal;1;3;1;0;0;0;1
07/05/2019;06:37:00;89;Acidente com Vítima;531,5;BR-040/MG;Norte;Colisão traseira;1;2;0;1;0;0;2
06/05/2019;12:33:00;228;Acidente com Vítima;529,1;BR-040/MG;Sul;Colisão traseira;1;1;1;0;0;0;1
05/05/2019;16:27:00;150;Acidente sem Vítima;13,1;BR-040/MG;Sul;Colisão traseira;1;2;0;0;0;0;1
04/05/2019;08:52:00;81;Acidente sem Vítima;549,1;BR-040/MG;Norte;Outros;1;2;0;0;0;0;1
04/05/2019;05:43:00;45;Acidente com Vítima;754,599;BR-040/MG;Sul;Capotamento;1;1;0;1;0;0;2
03/05/2019;15:02:00;262;Acidente com Vítima;1,1;BR-040/GO;Sul;Colisão traseira;2;87;1;0;0;0;1
03/05/2019;14:06:00;245;Acidente com Vítima;462,4;BR-040/MG;Sul;Abalroamento transversal;1;3;0;2;0;0;2
03/05/2019;10:43:00;184;Acidente sem Vítima;558,3;BR-040/MG;Norte;Abalroamento longitudinal;1;16;0;0;0;0;1
03/05/2019;06:15:00;93;Acidente com Vítima;514,1;BR-040/MG;Sul;Abalroamento longitudinal;1;1;1;0;0;0;1
03/05/2019;03:38:00;50;Acidente sem Vítima;685,1;BR-040/MG;Norte;Abalroamento longitudinal;2;2;0;0;0;0;1
03/05/2019;00:04:00;1;Acidente sem Vítima;509,6;BR-040/MG;Sul;Colisão traseira;1;2;0;0;0;0;1
02/05/2019;22:58:00;434;Acidente com Vítima;539,12;BR-040/MG;Norte;Choque em barreira New Jersey;1;4;0;0;0;0;1
02/05/2019;19:30:00;389;Acidente sem Vítima;613,524;BR-040/MG;Sul;Abalroamento longitudinal;2;2;0;0;0;0;1
02/05/2019;18:48:00;377;Acidente sem Vítima;526,12;BR-040/MG;Sul;Abalroamento longitudinal;1;2;0;0;0;0;1
01/05/2019;15:58:00;134;Acidente sem Vítima;188,1;BR-040/MG;Norte;Outros;1;2;0;0;0;0;1
01/05/2019;10:51:00;70;Acidente sem Vítima;522,1;BR-040/MG;Norte;Outros;1;2;0;0;0;0;1
01/05/2019;09:08:00;53;Acidente sem Vítima;71,1;BR-040/MG;Sul;Abalroamento longitudinal;1;2;0;0;0;0;1
30/04/2019;14:24:00;220;Acidente com Vítima;240,289;BR-040/MG;Norte;Abalroamento longitudinal;1;1;1;0;0;0;1
30/04/2019;12:47:00;198;Acidente sem Vítima;667,5;BR-040/MG;Norte;Colisão traseira;1;6;0;0;0;0;1
29/04/2019;22:44:00;401;Acidente sem Vítima;463,909;BR-040/MG;Norte;Queda de Carga;1;1;0;0;0;0;1
29/04/2019;18:40:00;347;Acidente sem Vítima;714,1;BR-040/MG;Sul;Colisão traseira;1;5;0;0;0;0;1
29/04/2019;12:37:00;225;Acidente sem Vítima;10,5;BR-040/GO;Sul;Abalroamento longitudinal;1;2;0;0;0;0;1
29/04/2019;10:02:00;190;Acidente com Vítima;532,8;BR-040/MG;Sul;Abalroamento longitudinal;1;1;0;0;1;0;2
28/04/2019;14:57:00;197;Acidente com Vítima;120,4;BR-040/MG;Norte;Colisão traseira;1;2;0;1;1;0;2
27/04/2019;17:23:00;205;Atropelamento com Morte;621,5;BR-040/MG;Sul;Atropelamento de pedestre atravessando;1;3;0;0;0;1;3
27/04/2019;12:22:00;132;Acidente sem Vítima;628,863;BR-040/MG;Norte;Abalroamento longitudinal;1;3;0;0;0;0;1
26/04/2019;15:48:00;281;Acidente sem Vítima;565,2;BR-040/MG;Sul;Colisão traseira;1;2;0;0;0;0;1
26/04/2019;05:35:00;107;Acidente sem Vítima;516,8;BR-040/MG;Sul;Colisão traseira;2;2;0;0;0;0;1
25/04/2019;23:41:00;410;Acidente sem Vítima;598,3;BR-040/MG;Norte;Choque com objeto fixo;1;1;0;0;0;0;1
25/04/2019;19:38:00;368;Acidente sem Vítima;729,6;BR-040/MG;Sul;Queda de Carga;1;0;0;0;0;0;1
25/04/2019;10:52:00;212;Acidente com Vítima;498,1;BR-040/MG;Norte;Choque com objeto fixo;1;0;1;0;0;0;1
24/04/2019;19:39:00;330;Acidente com Morte;585,366;BR-040/MG;Sul;Queda de Carga;1;0;0;0;0;1;3
24/04/2019;16:06:00;275;Acidente sem Vítima;528,1;BR-040/MG;Sul;Colisão traseira;1;3;0;0;0;0;1
24/04/2019;09:46:00;179;Acidente sem Vítima;571,8;BR-040/MG;Sul;Abalroamento transversal;1;2;0;0;0;0;1
23/04/2019;18:21:00;306;Acidente sem Vítima;535,1;BR-040/MG;Norte;Colisão traseira;1;2;0;0;0;0;1
23/04/2019;16:59:00;276;Acidente com Vítima;652,1;BR-040/MG;Norte;Abalroamento longitudinal;1;1;1;0;0;0;1
23/04/2019;13:30:00;225;Acidente sem Vítima;513,1;BR-040/MG;Norte;Abalroamento longitudinal;2;2;0;0;0;0;1
23/04/2019;09:02:00;169;Acidente sem Vítima;642,1;BR-040/MG;Norte;Choque em defensa;2;2;0;0;0;0;1
23/04/2019;07:17:00;137;Acidente sem Vítima;611,2;BR-040/MG;Norte;Colisão traseira;2;2;0;0;0;0;1
22/04/2019;23:28:00;417;Acidente sem Vítima;626,15;BR-040/MG;Sul;Colisão traseira;2;2;0;0;0;0;1
22/04/2019;22:16:00;396;Acidente sem Vítima;703,3;BR-040/MG;Sul;Atropelamento de animal;1;1;0;0;0;0;1
22/04/2019;06:54:00;110;Acidente sem Vítima;750,157;BR-040/MG;Norte;Queda de Carga;1;1;0;0;0;0;1
21/04/2019;21:13:00;310;Acidente sem Vítima;563,2;BR-040/MG;Norte;Colisão traseira;1;2;0;0;0;0;1
21/04/2019;04:59:00;23;Acidente sem Vítima;318,8;BR-040/MG;Sul;Queda de Carga;1;1;0;0;0;0;1
20/04/2019;17:39:00;224;Acidente sem Vítima;763,5;BR-040/MG;Norte;Choque com objeto fixo;1;1;0;0;0;0;1
20/04/2019;07:02:00;53;Acidente sem Vítima;519,7;BR-040/MG;Sul;Abalroamento longitudinal;1;2;0;0;0;0;1
18/04/2019;13:59:00;255;Acidente com Vítima;12,1;BR-040/GO;Sul;Abalroamento transversal;2;1;0;2;0;0;2
17/04/2019;20:12:00;391;Acidente com Vítima;424,3;BR-040/MG;Norte;Colisão traseira;1;1;1;0;0;0;1
17/04/2019;15:01:00;293;Acidente sem Vítima;515,8;BR-040/MG;Norte;Choque com objeto fixo;1;1;0;0;0;0;1
17/04/2019;13:04:00;239;Acidente sem Vítima;504,4;BR-040/MG;Norte;Abalroamento longitudinal;1;3;0;0;0;0;1
17/04/2019;12:42:00;230;Acidente sem Vítima;490,4;BR-040/MG;Norte;Colisão traseira;1;5;0;0;0;0;1
17/04/2019;11:46:00;213;Acidente sem Vítima;46,1;BR-040/MG;Sul;Abalroamento longitudinal;2;2;0;0;0;0;1
17/04/2019;11:04:00;204;Acidente sem Vítima;535,4;BR-040/MG;Sul;Colisão traseira;1;3;0;0;0;0;1
17/04/2019;08:55:00;168;Acidente sem Vítima;597,01;BR-040/MG;Norte;Abalroamento longitudinal;1;2;0;0;0;0;1
16/04/2019;19:14:00;351;Acidente sem Vítima;714,05;BR-040/MG;Norte;Colisão traseira;2;2;0;0;0;0;1
16/04/2019;18:19:00;335;Acidente sem Vítima;643,2;BR-040/MG;Sul;Colisão traseira;1;2;0;0;0;0;1
16/04/2019;12:37:00;241;Acidente sem Vítima;603,581;BR-040/MG;Norte;Choque com objeto fixo;1;2;0;0;0;0;1
15/04/2019;15:41:00;251;Acidente sem Vítima;607,2;BR-040/MG;Norte;Choque em defensa;1;1;0;0;0;0;1
15/04/2019;14:23:00;230;Acidente sem Vítima;589,5;BR-040/MG;Norte;Queda de Carga;1;1;0;0;0;0;1
15/04/2019;13:32:00;220;Acidente sem Vítima;473,25;BR-040/MG;Norte;Choque com objeto fixo;1;2;0;0;0;0;1
15/04/2019;12:02:00;206;Acidente com Vítima;525,05;BR-040/MG;Norte;Abalroamento longitudinal;1;2;1;0;0;0;1
14/04/2019;07:27:00;45;Acidente com Vítima;610,4;BR-040/MG;Sul;Colisão frontal;1;2;0;0;1;0;2
14/04/2019;07:20:00;42;Acidente sem Vítima;446,1;BR-040/MG;Sul;Queda de Carga;1;1;0;0;0;0;1
14/04/2019;05:22:00;27;Acidente com Vítima;598,2;BR-040/MG;Norte;Colisão traseira;2;2;1;0;0;0;1
13/04/2019;15:40:00;217;Acidente sem Vítima;1,4;BR-040/DF;Sul;Queda de Carga;1;1;0;0;0;0;1
13/04/2019;06:28:00;60;Acidente sem Vítima;526,5;BR-040/MG;Norte;Abalroamento longitudinal;1;2;0;0;0;0;1
12/04/2019;16:32:00;346;Acidente com Vítima;641,7;BR-040/MG;Norte;Queda de Carga;1;2;1;0;0;0;1
12/04/2019;11:25:00;238;Acidente com Vítima;10,95;BR-040/GO;Sul;Abalroamento transversal;1;2;0;2;0;0;2
12/04/2019;06:50:00;132;Acidente com Vítima;428,5;BR-040/MG;Norte;Colisão traseira;1;36;1;0;0;0;1
11/04/2019;22:44:00;383;Acidente sem Vítima;201,9;BR-040/MG;Sul;Abalroamento longitudinal;1;3;0;0;0;0;1
11/04/2019;20:16:00;357;Atropelamento sem Morte;645,2;BR-040/MG;Sul;Atropelamento de pedestre atravessando;1;1;0;1;0;0;2
11/04/2019;17:16:00;305;Acidente com Vítima;532,125;BR-040/MG;Sul;Colisão traseira;2;2;0;0;1;0;2
11/04/2019;06:59:00;154;Acidente sem Vítima;533,2;BR-040/MG;Sul;Colisão traseira;1;2;0;0;0;0;1
10/04/2019;20:23:00;342;Acidente sem Vítima;547,5;BR-040/MG;Sul;Colisão traseira;1;2;0;0;0;0;1
09/04/2019;23:24:00;444;Acidente sem Vítima;442,124;BR-040/MG;Norte;Atropelamento de animal;1;1;0;0;0;0;1
09/04/2019;19:43:00;406;Acidente com Vítima;593,18;BR-040/MG;Norte;Choque em defensa;1;0;1;0;0;0;1
08/04/2019;21:21:00;402;Acidente sem Vítima;503,452;BR-040/MG;Sul;Abalroamento longitudinal;1;3;0;0;0;0;1
08/04/2019;10:39:00;234;Acidente sem Vítima;169,15;BR-040/MG;Norte;Colisão traseira;1;2;0;0;0;0;1
07/04/2019;22:15:00;259;Acidente com Morte;51,009;BR-040/MG;Sul;Colisão frontal;1;1;0;0;0;1;3
07/04/2019;10:04:00;67;Acidente com Vítima;737,68;BR-040/MG;Sul;Queda de Carga;1;0;1;0;0;0;1