data;horario;n_da_ocorrencia;tipo_de_ocorrencia;km;trecho;sentido;tipo_de_acidente;caminhao;ilesos;levemente_feridos;moderadamente_feridos;gravemente_feridos;mortos;3
07/04/2019;01:23:00;8;Acidente sem Vítima;436,15;BR-040/MG;Norte;Colisão traseira;1;2;0;0;0;0;1
06/04/2019;14:28:00;159;Acidente sem Vítima;465,5;BR-040/MG;Norte;Queda de Carga;1;1;0;0;0;0;1
06/04/2019;13:18:00;139;Acidente sem Vítima;461,5;BR-040/MG;Sul;Choque com objeto fixo;1;1;0;0;0;0;1
05/04/2019;20:58:00;360;Acidente sem Vítima;1,3;BR-040/GO;Sul;Abalroamento longitudinal;1;2;0;0;0;0;1
05/04/2019;19:59:00;341;Acidente com Morte;66,2;BR-040/GO;Norte;Colisão frontal;1;4;0;0;0;1;3
05/04/2019;17:29:00;302;Acidente sem Vítima;632,126;BR-040/MG;Sul;Abalroamento longitudinal;1;2;0;0;0;0;1
05/04/2019;17:18:00;299;Acidente sem Vítima;577,1;BR-040/MG;Norte;Abalroamento longitudinal;1;2;0;0;0;0;1
05/04/2019;07:03:00;95;Acidente sem Vítima;121,5;BR-040/GO;Sul;Choque em defensa;1;2;0;0;0;0;1
05/04/2019;05:00:00;74;Acidente sem Vítima;713,94;BR-040/MG;Norte;Queda de Carga;1;2;0;0;0;0;1
04/04/2019;13:07:00;207;Acidente com Vítima;608,3;BR-040/MG;Sul;Colisão traseira;2;2;2;0;0;0;1
04/04/2019;09:57:00;155;Acidente sem Vítima;602,318;BR-040/MG;Sul;Abalroamento longitudinal;1;3;0;0;0;0;1
04/04/2019;06:47:00;96;Acidente sem Vítima;5,5;BR-040/DF;Norte;Abalroamento longitudinal;1;2;0;0;0;0;1
03/04/2019;23:00:00;350;Acidente sem Vítima;475,8;BR-040/MG;Sul;Atropelamento de animal;1;2;0;0;0;0;1
03/04/2019;22:39:00;346;Acidente com Vítima;175,041;BR-040/MG;Sul;Queda de Carga;1;0;2;0;0;0;1
03/04/2019;17:45:00;283;Acidente sem Vítima;737,7;BR-040/MG;Sul;Queda de Carga;1;1;0;0;0;0;1
03/04/2019;14:52:00;251;Acidente sem Vítima;676,3;BR-040/MG;Sul;Queda de Carga;1;2;0;0;0;0;1
02/04/2019;21:11:00;295;Atropelamento com Morte;607,8;BR-040/MG;Sul;Atropelamento de pedestre atravessando;1;1;0;0;0;1;3
02/04/2019;19:39:00;271;Acidente sem Vítima;37,8;BR-040/MG;Sul;Abalroamento transversal;1;2;0;0;0;0;1
02/04/2019;18:29:00;255;Acidente sem Vítima;576,15;BR-040/MG;Sul;Abalroamento transversal;1;1;0;0;0;0;1
01/04/2019;18:32:00;348;Acidente com Vítima;576,1;BR-040/MG;Sul;Abalroamento transversal;1;1;0;0;1;0;2
01/04/2019;09:19:00;185;Acidente com Vítima;371,1;BR-040/MG;Sul;Colisão traseira;1;2;3;0;0;0;1
01/04/2019;07:58:00;153;Acidente sem Vítima;544,4;BR-040/MG;Norte;Abalroamento longitudinal;1;1;0;0;0;0;1
29/06/2019;20:01:00;270;Acidente sem Vítima;432,824;BR-040/MG;Sul;Queda de Carga;1;1;0;0;0;0;1
29/06/2019;13:08:00;156;Acidente sem Vítima;10,8;BR-040/GO;Sul;Abalroamento longitudinal;1;2;0;0;0;0;1
29/06/2019;11:59:00;141;Acidente sem Vítima;96,1;BR-040/GO;Sul;Abalroamento transversal;1;4;0;0;0;0;1
29/06/2019;07:52:00;61;Acidente com Morte;3,8;BR-040/GO;Norte;Colisão traseira;1;2;0;0;0;1;3
29/06/2019;05:11:00;26;Acidente sem Vítima;534,1;BR-040/MG;Sul;Abalroamento longitudinal;1;3;0;0;0;0;1
28/06/2019;22:33:00;374;Acidente com Vítima;506,208;BR-040/MG;Sul;Capotamento;1;0;0;2;1;0;2
28/06/2019;07:25:00;114;Acidente sem Vítima;537,241;BR-040/MG;Norte;Colisão traseira;1;22;0;0;0;0;1
27/06/2019;20:24:00;314;Acidente com Vítima;118,1;BR-040/MG;Sul;Colisão frontal;1;1;0;2;1;0;2
27/06/2019;09:27:00;176;Acidente sem Vítima;148,3;BR-040/GO;Sul;Outros;1;4;0;0;0;0;1
27/06/2019;02:55:00;80;Acidente sem Vítima;533,54;BR-040/MG;Norte;Queda de Carga;1;1;0;0;0;0;1
26/06/2019;20:37:00;295;Acidente sem Vítima;589,1;BR-040/MG;Sul;Colisão traseira;1;2;0;0;0;0;1
26/06/2019;17:42:00;249;Acidente sem Vítima;40,4;BR-040/MG;Sul;Abalroamento longitudinal;1;2;0;0;0;0;1
26/06/2019;09:04:00;126;Acidente sem Vítima;567,1;BR-040/MG;Norte;Colisão traseira;1;2;0;0;0;0;1
25/06/2019;21:57:00;292;Acidente com Morte;14,995;BR-040/GO;Norte;Colisão traseira;1;1;0;0;0;1;3
25/06/2019;19:00:00;262;Acidente com Vítima;522,37;BR-040/MG;Norte;Colisão traseira;1;3;1;1;0;0;2
25/06/2019;09:43:00;146;Acidente sem Vítima;49,3;BR-040/MG;Norte;Colisão traseira;1;2;0;0;0;0;1
25/06/2019;06:26:00;83;Acidente sem Vítima;667,958;BR-040/MG;Sul;Colisão traseira;2;2;0;0;0;0;1
24/06/2019;10:57:00;185;Acidente sem Vítima;543,211;BR-040/MG;Sul;Colisão traseira;2;2;0;0;0;0;1
23/06/2019;22:07:00;285;Acidente sem Vítima;633,1;BR-040/MG;Sul;Abalroamento transversal;1;2;0;0;0;0;1
23/06/2019;18:41:00;245;Acidente com Vítima;404,1;BR-040/MG;Norte;Abalroamento longitudinal;1;4;1;0;0;0;1
23/06/2019;11:19:00;99;Acidente sem Vítima;465,12;BR-040/MG;Sul;Colisão traseira;1;2;0;0;0;0;1
23/06/2019;02:14:00;12;Acidente com Vítima;759,4;BR-040/MG;Sul;Queda de Carga;1;0;1;0;0;0;1
21/06/2019;14:37:00;166;Acidente sem Vítima;487,1;BR-040/MG;Sul;Colisão traseira;1;2;0;0;0;0;1
21/06/2019;09:40:00;102;Acidente com Vítima;498,1;BR-040/MG;Sul;Queda de Carga;1;1;1;0;1;0;2
19/06/2019;06:01:00;71;Acidente sem Vítima;5,005;BR-040/DF;Norte;Abalroamento longitudinal;1;2;0;0;0;0;1
18/06/2019;23:59:00;358;Acidente sem Vítima;729,7;BR-040/MG;Sul;Choque com objeto fixo;1;1;0;0;0;0;1
18/06/2019;15:51:00;256;Atropelamento com Morte;27,8;BR-040/GO;Norte;Atropelamento de ciclista;1;2;0;0;0;1;3
18/06/2019;11:42:00;208;Acidente sem Vítima;190,8;BR-040/MG;Sul;Colisão traseira;1;2;0;0;0;0;1
18/06/2019;08:34:00;159;Acidente sem Vítima;336,7;BR-040/MG;Sul;Colisão traseira;1;2;0;0;0;0;1
17/06/2019;17:00:00;253;Acidente sem Vítima;527,1;BR-040/MG;Norte;Abalroamento longitudinal;1;2;0;0;0;0;1
17/06/2019;09:45:00;159;Acidente sem Vítima;739,4;BR-040/MG;Norte;Queda de Carga;1;1;0;0;0;0;1
17/06/2019;07:35:00;113;Acidente sem Vítima;2,1;BR-040/GO;Norte;Colisão traseira;2;2;0;0;0;0;1
16/06/2019;20:02:00;245;Acidente sem Vítima;735,3;BR-040/MG;Sul;Abalroamento longitudinal;1;2;0;0;0;0;1
16/06/2019;09:39:00;79;Acidente sem Vítima;531,8;BR-040/MG;Norte;Abalroamento longitudinal;1;2;0;0;0;0;1
15/06/2019;11:16:00;135;Acidente com Vítima;483,3;BR-040/MG;Norte;Queda de Carga;1;1;1;1;0;0;2
15/06/2019;00:27:00;3;Acidente sem Vítima;515,3;BR-040/MG;Sul;Colisão traseira;2;2;0;0;0;0;1
14/06/2019;23:48:00;394;Acidente sem Vítima;541,744;BR-040/MG;Norte;Colisão traseira;1;3;0;0;0;0;1
14/06/2019;15:22:00;266;Acidente sem Vítima;496,1;BR-040/MG;Norte;Abalroamento longitudinal;1;2;0;0;0;0;1
14/06/2019;06:53:00;117;Acidente sem Vítima;523,1;BR-040/MG;Sul;Colisão traseira;1;6;0;0;0;0;1
13/06/2019;14:40:00;255;Acidente sem Vítima;135,5;BR-040/MG;Norte;Capotamento;1;2;0;0;0;0;1
13/06/2019;11:57:00;222;Acidente sem Vítima;714,15;BR-040/MG;Sul;Colisão traseira;1;3;0;0;0;0;1
13/06/2019;07:13:00;120;Acidente sem Vítima;510,1;BR-040/MG;Norte;Choque com objeto fixo;1;1;0;0;0;0;1
12/06/2019;20:21:00;332;Atropelamento com Morte;29,252;BR-040/GO;Norte;Atropelamento de pedestre atravessando;1;1;0;0;0;1;3
12/06/2019;15:50:00;255;Acidente sem Vítima;600,15;BR-040/MG;Sul;Abalroamento longitudinal;2;2;0;0;0;0;1
12/06/2019;14:44:00;243;Acidente com Vítima;531,788;BR-040/MG;Sul;Colisão traseira;1;1;1;0;0;0;1
12/06/2019;14:43:00;242;Acidente com Vítima;118,8;BR-040/MG;Norte;Abalroamento transversal;1;1;0;1;0;0;2
12/06/2019;12:32:00;219;Acidente sem Vítima;604,06;BR-040/MG;Sul;Queda de Carga;1;1;0;0;0;0;1
12/06/2019;05:52:00;71;Acidente sem Vítima;507,3;BR-040/MG;Norte;Atropelamento de animal;1;1;0;0;0;0;1
11/06/2019;16:08:00;305;Acidente sem Vítima;594,2;BR-040/MG;Sul;Colisão traseira;2;2;0;0;0;0;1
11/06/2019;14:24:00;283;Acidente com Vítima;462,2;BR-040/MG;Sul;Capotamento;1;1;0;0;1;0;2
11/06/2019;09:31:00;187;Acidente com Vítima;472,8;BR-040/MG;Norte;Abalroamento longitudinal;1;2;1;0;0;0;1
11/06/2019;06:42:00;115;Acidente sem Vítima;515,8;BR-040/MG;Sul;Colisão traseira;1;10;0;0;0;0;1
11/06/2019;03:41:00;29;Acidente sem Vítima;675,514;BR-040/MG;Sul;Queda de Carga;1;1;0;0;0;0;1
11/06/2019;02:38:00;25;Acidente sem Vítima;24,7;BR-040/GO;Norte;Choque com objeto fixo;1;1;0;0;0;0;1
10/06/2019;12:48:00;221;Acidente sem Vítima;673,937;BR-040/MG;Sul;Colisão traseira;1;2;0;0;0;0;1
10/06/2019;10:42:00;188;Acidente sem Vítima;585,663;BR-040/MG;Sul;Abalroamento longitudinal;1;2;0;0;0;0;1
09/06/2019;20:06:00;219;Acidente sem Vítima;538,9;BR-040/MG;Norte;Colisão traseira;1;3;0;0;0;0;1
09/06/2019;14:00:00;125;Acidente sem Vítima;502,1;BR-040/MG;Sul;Abalroamento longitudinal;1;3;0;0;0;0;1
09/06/2019;02:48:00;15;Acidente sem Vítima;548,5;BR-040/MG;Norte;Queda de Carga;1;2;0;0;0;0;1
08/06/2019;07:24:00;67;Acidente sem Vítima;443,4;BR-040/MG;Sul;Queda de Carga;1;22;0;0;0;0;1
08/06/2019;03:16:00;24;Acidente sem Vítima;448,5;BR-040/MG;Norte;Colisão traseira;1;2;0;0;0;0;1
07/06/2019;18:30:00;331;Acidente sem Vítima;522,1;BR-040/MG;Norte;Colisão traseira;1;3;0;0;0;0;1
07/06/2019;17:54:00;322;Acidente com Vítima;1,1;BR-040/GO;Sul;Colisão traseira;1;1;0;0;0;0;1
07/06/2019;10:37:00;191;Acidente sem Vítima;755,212;BR-040/MG;Sul;Abalroamento longitudinal;2;2;0;0;0;0;1
07/06/2019;08:20:00;140;Acidente sem Vítima;546,4;BR-040/MG;Norte;Abalroamento longitudinal;1;2;0;0;0;0;1
07/06/2019;04:30:00;78;Acidente sem Vítima;303,5;BR-040/MG;Sul;Colisão traseira;1;2;0;0;0;0;1
06/06/2019;19:19:00;276;Acidente sem Vítima;0,5;BR-040/DF;Sul;Abalroamento longitudinal;1;2;0;0;0;0;1
06/06/2019;17:31:00;241;Acidente sem Vítima;645,5;BR-040/MG;Norte;Atropelamento de animal;1;1;0;0;0;0;1
05/06/2019;23:01:00;350;Acidente sem Vítima;224,5;BR-040/MG;Sul;Queda de Carga;1;1;0;0;0;0;1
05/06/2019;14:53:00;235;Acidente sem Vítima;48,8;BR-040/GO;Sul;Colisão traseira;2;3;0;0;0;0;1
05/06/2019;13:51:00;224;Acidente sem Vítima;535,4;BR-040/MG;Norte;Abalroamento longitudinal;1;2;0;0;0;0;1
05/06/2019;13:24:00;215;Acidente sem Vítima;633,3;BR-040/MG;Norte;Colisão traseira;2;2;0;0;0;0;1
05/06/2019;13:14:00;212;Atropelamento sem Morte;0,1;BR-040/GO;Norte;Atropelamento de pedestre atravessando;1;2;0;0;1;0;2
05/06/2019;09:22:00;162;Acidente sem Vítima;339,5;BR-040/MG;Sul;Abalroamento longitudinal;1;2;0;0;0;0;1
04/06/2019;17:57:00;316;Acidente com Vítima;608,351;BR-040/MG;Norte;Abalroamento longitudinal;1;2;1;0;0;0;1
04/06/2019;16:09:00;291;Acidente sem Vítima;541,4;BR-040/MG;Norte;Choque com objeto fixo;1;1;0;0;0;0;1
04/06/2019;15:56:00;287;Acidente sem Vítima;749,5;BR-040/MG;Norte;Queda de Carga;1;1;0;0;0;0;1
04/06/2019;12:52:00;241;Acidente sem Vítima;588,321;BR-040/MG;Sul;Abalroamento longitudinal;2;2;0;0;0;0;1
04/06/2019;12:32:00;237;Acidente sem Vítima;716,31;BR-040/MG;Sul;Queda de Carga;1;1;0;0;0;0;1
04/06/2019;11:16:00;215;Acidente sem Vítima;555,4;BR-040/MG;Norte;Colisão traseira;1;3;0;0;0;0;1
04/06/2019;10:12:00;188;Acidente com Vítima;762,561;BR-040/MG;Sul;Choque com objeto fixo;2;7;1;0;0;0;1
03/06/2019;20:55:00;380;Acidente sem Vítima;625,6;BR-040/MG;Sul;Queda de Moto;1;2;0;0;0;0;1
03/06/2019;17:18:00;310;Acidente com Vítima;41,299;BR-040/GO;Sul;Queda de Carga;1;0;0;1;0;0;2
03/06/2019;10:34:00;197;Acidente sem Vítima;522,9;BR-040/MG;Sul;Colisão traseira;1;3;0;0;0;0;1
03/06/2019;08:49:00;165;Acidente com Vítima;597,5;BR-040/MG;Norte;Abalroamento transversal;3;2;0;1;0;0;2
03/06/2019;06:48:00;116;Acidente com Vítima;624,05;BR-040/MG;Sul;Colisão traseira;1;2;1;0;0;0;1
31/07/2019;17:40:00;231;Acidente sem Vítima;532,9;BR-040/MG;Sul;Colisão traseira;1;2;0;0;0;0;1
31/07/2019;06:34:00;70;Acidente sem Vítima;708,001;BR-040/MG;Norte;Choque em defensa;1;1;0;0;0;0;1
31/07/2019;05:48:00;63;Acidente sem Vítima;97,5;BR-040/GO;Sul;Atropelamento de animal;1;1;0;0;0;0;1
31/07/2019;01:16:00;13;Acidente sem Vítima;490,5;BR-040/MG;Norte;Outros;1;1;0;0;0;0;1
30/07/2019;18:20:00;271;Acidente sem Vítima;42,3;BR-040/MG;Sul;Colisão traseira;1;2;0;0;0;0;1
30/07/2019;06:01:00;80;Acidente com Vítima;451,017;BR-040/MG;Norte;Abalroamento longitudinal;2;1;1;0;0;0;1
28/07/2019;16:58:00;155;Acidente com Vítima;542,45;BR-040/MG;Sul;Colisão traseira;1;1;1;0;0;0;1
26/07/2019;21:01:00;364;Acidente sem Vítima;93,2;BR-040/GO;Norte;Colisão traseira;1;2;0;0;0;0;1
26/07/2019;14:15:00;240;Acidente com Morte;12,32;BR-040/MG;Sul;Colisão frontal;2;4;0;1;0;1;3
26/07/2019;11:55:00;199;Acidente sem Vítima;1,8;BR-040/GO;Sul;Colisão traseira;1;2;0;0;0;0;1
25/07/2019;18:53:00;307;Acidente sem Vítima;106,1;BR-040/GO;Sul;Colisão traseira;1;2;0;0;0;0;1
25/07/2019;18:33:00;302;Acidente sem Vítima;543,8;BR-040/MG;Norte;Abalroamento longitudinal;1;2;0;0;0;0;1
25/07/2019;18:08:00;295;Acidente com Vítima;626,1;BR-040/MG;Sul;Abalroamento longitudinal;1;1;0;1;0;0;2
25/07/2019;15:37:00;259;Acidente sem Vítima;714,4;BR-040/MG;Sul;Colisão traseira;1;4;0;0;0;0;1
25/07/2019;11:26:00;198;Acidente sem Vítima;511,495;BR-040/MG;Norte;Choque com objeto fixo;1;2;0;0;0;0;1
25/07/2019;10:09:00;172;Acidente sem Vítima;486,429;BR-040/MG;Norte;Colisão traseira;1;2;0;0;0;0;1
25/07/2019;07:51:00;131;Acidente com Vítima;547,143;BR-040/MG;Sul;Colisão traseira;1;1;1;0;0;0;1
25/07/2019;00:57:00;6;Acidente sem Vítima;738,8;BR-040/MG;Norte;Choque em defensa;1;1;0;0;0;0;1
24/07/2019;22:29:00;357;Acidente sem Vítima;536,5;BR-040/MG;Sul;Colisão traseira;1;4;0;0;0;0;1
24/07/2019;10:51:00;176;Acidente sem Vítima;485,5;BR-040/MG;Sul;Colisão traseira;1;2;0;0;0;0;1
23/07/2019;02:23:00;63;Acidente sem Vítima;444,6;BR-040/MG;Sul;Queda de Carga;1;1;0;0;0;0;1
22/07/2019;21:18:00;367;Acidente sem Vítima;275,1;BR-040/MG;Sul;Abalroamento transversal;1;2;0;0;0;0;1
22/07/2019;15:53:00;285;Acidente sem Vítima;609,14;BR-040/MG;Sul;Colisão traseira;1;2;0;0;0;0;1
22/07/2019;06:45:00;110;Acidente sem Vítima;541,481;BR-040/MG;Sul;Colisão traseira;1;3;0;0;0;0;1
22/07/2019;01:36:00;75;Acidente sem Vítima;486,2;BR-040/MG;Sul;Atropelamento de animal;1;1;0;0;0;0;1
20/07/2019;14:10:00;158;Acidente sem Vítima;558,1;BR-040/MG;Norte;Colisão traseira;1;2;0;0;0;0;1
20/07/2019;00:29:00;4;Acidente com Vítima;672,66;BR-040/MG;Sul;Choque em defensa;1;0;2;0;0;0;1
19/07/2019;22:33:00;375;Acidente sem Vítima;16,16;BR-040/GO;Norte;Abalroamento transversal;2;2;0;0;0;0;1
19/07/2019;15:59:00;273;Acidente sem Vítima;566,1;BR-040/MG;Sul;Queda de Carga;1;2;0;0;0;0;1
19/07/2019;12:37:00;217;Acidente com Morte;87,35;BR-040/MG;Sul;Abalroamento longitudinal;2;6;1;0;0;4;3
18/07/2019;22:23:00;367;Acidente sem Vítima;338,5;BR-040/MG;Sul;Abalroamento longitudinal;1;5;0;0;0;0;1
18/07/2019;14:33:00;251;Acidente sem Vítima;536,168;BR-040/MG;Norte;Colisão traseira;2;2;0;0;0;0;1
18/07/2019;04:10:00;84;Acidente sem Vítima;666,8;BR-040/MG;Sul;Queda de Carga;1;7;2;0;0;0;1
17/07/2019;18:34:00;296;Acidente sem Vítima;538,1;BR-040/MG;Norte;Colisão traseira;2;5;0;0;0;0;1
17/07/2019;16:42:00;268;Acidente com Vítima;635,4;BR-040/MG;Sul;Abalroamento transversal;1;2;0;0;0;0;1
17/07/2019;11:13:00;196;Acidente com Vítima;527,394;BR-040/MG;Sul;Abalroamento longitudinal;1;16;1;0;0;0;1
17/07/2019;05:08:00;96;Acidente sem Vítima;743,692;BR-040/MG;Norte;Queda de Carga;1;1;0;0;0;0;1
17/07/2019;00:08:00;2;Acidente sem Vítima;530,3;BR-040/MG;Sul;Colisão traseira;2;2;0;0;0;0;1
16/07/2019;14:27:00;211;Acidente sem Vítima;612,3;BR-040/MG;Sul;Colisão traseira;1;7;0;0;0;0;1
16/07/2019;13:36:00;198;Acidente sem Vítima;552,1;BR-040/MG;Norte;Queda de Carga;1;1;0;0;0;0;1
16/07/2019;10:07:00;158;Acidente sem Vítima;91,1;BR-040/MG;Sul;Choque com objeto fixo;2;2;0;0;0;0;1
16/07/2019;07:42:00;108;Acidente sem Vítima;599,151;BR-040/MG;Norte;Colisão traseira;2;4;0;0;0;0;1
15/07/2019;17:02:00;250;Acidente sem Vítima;2,001;BR-040/GO;Sul;Colisão traseira;2;3;0;0;0;0;1
15/07/2019;02:01:00;23;Acidente com Vítima;563,1;BR-040/MG;Norte;Colisão frontal;1;1;1;2;0;0;2
13/07/2019;22:52:00;338;Acidente sem Vítima;301,2;BR-040/MG;Sul;Atropelamento de animal;1;1;0;0;0;0;1
13/07/2019;20:51:00;323;Acidente sem Vítima;538,605;BR-040/MG;Norte;Abalroamento longitudinal;1;4;0;0;0;0;1
12/07/2019;23:33:00;392;Acidente com Vítima;9,3;BR-040/GO;Norte;Colisão traseira;1;1;0;1;0;0;2
12/07/2019;22:12:00;372;Acidente com Vítima;486,5;BR-040/MG;Sul;Abalroamento longitudinal;1;2;0;1;0;0;2
12/07/2019;14:47:00;232;Acidente sem Vítima;529,8;BR-040/MG;Sul;Abalroamento longitudinal;1;3;0;0;0;0;1
12/07/2019;13:08:00;215;Acidente com Vítima;408,1;BR-040/MG;Sul;Choque com objeto fixo;1;0;0;1;0;0;2
12/07/2019;10:30:00;176;Acidente com Vítima;710,375;BR-040/MG;Sul;Queda de Carga;1;3;2;2;0;0;2
12/07/2019;07:40:00;124;Acidente sem Vítima;544,1;BR-040/MG;Sul;Abalroamento longitudinal;1;2;0;0;0;0;1
12/07/2019;00:49:00;30;Acidente com Vítima;548,39;BR-040/MG;Norte;Colisão traseira;2;1;0;1;0;0;2
11/07/2019;22:34:00;356;Acidente sem Vítima;434,585;BR-040/MG;Sul;Colisão traseira;1;2;0;0;0;0;1
11/07/2019;17:22:00;263;Acidente sem Vítima;1,7;BR-040/GO;Norte;Colisão traseira;1;3;0;0;0;0;1
11/07/2019;17:06:00;256;Acidente sem Vítima;145,3;BR-040/MG;Sul;Abalroamento transversal;1;2;0;0;0;0;1
10/07/2019;19:46:00;353;Acidente com Vítima;652,7;BR-040/MG;Sul;Abalroamento transversal;1;2;1;0;0;0;1
10/07/2019;11:51:00;218;Acidente sem Vítima;714,15;BR-040/MG;Norte;Colisão traseira;1;5;0;0;0;0;1
09/07/2019;14:38:00;254;Acidente com Vítima;475,159;BR-040/MG;Norte;Colisão traseira;1;1;0;1;0;0;2
09/07/2019;08:51:00;148;Acidente sem Vítima;593,5;BR-040/MG;Sul;Colisão traseira;1;3;0;0;0;0;1
09/07/2019;06:05:00;85;Acidente sem Vítima;81,5;BR-040/MG;Norte;Abalroamento longitudinal;1;2;0;0;0;0;1
08/07/2019;12:35:00;183;Acidente sem Vítima;413,15;BR-040/MG;Norte;Abalroamento longitudinal;1;2;0;0;0;0;1
08/07/2019;10:30:00;150;Acidente sem Vítima;469,1;BR-040/MG;Norte;Queda de Carga;1;2;0;0;0;0;1
07/07/2019;09:19:00;94;Acidente sem Vítima;455,1;BR-040/MG;Norte;Queda de Carga;1;1;0;0;0;0;1
06/07/2019;04:02:00;23;Acidente com Morte;583,722;BR-040/MG;Norte;Choque em defensa;1;0;0;0;0;1;3
05/07/2019;21:30:00;387;Acidente sem Vítima;469,6;BR-040/MG;Norte;Colisão traseira;2;3;0;0;0;0;1
05/07/2019;20:22:00;368;Acidente com Vítima;9,8;BR-040/GO;Norte;Queda de Carga;1;1;0;0;0;0;1
05/07/2019;18:20:00;322;Acidente sem Vítima;2,3;BR-040/GO;Norte;Colisão traseira;1;9;0;0;0;0;1
05/07/2019;17:00:00;307;Acidente sem Vítima;21,2;BR-040/GO;Norte;Queda de Carga;1;1;0;0;0;0;1
05/07/2019;15:17:00;268;Acidente sem Vítima;587,362;BR-040/MG;Norte;Abalroamento longitudinal;1;2;0;0;0;0;1
05/07/2019;12:14:00;212;Acidente sem Vítima;528,183;BR-040/MG;Sul;Colisão traseira;1;4;0;0;0;0;1
05/07/2019;11:42:00;209;Acidente sem Vítima;599,186;BR-040/MG;Norte;Colisão traseira;2;3;0;0;0;0;1
04/07/2019;16:14:00;227;Acidente sem Vítima;539,1;BR-040/MG;Sul;Abalroamento longitudinal;1;2;0;0;0;0;1
04/07/2019;07:48:00;116;Acidente com Vítima;510,1;BR-040/MG;Sul;Colisão traseira;1;1;0;1;0;0;2
03/07/2019;10:55:00;181;Acidente sem Vítima;537,7;BR-040/MG;Norte;Colisão traseira;1;7;0;0;0;0;1
02/07/2019;09:34:00;163;Acidente sem Vítima;533,171;BR-040/MG;Norte;Colisão traseira;1;6;0;0;0;0;1
02/07/2019;08:52:00;155;Acidente sem Vítima;424,753;BR-040/MG;Norte;Colisão traseira;2;3;0;0;0;0;1
30/09/2019;22:33:00;340;Acidente sem Vítima;709,149;BR-040/MG;Norte;Choque com objeto fixo;1;1;0;0;0;0;1
30/09/2019;20:34:00;310;Acidente sem Vítima;709,149;BR-040/MG;Sul;Queda de Carga;1;1;0;0;0;0;1
30/09/2019;06:44:00;97;Acidente sem Vítima;7,2;BR-040/GO;Norte;Colisão traseira;1;4;0;0;0;0;1
28/09/2019;02:13:00;19;Acidente sem Vítima;615,2;BR-040/MG;Sul;Colisão traseira;1;3;0;0;0;0;1
27/09/2019;17:20:00;320;Acidente sem Vítima;605,05;BR-040/MG;Sul;Abalroamento longitudinal;2;3;0;0;0;0;1
27/09/2019;17:16:00;317;Acidente com Vítima;141,537;BR-040/MG;Norte;Colisão frontal;1;0;1;1;0;0;2
27/09/2019;00:35:00;8;Acidente sem Vítima;654,2;BR-040/MG;Sul;Choque com objeto fixo;1;1;0;0;0;0;1
26/09/2019;13:49:00;214;Acidente sem Vítima;487,5;BR-040/MG;Sul;Colisão traseira;1;2;0;0;0;0;1
26/09/2019;08:22:00;140;Acidente sem Vítima;592,4;BR-040/MG;Norte;Choque com objeto fixo;1;1;0;0;0;0;1
25/09/2019;21:52:00;365;Acidente sem Vítima;21,01;BR-040/GO;Norte;Capotamento;1;3;0;0;0;0;1
25/09/2019;21:06:00;351;Acidente sem Vítima;712,12;BR-040/MG;Norte;Abalroamento longitudinal;1;1;0;0;0;0;1
25/09/2019;19:56:00;327;Acidente com Morte;196,4;BR-040/MG;Norte;Queda de Moto;1;0;0;0;0;1;3
25/09/2019;18:12:00;297;Acidente sem Vítima;461,65;BR-040/MG;Sul;Colisão traseira;2;2;0;0;0;0;1
25/09/2019;17:07:00;279;Acidente com Vítima;462,604;BR-040/MG;Sul;Colisão traseira;1;1;12;7;9;0;2
25/09/2019;16:16:00;259;Acidente com Vítima;662,977;BR-040/MG;Norte;Colisão traseira;1;1;2;0;0;0;1
25/09/2019;09:45:00;156;Acidente sem Vítima;230,556;BR-040/MG;Norte;Colisão traseira;2;5;0;0;0;0;1
25/09/2019;08:22:00;132;Acidente sem Vítima;16,296;BR-040/MG;Sul;Queda de Carga;1;1;0;0;0;0;1
25/09/2019;07:31:00;106;Acidente sem Vítima;74,1;BR-040/GO;Sul;Colisão traseira;2;2;0;0;0;0;1
25/09/2019;04:56:00;68;Acidente sem Vítima;150,5;BR-040/MG;Sul;Colisão traseira;1;2;0;0;0;0;1
24/09/2019;18:04:00;273;Acidente sem Vítima;487,01;BR-040/MG;Sul;Colisão traseira;1;3;0;0;0;0;1
24/09/2019;16:35:00;253;Acidente com Vítima;584,1;BR-040/MG;Sul;Abalroamento transversal;1;1;0;0;1;0;2
24/09/2019;13:43:00;213;Acidente com Vítima;337,291;BR-040/MG;Norte;Colisão frontal;1;3;1;0;1;0;2
24/09/2019;12:48:00;203;Acidente sem Vítima;503,1;BR-040/MG;Sul;Abalroamento longitudinal;1;2;0;0;0;0;1
24/09/2019;08:05:00;127;Acidente sem Vítima;534,211;BR-040/MG;Norte;Abalroamento longitudinal;1;2;0;0;0;0;1
24/09/2019;03:18:00;39;Acidente sem Vítima;495,7;BR-040/MG;Sul;Colisão traseira;2;2;0;0;0;0;1
24/09/2019;00:01:00;2;Acidente sem Vítima;349,425;BR-040/MG;Norte;Outros;1;27;0;0;0;0;1
23/09/2019;06:29:00;97;Acidente com Vítima;535,474;BR-040/MG;Norte;Queda de Carga;1;0;0;1;0;0;2
22/09/2019;16:45:00;152;Acidente sem Vítima;588,87;BR-040/MG;Sul;Queda de Carga;1;1;0;0;0;0;1