data;horario;n_da_ocorrencia;tipo_de_ocorrencia;km;trecho;sentido;tipo_de_acidente;caminhao;ilesos;levemente_feridos;moderadamente_feridos;gravemente_feridos;mortos;3
15/10/2019;07:45:00;109;Atropelamento com Morte;520,316;BR-040/MG;Sul;;1;3;0;0;0;1;3
15/10/2019;06:10:00;82;Acidente sem Vítima;195,001;BR-040/MG;Sul;Choque com objeto fixo;1;1;0;0;0;0;1
15/10/2019;05:50:00;79;Acidente sem Vítima;488,001;BR-040/MG;Sul;Colisão traseira;1;2;0;0;0;0;1
14/10/2019;20:28:00;352;Acidente sem Vítima;699,1;BR-040/MG;Norte;Atropelamento de animal;1;1;0;0;0;0;1
14/10/2019;20:03:00;344;Acidente sem Vítima;485,1;BR-040/MG;Sul;Abalroamento longitudinal;1;5;0;0;0;0;1
14/10/2019;18:23:00;308;Acidente sem Vítima;2,1;BR-040/GO;Sul;Colisão traseira;1;2;0;0;0;0;1
14/10/2019;15:39:00;266;Acidente sem Vítima;721,341;BR-040/MG;Sul;Colisão traseira;2;2;0;0;0;0;1
14/10/2019;14:48:00;249;Acidente com Vítima;708,1;BR-040/MG;Norte;Abalroamento longitudinal;1;2;0;1;0;0;2
14/10/2019;14:45:00;248;Acidente sem Vítima;476,188;BR-040/MG;Sul;Abalroamento longitudinal;1;2;1;0;0;0;1
14/10/2019;11:41:00;188;Acidente sem Vítima;524,95;BR-040/MG;Sul;Abalroamento longitudinal;1;2;0;0;0;0;1
14/10/2019;09:33:00;150;Acidente sem Vítima;538,5;BR-040/MG;Sul;Capotamento;1;3;0;0;0;0;1
13/10/2019;21:43:00;350;Acidente sem Vítima;615,1;BR-040/MG;Norte;Abalroamento longitudinal;1;4;0;0;0;0;1
13/10/2019;11:54:00;151;Acidente sem Vítima;0,123;BR-040/GO;Sul;Colisão traseira;2;35;0;0;0;0;1
12/10/2019;16:11:00;207;Atropelamento sem Morte;4,001;BR-040/GO;Sul;Atropelamento de pedestre caminhando;1;1;0;1;0;0;2
12/10/2019;11:09:00;128;Acidente com Vítima;544,11;BR-040/MG;Norte;Queda de Carga;1;0;1;0;0;0;1
12/10/2019;10:00:00;107;Acidente sem Vítima;479,54;BR-040/MG;Norte;Colisão traseira;2;2;0;0;0;0;1
11/10/2019;20:40:00;372;Acidente sem Vítima;526,6;BR-040/MG;Norte;Abalroamento transversal;1;2;0;0;0;0;1
11/10/2019;19:38:00;346;Acidente sem Vítima;731,9;BR-040/MG;Sul;Colisão traseira;1;6;0;0;0;0;1
11/10/2019;18:55:00;336;Acidente sem Vítima;523,3;BR-040/MG;Norte;Colisão traseira;1;2;0;0;0;0;1
11/10/2019;06:26:00;106;Acidente com Morte;411,395;BR-040/MG;Norte;Colisão traseira;2;2;0;0;0;2;3
10/10/2019;23:18:00;424;Acidente sem Vítima;731,3;BR-040/MG;Sul;Abalroamento longitudinal;2;2;0;0;0;0;1
10/10/2019;15:50:00;310;Acidente sem Vítima;544,065;BR-040/MG;Norte;Colisão traseira;1;2;0;0;0;0;1
10/10/2019;08:17:00;160;Acidente com Morte;736,04;BR-040/MG;Norte;Colisão frontal;1;1;0;0;0;1;3
10/10/2019;05:54:00;119;Acidente com Vítima;58,383;BR-040/MG;Norte;Choque com objeto fixo;1;1;0;0;0;0;1
10/10/2019;01:58:00;95;Acidente sem Vítima;139,502;BR-040/MG;Norte;Atropelamento de animal;1;1;0;0;0;0;1
09/10/2019;21:55:00;354;Acidente sem Vítima;0,5;BR-040/GO;Sul;Colisão traseira;1;6;0;0;0;0;1
09/10/2019;11:48:00;182;Acidente sem Vítima;509,65;BR-040/MG;Sul;Colisão traseira;1;2;0;0;0;0;1
09/10/2019;01:48:00;61;Acidente sem Vítima;547,5;BR-040/MG;Sul;Colisão traseira;1;2;0;0;0;0;1
08/10/2019;18:33:00;305;Acidente com Vítima;654,1;BR-040/MG;Sul;Colisão traseira;1;1;0;2;0;0;2
08/10/2019;17:10:00;272;Acidente com Vítima;587,74;BR-040/MG;Norte;Choque com objeto fixo;1;0;1;0;0;0;1
08/10/2019;15:31:00;238;Acidente sem Vítima;602,3;BR-040/MG;Norte;Abalroamento transversal;1;2;0;0;0;0;1
08/10/2019;14:12:00;222;Acidente sem Vítima;603,4;BR-040/MG;Norte;Abalroamento longitudinal;1;2;0;0;0;0;1
08/10/2019;08:28:00;133;Acidente com Vítima;6,5;BR-040/DF;Norte;Abalroamento longitudinal;1;2;0;1;0;0;2
07/10/2019;16:11:00;287;Acidente sem Vítima;132,5;BR-040/MG;Sul;Abalroamento longitudinal;1;2;0;0;0;0;1
07/10/2019;13:53:00;243;Acidente sem Vítima;525,52;BR-040/MG;Norte;Outros;1;2;0;0;0;0;1
05/10/2019;18:00:00;248;Acidente com Vítima;378,4;BR-040/MG;Sul;Queda de Carga;1;1;0;1;0;0;2
04/10/2019;20:51:00;340;Acidente com Vítima;748,8;BR-040/MG;Sul;Queda de Carga;1;0;1;0;0;0;1
04/10/2019;01:19:00;26;Acidente com Vítima;669,803;BR-040/MG;Norte;Abalroamento longitudinal;2;0;2;0;0;0;1
03/10/2019;04:23:00;101;Acidente sem Vítima;598,1;BR-040/MG;Norte;Colisão traseira;1;2;0;0;0;0;1
02/10/2019;20:17:00;354;Acidente sem Vítima;545,1;BR-040/MG;Sul;Abalroamento longitudinal;2;2;0;0;0;0;1
02/10/2019;18:48:00;332;Atropelamento sem Morte;192,1;BR-040/MG;Sul;Atropelamento de pedestre atravessando;1;1;0;1;0;0;2
02/10/2019;16:13:00;297;Acidente sem Vítima;0,5;BR-040/GO;Sul;Abalroamento longitudinal;1;3;0;0;0;0;1
02/10/2019;14:06:00;248;Acidente sem Vítima;3,028;BR-040/GO;Sul;Choque com objeto fixo;1;1;0;0;0;0;1
01/10/2019;19:02:00;287;Acidente com Vítima;486,1;BR-040/MG;Sul;Colisão traseira;1;1;0;0;1;0;2
01/10/2019;17:45:00;273;Acidente sem Vítima;538,7;BR-040/MG;Norte;Colisão traseira;1;2;0;0;0;0;1
01/10/2019;09:28:00;135;Acidente sem Vítima;535,45;BR-040/MG;Sul;Abalroamento longitudinal;1;2;0;0;0;0;1
01/10/2019;07:28:00;94;Acidente sem Vítima;535,122;BR-040/MG;Sul;Abalroamento longitudinal;1;2;0;0;0;0;1
01/10/2019;06:42:00;76;Acidente sem Vítima;538,1;BR-040/MG;Sul;Colisão traseira;1;2;0;0;0;0;1
01/11/2019;06:56:00;101;Acidente sem Vítimas;600,1;BR-040/MG;Norte;Colisão traseira;2;3;0;0;0;0;1
01/11/2019;23:06:00;314;Acidente sem Vítimas;511,1;BR-040/MG;Sul;Choque c/ Objeto Fixo;1;1;0;0;0;0;1
05/11/2019;23:28:00;318;Acidente sem Vítimas;444,4;BR-040/MG;Sul;Tombamento;2;1;0;0;0;0;1
06/11/2019;06:46:00;105;Acidente sem Vítimas;444,698;BR-040/MG;Sul;Colisão lateral;1;2;0;0;0;0;1
06/11/2019;14:04:00;235;Acidente sem Vítimas;593,5;BR-040/MG;Norte;Colisão lateral;1;1;0;0;0;0;1
06/11/2019;16:19:00;265;Acidente com Vítimas;491,7;BR-040/MG;Norte;Colisão lateral;1;1;8;0;0;0;1
06/11/2019;17:17:00;275;Acidente sem Vítimas;408,541;BR-040/MG;Sul;Colisão lateral;1;3;0;0;0;0;1
07/11/2019;04:36:00;89;Acidente sem Vítimas;460,3;BR-040/MG;Sul;Tombamento;1;1;0;0;0;0;1
07/11/2019;05:47:00;96;Acidente com Vítimas;603,811;BR-040/MG;Norte;Colisão frontal;1;2;2;0;0;0;1
07/11/2019;06:17:00;100;Acidente sem Vítimas;559,453;BR-040/MG;Sul;Capotamento;1;1;0;0;0;0;1
07/11/2019;06:30:00;108;Acidente com Vítimas;579,579;BR-040/MG;Norte;Choque c/ Objeto Fixo;2;1;13;3;0;0;2
07/11/2019;17:19:00;261;Acidente sem Vítimas;254,2;BR-040/MG;Norte;Choque c/ Objeto Fixo;1;1;0;0;0;0;1
07/11/2019;19:00:00;281;Acidente sem Vítimas;8,1;BR-040/GO;Norte;Atropelamento de Animal;1;1;0;0;0;0;1
08/11/2019;11:03:00;171;Acidente sem Vítimas;527,8;BR-040/MG;Norte;Colisão lateral;1;1;0;0;0;0;1
08/11/2019;11:33:00;177;Acidente com Vítimas;49,1;BR-040/MG;Norte;Colisão frontal;1;3;0;0;1;0;2
08/11/2019;14:35:00;209;Acidente com Vítimas;112,1;BR-040/MG;Sul;Tombamento;1;2;0;0;0;0;1
09/11/2019;04:13:00;35;Acidente sem Vítimas;549,9;BR-040/MG;Sul;Colisão traseira;1;2;0;0;0;0;1
12/11/2019;13:35:00;184;Acidente com Vítimas;694,1;BR-040/MG;Sul;Colisão traseira;1;1;1;0;0;0;1
12/11/2019;14:14:00;193;Acidente com Vítimas;59,6;BR-040/GO;Sul;Colisão frontal;1;1;0;0;1;0;2
12/11/2019;21:24:00;279;Acidente sem Vítimas;506,125;BR-040/MG;Norte;Colisão traseira;1;2;0;0;0;0;1
13/11/2019;09:50:00;143;Acidente sem Vítimas;487,33;BR-040/MG;Sul;Colisão traseira;1;1;0;0;0;0;1
13/11/2019;18:24:00;242;Acidente sem Vítimas;455,9;BR-040/MG;Norte;Tombamento;1;1;0;0;0;0;1
13/11/2019;23:15:00;283;Acidente sem Vítimas;325,8;BR-040/MG;Sul;Atropelamento de Animal;1;1;0;0;0;0;1
14/11/2019;18:08:00;255;Acidente sem Vítimas;416,5;BR-040/MG;Sul;Tombamento;1;0;1;0;0;0;1
15/11/2019;10:00:00;94;Acidente com Vítimas;771,321;BR-040/MG;Sul;Choque c/ Objeto Fixo;1;1;0;1;0;0;2
16/11/2019;08:06:00;44;Acidente sem Vítimas;756,8;BR-040/MG;Sul;Tombamento;1;1;0;0;0;0;1
18/11/2019;10:20:00;161;Acidente sem Vítimas;590,12;BR-040/MG;Norte;Colisão traseira;1;0;1;0;0;0;1
18/11/2019;11:15:00;175;Acidente Fatal;749,465;BR-040/MG;Norte;Colisão frontal;1;0;0;0;0;1;3
18/11/2019;18:18:00;278;Acidente Fatal;607,4;BR-040/MG;Sul;Colisão transversal;2;3;0;0;0;1;3
20/11/2019;07:53:00;96;Acidente sem Vítimas;193,8;BR-040/MG;Sul;Tombamento;1;1;0;0;0;0;1
20/11/2019;15:08:00;190;Acidente sem Vítimas;155,1;BR-040/GO;Sul;Colisão traseira;1;2;0;0;0;0;1
21/11/2019;09:43:00;137;Acidente sem Vítimas;714,2;BR-040/MG;Sul;Colisão traseira;1;2;0;0;0;0;1
22/11/2019;15:52:00;302;Acidente sem Vítimas;444,4;BR-040/MG;Sul;Tombamento;1;2;0;0;0;0;1
22/11/2019;16:51:00;317;Acidente sem Vítimas;547,522;BR-040/MG;Norte;Colisão traseira;1;0;1;0;0;0;1
23/11/2019;02:03:00;9;Acidente sem Vítimas;442,3;BR-040/MG;Sul;Tombamento;1;1;0;0;0;0;1
23/11/2019;13:18:00;98;Acidente sem Vítimas;624,842;BR-040/MG;Sul;Tombamento;1;0;1;0;0;0;1
23/11/2019;15:32:00;130;Acidente com Vítimas;593,321;BR-040/MG;Norte;Capotamento;1;1;0;0;1;0;2
26/11/2019;18:56:00;278;Acidente com Vítimas;468,1;BR-040/MG;Sul;Choque c/ Objeto Fixo;1;0;1;0;0;0;1
26/11/2019;19:34:00;288;Acidente sem Vítimas;658,2;BR-040/MG;Sul;Colisão traseira;1;2;0;0;0;0;1
28/11/2019;17:28:00;209;Acidente com Vítimas;456,5;BR-040/MG;Norte;Tombamento;1;0;0;0;1;0;2
28/11/2019;19:48:00;257;Acidente sem Vítimas;590,1;BR-040/MG;Norte;Choque c/ Objeto Fixo;1;1;0;0;0;0;1
28/11/2019;21:27:00;269;Acidente sem Vítimas;464,9;BR-040/MG;Norte;Tombamento;1;1;0;0;0;0;1
28/11/2019;21:33:00;271;Acidente sem Vítimas;624,5;BR-040/MG;Sul;Tombamento;1;0;1;0;0;0;1
29/11/2019;17:53:00;246;Acidente com Vítimas;682,1;BR-040/MG;Sul;Atropelamento de Animal;1;0;1;0;0;0;1
30/11/2019;23:17:00;219;Acidente sem Vítimas;397,2;BR-040/MG;Norte;Colisão frontal;1;1;0;0;0;0;1
02/12/2019;17:16:00;254;Acidente sem Vítimas;703,8;BR-040/MG;Sul;Colisão lateral;1;2;0;0;0;0;1
02/12/2019;20:15:00;312;Acidente Fatal;680,153;BR-040/MG;Norte;Colisão traseira;1;0;0;1;0;1;3
02/12/2019;20:23:00;313;Acidente sem Vítimas;464,4;BR-040/MG;Norte;Choque c/ Objeto Fixo;1;1;0;0;0;0;1
02/12/2019;23:44:00;338;Acidente sem Vítimas;746,11;BR-040/MG;Sul;Atropelamento de Animal;1;1;0;0;0;0;1
03/12/2019;03:53:00;39;Acidente sem Vítimas;353,35;BR-040/MG;Sul;Colisão traseira;1;1;0;0;0;0;1
04/12/2019;00:22:00;4;Acidente sem Vítimas;461,5;BR-040/MG;Sul;Tombamento;1;2;0;0;0;0;1
04/12/2019;15:15:00;259;Acidente sem Vítimas;729,591;BR-040/MG;Sul;Tombamento;1;3;0;0;0;0;1
05/12/2019;03:35:00;13;Acidente sem Vítimas;554,135;BR-040/MG;Sul;Colisão traseira;1;1;0;0;0;0;1
05/12/2019;12:27:00;185;Acidente com Vítimas;565,394;BR-040/MG;Sul;Tombamento;1;0;0;1;1;0;2
06/12/2019;08:11:00;136;Acidente sem Vítimas;242,5;BR-040/MG;Sul;Colisão traseira;1;2;0;0;0;0;1
07/12/2019;00:23:00;4;Acidente com Vítimas;550,7;BR-040/MG;Norte;Tombamento;1;1;0;1;0;0;2
07/12/2019;08:08:00;94;Acidente com Vítimas;591,25;BR-040/MG;Norte;Tombamento;2;0;1;0;0;0;1
08/12/2019;20:56:00;169;Acidente com Vítimas;592,15;BR-040/MG;Sul;Colisão traseira;1;0;1;0;0;0;1
09/12/2019;12:33:00;161;Acidente sem Vítimas;726,665;BR-040/MG;Sul;Colisão traseira;1;3;0;0;0;0;1
09/12/2019;13:34:00;173;Acidente com Vítimas;622,132;BR-040/MG;Sul;Colisão frontal;1;1;0;1;0;0;2
09/12/2019;13:39:00;174;Acidente com Vítimas;12,5;BR-040/GO;Sul;Colisão traseira;1;1;0;1;0;0;2
09/12/2019;17:32:00;228;Acidente sem Vítimas;597,95;BR-040/MG;Norte;Colisão lateral;1;1;0;0;0;0;1
09/12/2019;19:43:00;257;Acidente sem Vítimas;529,23;BR-040/MG;Norte;Colisão traseira;1;6;0;0;0;0;1
10/12/2019;09:17:00;131;Acidente sem Vítimas;509,1;BR-040/MG;Sul;Tombamento;1;2;0;0;0;0;1
11/12/2019;09:30:00;153;Acidente sem Vítimas;506,1;BR-040/MG;Norte;Engavetamento;1;6;0;0;0;0;1
12/12/2019;10:00:00;179;Acidente sem Vítimas;696,535;BR-040/MG;Norte;Tombamento;1;1;0;0;0;0;1
13/12/2019;16:27:00;250;Acidente sem Vítimas;549,1;BR-040/MG;Sul;Colisão traseira;1;2;0;0;0;0;1
16/12/2019;13:14:00;220;Acidente sem Vítimas;595,525;BR-040/MG;Norte;Engavetamento;2;1;0;0;0;0;1
16/12/2019;18:26:00;306;Acidente sem Vítimas;515,1;BR-040/MG;Sul;Colisão traseira;1;1;0;0;0;0;1
16/12/2019;23:11:00;370;Acidente sem Vítimas;682,1;BR-040/MG;Norte;Colisão traseira;1;1;0;0;0;0;1
17/12/2019;17:32:00;322;Acidente sem Vítimas;1,3;BR-040/GO;Sul;Colisão lateral;1;2;0;0;0;0;1
17/12/2019;20:55:00;371;Acidente com Vítimas;598,1;BR-040/MG;Sul;Colisão traseira;1;2;0;0;1;0;2
18/12/2019;07:48:00;93;Acidente sem Vítimas;550,55;BR-040/MG;Sul;Engavetamento;1;1;0;0;0;0;1
18/12/2019;09:48:00;137;Acidente sem Vítimas;463,5;BR-040/MG;Sul;Colisão transversal;1;5;0;0;0;0;1
18/12/2019;14:40:00;197;Acidente sem Vítimas;728,6;BR-040/MG;Norte;Colisão lateral;1;1;0;0;0;0;1
18/12/2019;18:07:00;251;Acidente sem Vítimas;462,2;BR-040/MG;Norte;Colisão traseira;1;2;0;0;0;0;1
19/12/2019;00:57:00;50;Acidente sem Vítimas;358,25;BR-040/MG;Sul;Atropelamento de Animal;1;1;0;0;0;0;1
19/12/2019;17:20:00;272;Acidente sem Vítimas;462,5;BR-040/MG;Sul;Colisão traseira;1;2;0;0;0;0;1
20/12/2019;12:05:00;178;Acidente sem Vítimas;0,3;BR-040/GO;Sul;Colisão lateral;1;1;0;0;0;0;1
21/12/2019;12:50:00;171;Acidente sem Vítimas;632,1;BR-040/MG;Sul;Colisão traseira;1;2;0;0;0;0;1
22/12/2019;00:49:00;2;Acidente Fatal;136,9;BR-040/MG;Sul;Colisão traseira;1;3;0;0;0;2;3
22/12/2019;18:30:00;212;Acidente sem Vítimas;300,9;BR-040/MG;Norte;Tombamento;1;1;0;0;0;0;1
22/12/2019;23:08:00;278;Acidente sem Vítimas;41,287;BR-040/GO;Norte;Choque c/ Objeto Fixo;1;3;0;0;0;0;1
23/12/2019;06:03:00;96;Acidente com Vítimas;464,1;BR-040/MG;Sul;Tombamento;1;1;0;1;1;0;2
23/12/2019;19:51:00;293;Acidente sem Vítimas;588,1;BR-040/MG;Sul;Colisão lateral;1;2;0;0;0;0;1
24/12/2019;10:02:00;95;Acidente com Vítimas;532,6;BR-040/MG;Norte;Tombamento;1;1;1;0;0;0;1
24/12/2019;10:21:00;97;Acidente sem Vítimas;714,5;BR-040/MG;Norte;Colisão lateral;1;2;0;0;0;0;1
24/12/2019;12:24:00;114;Acidente sem Vítimas;525,7;BR-040/MG;Sul;Colisão lateral;1;2;0;0;0;0;1
24/12/2019;16:23:00;152;Acidente sem Vítimas;541,2;BR-040/MG;Norte;Colisão lateral;1;2;0;0;0;0;1
24/12/2019;20:55:00;196;Acidente sem Vítimas;762,5;BR-040/MG;Norte;Queda de Ribanceira;1;1;0;0;0;0;1
26/12/2019;08:07:00;127;Acidente com Vítimas;129,9;BR-040/MG;Norte;Colisão traseira;1;3;2;0;0;0;1
26/12/2019;14:01:00;223;Acidente com Vítimas;145,1;BR-040/MG;Norte;Colisão lateral;1;0;1;1;0;0;2
26/12/2019;15:18:00;243;Acidente sem Vítimas;322,1;BR-040/MG;Norte;Outros;1;2;0;0;0;0;1
27/12/2019;10:42:00;158;Acidente sem Vítimas;607,146;BR-040/MG;Sul;Outros;1;1;0;0;0;0;1
27/12/2019;17:52:00;257;Acidente sem Vítimas;620,25;BR-040/MG;Norte;Outros;1;3;0;0;0;0;1
27/12/2019;21:21:00;309;Acidente com Vítimas;511,35;BR-040/MG;Sul;Colisão lateral;1;1;1;0;0;0;1
29/12/2019;06:53:00;34;Acidente com Vítimas;30,3;BR-040/GO;Norte;Atropelamento de Pedestre;1;3;0;0;1;0;2
31/12/2019;07:36:00;82;Acidente sem Vítimas;693,2;BR-040/MG;Sul;Colisão traseira;1;2;0;0;0;0;1
31/12/2019;08:11:00;87;Acidente com Vítimas;528,9;BR-040/MG;Norte;Colisão traseira;1;1;0;1;0;0;2
02/06/2020;18:35:00;248;Acidente sem Vítimas;523,1;BR-040/MG;Sul;Choque com objeto;2;12;0;0;0;0;1
04/06/2020;08:29:00;119;Acidente com Vítimas;510,8;BR-040/MG;Norte;Colisão traseira;1;1;0;1;0;0;2
04/06/2020;12:45:00;183;Acidente sem Vítimas;608,135;BR-040/MG;Sul;Colisão transversal;1;2;0;0;0;0;1
05/06/2020;15:48:00;203;Acidente sem Vítimas;526,7;BR-040/MG;Norte;Colisão lateral;1;2;0;0;0;0;1
05/06/2020;17:48:00;232;Acidente sem Vítimas;636,5;BR-040/MG;Sul;Colisão lateral;1;0;0;0;0;0;1
09/06/2020;23:34:00;303;Acidente sem Vítimas;728,2;BR-040/MG;Sul;Colisão traseira;1;0;0;0;0;0;1
10/06/2020;09:37:00;163;Acidente com Vítimas;540,29;BR-040/MG;Sul;Colisão traseira;1;2;0;1;0;0;2
12/06/2020;02:01:00;13;Acidente com Vítimas;436,15;BR-040/MG;Sul;Colisão traseira;1;2;1;0;0;0;1
16/06/2020;19:52:00;266;Acidente sem Vítimas;405,35;BR-040/MG;Sul;Colisão traseira;1;2;0;0;0;0;1
17/06/2020;07:59:00;117;Acidente sem Vítimas;522,5;BR-040/MG;Sul;Engavetamento;1;4;0;0;0;0;1
17/06/2020;18:37:00;267;Acidente sem Vítimas;543,2;BR-040/MG;Norte;Choque c/ Objeto Fixo;1;1;0;0;0;0;1
18/06/2020;13:46:00;186;Acidente sem Vítimas;545,1;BR-040/MG;Sul;Colisão traseira;1;0;0;0;0;0;1
18/06/2020;22:39:00;293;Acidente sem Vítimas;461,32;BR-040/MG;Sul;Capotamento;1;4;0;0;0;0;1
21/06/2020;00:54:00;3;Acidente sem Vítimas;425,4;BR-040/MG;Sul;Tombamento;1;1;0;0;0;0;1
21/06/2020;17:15:00;158;Acidente com Vítimas;603,2;BR-040/MG;Norte;Tombamento;2;2;0;1;0;0;2
22/06/2020;12:29:00;222;Acidente sem Vítimas;516,3;BR-040/MG;Norte;Colisão traseira;1;2;0;0;0;0;1
24/06/2020;06:05:00;97;Acidente sem Vítimas;524,8;BR-040/MG;Sul;Capotamento;1;2;0;0;0;0;1
24/06/2020;11:46:00;165;Acidente sem Vítimas;534,1;BR-040/MG;Norte;Colisão lateral;2;3;0;0;0;0;1
24/06/2020;19:50:00;263;Acidente sem Vítimas;477,1;BR-040/MG;Norte;Colisão traseira;1;1;0;0;0;0;1
24/06/2020;22:59:00;294;Acidente sem Vítimas;455,5;BR-040/MG;Norte;Choque com objeto;1;1;0;0;0;0;1
24/06/2020;23:58:00;299;Acidente sem Vítimas;458,2;BR-040/MG;Sul;Tombamento;1;1;0;0;0;0;1
25/06/2020;19:39:00;306;Acidente sem Vítimas;426,3;BR-040/MG;Sul;Tombamento;1;1;0;0;0;0;1
26/06/2020;08:42:00;146;Acidente com Vítimas;545,145;BR-040/MG;Sul;Tombamento de Moto;1;1;0;1;0;0;2
26/06/2020;15:16:00;238;Acidente sem Vítimas;463,52;BR-040/MG;Norte;Colisão lateral;1;2;0;0;0;0;1
26/06/2020;19:33:00;314;Acidente sem Vítimas;614,1;BR-040/MG;Sul;Colisão traseira;1;2;0;0;0;0;1
26/06/2020;23:21:00;351;Acidente sem Vítimas;138,9;BR-040/MG;Norte;Colisão frontal;1;0;0;0;0;0;1
29/06/2020;08:16:00;139;Acidente sem Vítimas;452,8;BR-040/MG;Sul;Tombamento;1;2;0;0;0;0;1
29/06/2020;10:44:00;180;Acidente sem Vítimas;643,7;BR-040/MG;Sul;Colisão traseira;1;2;0;0;0;0;1
29/06/2020;15:59:00;239;Acidente sem Vítimas;466,2;BR-040/MG;Norte;Colisão frontal;1;3;0;0;0;0;1
29/06/2020;17:15:00;252;Acidente com Vítimas;541,2;BR-040/MG;Norte;Colisão lateral;1;3;1;0;0;0;1
01/04/2020;15:51:00;199;Acidente sem Vítimas;463,1;BR-040/MG;Norte;Colisão transversal;1;2;0;0;0;0;1
02/04/2020;07:52:00;143;Acidente sem Vítimas;451,4;BR-040/MG;Sul;Choque c/ Objeto Fixo;1;1;0;0;0;0;1
03/04/2020;05:28:00;102;Acidente com Vítimas;121,4;BR-040/GO;Sul;Choque c/ Objeto Fixo;1;0;1;1;0;0;2
03/04/2020;09:47:00;150;Acidente sem Vítimas;438,9;BR-040/MG;Sul;Tombamento;2;1;0;0;0;0;1
05/04/2020;20:18:00;158;Acidente sem Vítimas;18,6;BR-040/GO;Norte;Outros;1;1;0;0;0;0;1
07/04/2020;10:09:00;145;Acidente sem Vítimas;465,15;BR-040/MG;Norte;Tombamento;1;1;0;0;0;0;1
08/04/2020;10:42:00;164;Acidente com Vítimas;94,5;BR-040/GO;Norte;Outros;1;1;1;0;0;0;1
08/04/2020;15:17:00;201;Acidente sem Vítimas;504,1;BR-040/MG;Norte;Choque c/ Objeto Fixo;1;1;0;0;0;0;1
08/04/2020;16:15:00;211;Acidente com Vítimas;465,1;BR-040/MG;Norte;Engavetamento;1;3;0;1;0;0;2
09/04/2020;13:40:00;195;Acidente sem Vítimas;16,1;BR-040/GO;Sul;Colisão traseira;1;0;0;0;0;0;1
10/04/2020;20:51:00;159;Acidente sem Vítimas;134,1;BR-040/GO;Sul;Colisão traseira;1;2;0;0;0;0;1
11/04/2020;21:57:00;144;Acidente sem Vítimas;555,2;BR-040/MG;Norte;Colisão traseira;1;2;0;0;0;0;1
12/04/2020;23:11:00;189;Acidente com Vítimas;739,5;BR-040/MG;Norte;Tombamento;1;0;0;1;0;0;2
17/04/2020;08:59:00;146;Acidente com Vítimas;3,4;BR-040/GO;Sul;Choque c/ Objeto Fixo;1;2;1;0;0;0;1
18/04/2020;07:55:00;77;Acidente com Vítimas;623,781;BR-040/MG;Norte;Queda de Ribanceira;1;0;1;0;0;0;1
22/04/2020;16:47:00;248;Acidente com Vítimas;63,8;BR-040/GO;Sul;Tombamento;1;0;1;0;0;0;1
22/04/2020;18:44:00;271;Acidente com Vítimas;476,1;BR-040/MG;Norte;Colisão traseira;1;1;0;0;1;0;2
22/04/2020;21:18:00;298;Acidente sem Vítimas;601,3;BR-040/MG;Norte;Colisão traseira;2;2;0;0;0;0;1
23/04/2020;07:25:00;134;Acidente sem Vítimas;7,8;BR-040/DF;Sul;Tombamento;1;0;0;0;0;0;1
24/04/2020;06:44:00;105;Acidente sem Vítimas;585;BR-040/MG;Norte;Colisão transversal;1;1;0;0;0;0;1
26/04/2020;15:03:00;87;Acidente com Vítimas;468,45;BR-040/MG;Norte;Tombamento;2;0;1;0;0;0;1
27/04/2020;21:27:00;275;Acidente com Vítimas;549,1;BR-040/MG;Sul;Colisão traseira;1;2;0;1;0;0;2
29/04/2020;16:52:00;231;Acidente sem Vítimas;5,1;BR-040/DF;Sul;Colisão traseira;2;4;0;0;0;0;1
02/02/2020;15:29:00;114;Acidente Fatal;638,15;BR-040/MG;Sul;Colisão frontal;1;2;0;1;1;2;3
02/02/2020;19:26:00;164;Acidente Fatal;565,2;BR-040/MG;Norte;Colisão frontal;1;2;0;0;0;1;3
03/02/2020;05:16:00;79;Acidente com Vítimas;358,1;BR-040/MG;Norte;Colisão lateral;1;1;1;0;0;0;1
03/02/2020;09:36:00;138;Acidente com Vítimas;57,9;BR-040/GO;Sul;Colisão lateral;1;0;5;0;0;0;1
05/02/2020;23:12:00;325;Acidente com Vítimas;562,5;BR-040/MG;Sul;Choque c/ Objeto Fixo;1;0;0;1;0;0;2
06/02/2020;23:49:00;341;Acidente com Vítimas;600,1;BR-040/MG;Sul;Colisão transversal;1;44;2;2;0;0;2
07/02/2020;21:54:00;341;Acidente sem Vítimas;475,1;BR-040/MG;Norte;Colisão traseira;1;2;0;0;0;0;1
09/02/2020;11:07:00;61;Acidente sem Vítimas;749,1;BR-040/MG;Norte;Choque c/ Objeto Fixo;1;1;0;0;0;0;1
11/02/2020;01:38:00;48;Acidente sem Vítimas;748,1;BR-040/MG;Sul;Tombamento;1;1;0;0;0;0;1
11/02/2020;21:42:00;292;Acidente sem Vítimas;15,1;BR-040/MG;Norte;Tombamento;1;2;0;0;0;0;1
12/02/2020;08:34:00;131;Acidente com Vítimas;443,7;BR-040/MG;Sul;Tombamento;1;0;1;0;0;0;1
12/02/2020;12:19:00;183;Acidente sem Vítimas;733,15;BR-040/MG;Norte;Choque c/ Objeto Fixo;2;1;0;0;0;0;1
12/02/2020;14:53:00;213;Acidente sem Vítimas;532,5;BR-040/MG;Sul;Colisão lateral;1;0;0;0;0;0;1
13/02/2020;02:31:00;64;Acidente sem Vítimas;668,5;BR-040/MG;Norte;Choque c/ Objeto Fixo;1;0;1;0;0;0;1
13/02/2020;06:00:00;118;Acidente sem Vítimas;282,8;BR-040/MG;Norte;Colisão lateral;1;6;0;0;0;0;1
13/02/2020;06:45:00;136;Acidente sem Vítimas;126,1;BR-040/MG;Norte;Colisão traseira;1;2;0;0;0;0;1
14/02/2020;13:39:00;251;Acidente sem Vítimas;6,8;BR-040/GO;Sul;Tombamento;1;0;0;0;0;0;1
15/02/2020;06:52:00;92;Acidente sem Vítimas;103,1;BR-040/MG;Norte;Tombamento;1;1;0;0;0;0;1