data;horario;n_da_ocorrencia;tipo_de_ocorrencia;km;trecho;sentido;tipo_de_acidente;caminhao;ilesos;levemente_feridos;moderadamente_feridos;gravemente_feridos;mortos;3
15/02/2020;14:42:00;235;Acidente sem Vítimas;7,4;BR-040/DF;Sul;Choque c/ Objeto Fixo;1;0;0;0;0;0;1
16/02/2020;11:55:00;102;Acidente sem Vítimas;579,32;BR-040/MG;Sul;Colisão traseira;1;2;0;0;0;0;1
17/02/2020;05:22:00;110;Acidente sem Vítimas;6,2;BR-040/GO;Norte;Colisão lateral;1;5;0;0;0;0;1
17/02/2020;13:23:00;243;Acidente sem Vítimas;535,5;BR-040/MG;Sul;Colisão traseira;1;0;0;0;0;0;1
17/02/2020;19:47:00;359;Acidente com Vítimas;105,5;BR-040/GO;Sul;Tombamento;1;2;0;0;0;0;1
19/02/2020;14:59:00;245;Acidente com Vítimas;343,2;BR-040/MG;Norte;Outros;1;0;0;0;1;0;2
21/02/2020;02:27:00;79;Acidente sem Vítimas;754,4;BR-040/MG;Sul;Tombamento;1;1;0;0;0;0;1
22/02/2020;14:45:00;208;Acidente com Vítimas;6,7;BR-040/DF;Sul;Tombamento;1;0;1;0;0;0;1
22/02/2020;19:05:00;277;Acidente sem Vítimas;416,1;BR-040/MG;Norte;Colisão lateral;2;3;0;0;0;0;1
27/02/2020;18:14:00;356;Acidente sem Vítimas;497,15;BR-040/MG;Norte;Colisão lateral;1;0;0;0;0;0;1
28/02/2020;20:00:00;316;Acidente sem Vítimas;457,2;BR-040/MG;Norte;Colisão traseira;1;2;0;0;0;0;1
28/02/2020;22:52:00;355;Acidente com Vítimas;431,9;BR-040/MG;Norte;Colisão traseira;1;0;1;0;0;0;1
01/07/2020;11:18:00;179;Acidente sem Vítimas;4,5;BR-040/DF;Sul;Colisão traseira;1;2;0;0;0;0;1
02/07/2020;10:12:00;155;Acidente com Vítimas;769,9;BR-040/MG;Norte;Colisão transversal;1;1;0;1;0;0;2
03/07/2020;08:29:00;145;Acidente sem Vítimas;324,9;BR-040/MG;Norte;Colisão traseira;1;3;0;0;0;0;1
03/07/2020;18:36:00;279;Acidente com Vítimas;615,3;BR-040/MG;Sul;Colisão traseira;1;2;1;0;0;0;1
05/07/2020;19:04:00;172;Acidente sem Vítimas;605,2;BR-040/MG;Norte;Colisão traseira;1;5;0;0;0;0;1
06/07/2020;09:01:00;122;Acidente sem Vítimas;599,3;BR-040/MG;Norte;Choque c/ Objeto Fixo;1;1;0;0;0;0;1
06/07/2020;19:42:00;273;Acidente sem Vítimas;729,5;BR-040/MG;Sul;Choque c/ Objeto Fixo;1;1;0;0;0;0;1
07/07/2020;06:49:00;97;Acidente com Vítimas;478,3;BR-040/MG;Norte;Colisão traseira;1;0;1;0;0;0;1
07/07/2020;11:16:00;162;Acidente sem Vítimas;502,258;BR-040/MG;Norte;Tombamento;1;1;0;0;0;0;1
07/07/2020;11:26:00;167;Acidente com Vítimas;530;BR-040/MG;Norte;Engavetamento;1;3;1;0;0;0;1
07/07/2020;11:54:00;176;Acidente sem Vítimas;12,3;BR-040/GO;Norte;Colisão traseira;1;2;0;0;0;0;1
08/07/2020;01:51:00;79;Acidente sem Vítimas;456,1;BR-040/MG;Sul;Colisão traseira;2;2;0;0;0;0;1
09/07/2020;13:09:00;186;Acidente sem Vítimas;685,506;BR-040/MG;Sul;Outros;1;0;0;0;0;0;1
09/07/2020;21:35:00;287;Acidente Fatal;534,1;BR-040/MG;Norte;Colisão traseira;1;1;0;0;0;1;3
10/07/2020;05:41:00;98;Acidente sem Vítimas;614,2;BR-040/MG;Norte;Colisão traseira;2;2;0;0;0;0;1
12/07/2020;16:44:00;144;Acidente sem Vítimas;700,39;BR-040/MG;Sul;Colisão lateral;1;3;0;0;0;0;1
13/07/2020;10:59:00;154;Acidente com Vítimas;519,3;BR-040/MG;Sul;Engavetamento;1;3;0;2;0;0;2
13/07/2020;14:19:00;199;Acidente com Vítimas;29,8;BR-040/GO;Norte;Colisão traseira;1;2;4;0;0;0;1
14/07/2020;07:00:00;98;Acidente com Vítimas;415,2;BR-040/MG;Norte;Colisão lateral;1;2;10;0;1;0;2
14/07/2020;17:36:00;248;Acidente sem Vítimas;509,5;BR-040/MG;Norte;Colisão lateral;2;3;0;0;0;0;1
16/07/2020;05:33:00;110;Acidente sem Vítimas;525,5;BR-040/MG;Sul;Engavetamento;1;0;0;0;0;0;1
16/07/2020;07:25:00;135;Acidente sem Vítimas;533,123;BR-040/MG;Norte;Colisão lateral;1;0;0;0;0;0;1
17/07/2020;15:52:00;228;Acidente com Vítimas;746,5;BR-040/MG;Norte;Atropelamento de Ciclista;1;1;0;1;0;0;2
19/07/2020;22:21:00;249;Acidente sem Vítimas;363,1;BR-040/MG;Sul;Choque c/ Objeto Fixo;1;1;0;0;0;0;1
20/07/2020;01:50:00;53;Acidente sem Vítimas;445,2;BR-040/MG;Sul;Tombamento;1;0;0;0;0;0;1
20/07/2020;02:15:00;55;Acidente sem Vítimas;557,9;BR-040/MG;Norte;Choque c/ Objeto Fixo;1;1;0;0;0;0;1
20/07/2020;15:38:00;241;Acidente com Vítimas;720,45;BR-040/MG;Norte;Colisão traseira;1;0;1;0;0;0;1
21/07/2020;14:51:00;211;Acidente com Vítimas;559,99;BR-040/MG;Norte;Engavetamento;1;18;1;0;0;0;1
21/07/2020;19:15:00;249;Acidente sem Vítimas;427,1;BR-040/MG;Sul;Colisão traseira;1;2;0;0;0;0;1
22/07/2020;16:23:00;234;Acidente com Vítimas;617,3;BR-040/MG;Norte;Colisão transversal;1;3;0;0;0;0;1
24/07/2020;11:21:00;195;Acidente sem Vítimas;756,8;BR-040/MG;Sul;Choque c/ Objeto Fixo;1;0;0;0;0;0;1
25/07/2020;08:27:00;49;Acidente com Vítimas;562,5;BR-040/MG;Sul;Colisão traseira;1;0;1;0;0;0;1
25/07/2020;09:12:00;58;Acidente sem Vítimas;523,7;BR-040/MG;Norte;Colisão lateral;1;2;0;0;0;0;1
25/07/2020;19:22:00;160;Acidente Fatal;600,4;BR-040/MG;Norte;Colisão frontal;1;3;0;0;0;1;3
26/07/2020;18:51:00;183;Acidente com Vítimas;280,8;BR-040/MG;Sul;Colisão traseira;1;1;0;0;0;0;1
27/07/2020;08:26:00;142;Acidente com Vítimas;1,7;BR-040/GO;Sul;Colisão lateral;1;2;0;1;0;0;2
27/07/2020;13:44:00;238;Acidente com Vítimas;350,7;BR-040/MG;Norte;Engavetamento;1;3;0;0;0;0;1
29/07/2020;14:23:00;174;Acidente sem Vítimas;601,23;BR-040/MG;Norte;Colisão traseira;1;0;0;0;0;0;1
01/03/2020;03:55:00;20;Acidente sem Vítimas;522,15;BR-040/MG;Norte;Atropelamento de Animal;1;1;0;0;0;0;1
01/03/2020;13:11:00;110;Acidente sem Vítimas;403,16;BR-040/MG;Sul;Colisão frontal;1;2;0;0;0;0;1
01/03/2020;15:15:00;141;Acidente com Vítimas;523,4;BR-040/MG;Sul;Engavetamento;1;2;0;1;0;0;2
02/03/2020;04:34:00;71;Acidente sem Vítimas;7,4;BR-040/DF;Norte;Colisão traseira;1;2;0;0;0;0;1
03/03/2020;06:39:00;109;Acidente Fatal;501,1;BR-040/MG;Norte;Tombamento;1;0;0;0;0;1;3
04/03/2020;11:35:00;211;Acidente com Vítimas;526,1;BR-040/MG;Norte;Colisão traseira;1;1;0;1;0;0;2
04/03/2020;19:15:00;351;Acidente sem Vítimas;360,2;BR-040/MG;Sul;Colisão traseira;1;2;0;0;0;0;1
06/03/2020;06:31:00;99;Acidente sem Vítimas;710,658;BR-040/MG;Norte;Choque c/ Objeto Fixo;1;1;0;0;0;0;1
06/03/2020;16:55:00;264;Acidente sem Vítimas;68,3;BR-040/GO;Sul;Capotamento;1;0;0;0;0;0;1
07/03/2020;17:22:00;256;Acidente sem Vítimas;9,7;BR-040/GO;Norte;Colisão transversal;2;2;0;0;0;0;1
08/03/2020;19:49:00;226;Acidente sem Vítimas;624,5;BR-040/MG;Norte;Choque c/ Objeto Fixo;1;2;0;0;0;0;1
09/03/2020;06:09:00;116;Acidente com Vítimas;523,278;BR-040/MG;Sul;Tombamento de Moto;1;2;1;0;0;0;1
09/03/2020;07:15:00;127;Acidente com Vítimas;17,15;BR-040/GO;Norte;Tombamento;1;0;0;0;0;0;1
09/03/2020;20:06:00;345;Acidente com Vítimas;522,1;BR-040/MG;Norte;Colisão lateral;1;5;2;0;0;0;1
12/03/2020;10:50:00;197;Acidente sem Vítimas;523,1;BR-040/MG;Sul;Colisão traseira;1;2;0;0;0;0;1
12/03/2020;22:28:00;341;Acidente sem Vítimas;4,4;BR-040/GO;Sul;Colisão lateral;1;2;0;0;0;0;1
13/03/2020;08:21:00;148;Acidente com Vítimas;506,49;BR-040/MG;Sul;Colisão lateral;1;3;0;1;0;0;2
13/03/2020;14:43:00;233;Acidente sem Vítimas;590,3;BR-040/MG;Norte;Choque c/ Objeto Fixo;2;5;0;0;0;0;1
15/03/2020;20:47:00;216;Acidente com Vítimas;588,5;BR-040/MG;Norte;Colisão lateral;1;0;0;2;0;0;2
17/03/2020;15:00:00;241;Acidente sem Vítimas;8,7;BR-040/GO;Norte;Colisão traseira;1;0;0;0;0;0;1
17/03/2020;19:44:00;301;Acidente com Vítimas;339,5;BR-040/MG;Sul;Atropelamento de Pedestre;1;2;0;1;0;0;2
19/03/2020;20:40:00;297;Acidente com Vítimas;532,6;BR-040/MG;Sul;Engavetamento;1;3;0;0;0;0;1
19/03/2020;23:25:00;323;Acidente sem Vítimas;474,2;BR-040/MG;Sul;Colisão traseira;1;1;0;0;0;0;1
20/03/2020;09:59:00;164;Acidente sem Vítimas;579,1;BR-040/MG;Norte;Colisão transversal;1;2;0;0;0;0;1
20/03/2020;10:01:00;162;Acidente com Vítimas;6,8;BR-040/DF;Norte;Colisão frontal;1;2;0;0;0;0;1
20/03/2020;11:05:00;179;Acidente com Vítimas;487,85;BR-040/MG;Norte;Colisão traseira;1;0;2;0;0;0;1
20/03/2020;14:12:00;213;Acidente sem Vítimas;738,3;BR-040/MG;Sul;Colisão transversal;1;2;0;0;0;0;1
20/03/2020;16:12:00;242;Acidente Fatal;537,5;BR-040/MG;Norte;Engavetamento;2;3;7;0;1;3;3
20/03/2020;23:15:00;311;Acidente sem Vítimas;676,5;BR-040/MG;Sul;Tombamento;1;1;0;0;0;0;1
22/03/2020;16:43:00;162;Acidente com Vítimas;683,38;BR-040/MG;Sul;Capotamento;1;0;0;1;0;0;2
23/03/2020;16:08:00;219;Acidente com Vítimas;628,25;BR-040/MG;Norte;Colisão traseira;1;0;1;0;0;0;1
24/03/2020;05:42:00;86;Acidente com Vítimas;27,2;BR-040/GO;Norte;Colisão transversal;1;2;0;0;0;0;1
24/03/2020;21:59:00;267;Acidente sem Vítimas;520,9;BR-040/MG;Sul;Colisão traseira;2;2;0;0;0;0;1
25/03/2020;09:37:00;136;Acidente sem Vítimas;528,4;BR-040/MG;Sul;Colisão traseira;1;2;0;0;0;0;1
27/03/2020;20:31:00;267;Acidente sem Vítimas;488,2;BR-040/MG;Sul;Colisão lateral;1;4;0;0;0;0;1
01/05/2020;04:48:00;15;Acidente sem Vítimas;507,15;BR-040/MG;Sul;Capotamento;1;1;0;0;0;0;1
01/05/2020;13:07:00;97;Acidente sem Vítimas;504,1;BR-040/MG;Sul;Engavetamento;1;3;0;0;0;0;1
02/05/2020;09:12:00;39;Acidente sem Vítimas;175,2;BR-040/MG;Norte;Tombamento;1;0;0;0;0;0;1
04/05/2020;08:49:00;139;Acidente com Vítimas;563,8;Fora_Rota;Sul;Colisão traseira;1;3;0;0;0;0;1
04/05/2020;09:20:00;149;Acidente sem Vítimas;463,8;BR-040/MG;Sul;Colisão traseira;1;2;0;0;0;0;1
06/05/2020;02:19:00;79;Acidente sem Vítimas;463,9;BR-040/MG;Sul;Atropelamento de Animal;2;1;0;0;0;0;1
06/05/2020;06:12:00;99;Acidente sem Vítimas;19,1;BR-040/MG;Sul;Tombamento;1;1;0;0;0;0;1
07/05/2020;00:38:00;34;Acidente sem Vítimas;507,5;BR-040/MG;Norte;Choque c/ Objeto Fixo;1;1;0;0;0;0;1
07/05/2020;03:25:00;43;Acidente com Vítimas;728,1;BR-040/MG;Sul;Choque com objeto;1;2;0;0;0;0;1
07/05/2020;11:43:00;172;Acidente sem Vítimas;540,45;BR-040/MG;Sul;Choque c/ Objeto Fixo;1;2;0;0;0;0;1
07/05/2020;12:29:00;180;Acidente sem Vítimas;511,1;BR-040/MG;Norte;Colisão lateral;1;2;0;0;0;0;1
09/05/2020;23:50:00;233;Acidente sem Vítimas;273,8;BR-040/MG;Norte;Colisão traseira;1;2;0;0;0;0;1
11/05/2020;07:35:00;109;Acidente sem Vítimas;2,5;BR-040/GO;Sul;Colisão transversal;1;2;0;0;0;0;1
12/05/2020;20:19:00;254;Acidente sem Vítimas;131,3;BR-040/GO;Sul;Choque c/ Objeto Fixo;1;1;0;0;0;0;1
13/05/2020;08:56:00;124;Acidente com Vítimas;463,1;BR-040/MG;Sul;Engavetamento;1;2;1;0;0;0;1
13/05/2020;15:18:00;222;Acidente sem Vítimas;5,3;BR-040/GO;Norte;Colisão traseira;1;3;0;0;0;0;1
14/05/2020;12:55:00;188;Acidente sem Vítimas;618,3;BR-040/MG;Norte;Colisão traseira;2;2;0;0;0;0;1
15/05/2020;11:40:00;160;Acidente sem Vítimas;674,12;BR-040/MG;Sul;Tombamento;1;0;0;0;0;0;1
16/05/2020;12:26:00;99;Acidente sem Vítimas;595,2;BR-040/MG;Norte;Choque c/ Objeto Fixo;1;1;0;0;0;0;1
16/05/2020;23:29:00;187;Acidente sem Vítimas;34,1;BR-040/MG;Sul;Choque com objeto;1;1;0;0;0;0;1
17/05/2020;08:51:00;32;Acidente sem Vítimas;729,8;BR-040/MG;Sul;Choque c/ Objeto Fixo;2;3;0;0;0;0;1
17/05/2020;16:51:00;119;Acidente com Vítimas;441,1;BR-040/MG;Sul;Tombamento;1;1;1;0;0;0;1
17/05/2020;21:52:00;180;Acidente sem Vítimas;633,3;BR-040/MG;Sul;Colisão transversal;1;2;0;0;0;0;1
18/05/2020;05:18:00;79;Acidente sem Vítimas;541,5;BR-040/MG;Norte;Tombamento;1;0;0;0;0;0;1
18/05/2020;21:03:00;270;Acidente sem Vítimas;455,1;BR-040/MG;Sul;Tombamento;1;1;0;0;0;0;1
19/05/2020;10:45:00;153;Acidente sem Vítimas;448,3;BR-040/MG;Sul;Capotamento;1;1;0;0;0;0;1
19/05/2020;16:17:00;212;Acidente sem Vítimas;526,8;BR-040/MG;Sul;Colisão traseira;1;0;0;0;0;0;1
21/05/2020;05:23:00;108;Acidente sem Vítimas;611,5;BR-040/MG;Sul;Atropelamento de Animal;1;1;0;0;0;0;1
21/05/2020;15:41:00;235;Acidente sem Vítimas;756,45;BR-040/MG;Norte;Colisão traseira;1;2;0;0;0;0;1
21/05/2020;16:11:00;239;Acidente com Vítimas;737,85;BR-040/MG;Sul;Tombamento;1;0;0;1;0;0;2
21/05/2020;17:03:00;245;Acidente com Vítimas;658,7;BR-040/MG;Sul;Colisão transversal;1;1;1;0;0;0;1
21/05/2020;18:08:00;256;Acidente Fatal;544,5;BR-040/MG;Sul;Atropelamento de Pedestre;1;3;0;0;0;1;3
22/05/2020;16:28:00;218;Acidente sem Vítimas;4,3;BR-040/GO;Norte;Colisão lateral;1;3;0;0;0;0;1
22/05/2020;18:50:00;253;Acidente sem Vítimas;647,365;BR-040/MG;Norte;Atropelamento de Animal;1;2;0;0;0;0;1
23/05/2020;08:02:00;40;Acidente sem Vítimas;405,1;BR-040/MG;Sul;Colisão traseira;1;2;0;0;0;0;1
23/05/2020;17:04:00;154;Acidente sem Vítimas;762,9;BR-040/MG;Norte;Colisão transversal;1;0;0;0;0;0;1
24/05/2020;19:54:00;147;Acidente com Vítimas;555,4;BR-040/MG;Sul;Colisão traseira;1;3;1;0;0;0;1
27/05/2020;17:11:00;247;Acidente sem Vítimas;534,1;BR-040/MG;Sul;Colisão transversal;1;0;0;0;0;0;1
27/05/2020;17:46:00;254;Acidente sem Vítimas;459,2;BR-040/MG;Sul;Tombamento;1;0;0;0;0;0;1
30/05/2020;13:48:00;117;Acidente Fatal;481,356;BR-040/MG;Sul;Colisão transversal;1;1;0;0;0;1;3
30/05/2020;14:09:00;122;Acidente sem Vítimas;587,92;BR-040/MG;Sul;Choque c/ Objeto Fixo;1;1;0;0;0;0;1
02/01/2020;12:37:00;174;Acidente sem Vítimas;749,1;BR-040/MG;Sul;Colisão transversal;1;0;0;0;0;0;1
02/01/2020;15:24:00;212;Acidente sem Vítimas;641,323;BR-040/MG;Norte;Outros;1;0;0;0;0;0;1
03/01/2020;03:16:00;5;Acidente com Vítimas;92,4;BR-040/GO;Sul;Colisão transversal;1;1;1;0;0;0;1
03/01/2020;07:39:00;114;Acidente sem Vítimas;739,5;BR-040/MG;Norte;Tombamento;1;0;0;0;0;0;1
03/01/2020;08:50:00;130;Acidente sem Vítimas;738,45;BR-040/MG;Sul;Capotamento;2;0;0;0;0;0;1
05/01/2020;08:06:00;48;Acidente com Vítimas;93,5;BR-040/GO;Sul;Colisão transversal;1;2;1;0;1;0;2
06/01/2020;04:28:00;74;Acidente sem Vítimas;569,7;BR-040/MG;Norte;Colisão frontal;1;2;0;0;0;0;1
06/01/2020;18:47:00;269;Acidente sem Vítimas;510,2;BR-040/MG;Norte;Colisão lateral;1;2;0;0;0;0;1
07/01/2020;03:24:00;73;Acidente sem Vítimas;447,256;BR-040/MG;Norte;Choque c/ Objeto Fixo;1;2;0;0;0;0;1
07/01/2020;08:59:00;134;Acidente sem Vítimas;700,1;BR-040/MG;Sul;Tombamento;1;0;0;0;0;0;1
07/01/2020;13:51:00;218;Acidente com Vítimas;696,546;BR-040/MG;Norte;Outros;1;0;0;1;0;0;2
08/01/2020;20:51:00;306;Acidente sem Vítimas;605;BR-040/MG;Sul;Choque c/ Objeto Fixo;1;0;0;0;0;0;1
09/01/2020;09:36:00;145;Acidente sem Vítimas;540,9;BR-040/MG;Sul;Engavetamento;1;3;0;0;0;0;1
10/01/2020;07:46:00;136;Acidente sem Vítimas;765,8;BR-040/MG;Sul;Tombamento;1;0;0;0;0;0;1
10/01/2020;10:39:00;173;Acidente com Vítimas;517,15;BR-040/MG;Sul;Tombamento de Moto;1;1;0;1;0;0;2
15/01/2020;13:57:00;216;Acidente sem Vítimas;532,85;BR-040/MG;Sul;Engavetamento;1;2;0;0;0;0;1
16/01/2020;10:00:00;187;Acidente sem Vítimas;731,4;BR-040/MG;Norte;Colisão traseira;1;1;0;0;0;0;1
16/01/2020;14:37:00;246;Acidente sem Vítimas;498,9;BR-040/MG;Norte;Tombamento;1;1;0;0;0;0;1
16/01/2020;17:05:00;275;Acidente sem Vítimas;6,1;BR-040/GO;Sul;Colisão lateral;1;0;0;0;0;0;1
17/01/2020;05:19:00;105;Acidente sem Vítimas;587,3;BR-040/MG;Sul;Tombamento;1;0;0;0;0;0;1
17/01/2020;15:08:00;248;Acidente sem Vítimas;590,25;BR-040/MG;Norte;Choque c/ Objeto Fixo;1;2;0;0;0;0;1
17/01/2020;15:20:00;254;Acidente sem Vítimas;590,25;BR-040/MG;Norte;Choque c/ Objeto Fixo;1;2;0;0;0;0;1
17/01/2020;16:33:00;272;Acidente sem Vítimas;649,2;BR-040/MG;Norte;Engavetamento;1;2;0;0;0;0;1
17/01/2020;17:14:00;282;Acidente sem Vítimas;41,6;BR-040/MG;Sul;Colisão lateral;1;0;0;0;0;0;1
17/01/2020;17:19:00;284;Acidente sem Vítimas;543,6;BR-040/MG;Norte;Engavetamento;1;3;0;0;0;0;1
18/01/2020;21:10:00;229;Acidente sem Vítimas;116;BR-040/GO;Sul;Capotamento;1;0;1;0;0;0;1
19/01/2020;17:06:00;133;Acidente sem Vítimas;509;BR-040/MG;Sul;Outros;1;5;0;0;0;0;1
20/01/2020;06:36:00;96;Acidente com Vítimas;538,25;BR-040/MG;Sul;Atropelamento de Pedestre;1;0;1;0;0;0;1
20/01/2020;15:43:00;228;Acidente com Vítimas;548,548;BR-040/MG;Sul;Colisão traseira;1;0;0;1;0;0;2
20/01/2020;15:49:00;231;Acidente com Vítimas;121,2;BR-040/GO;Norte;Capotamento;1;0;1;0;0;0;1
22/01/2020;00:56:00;5;Acidente sem Vítimas;443,7;BR-040/MG;Norte;Tombamento;1;1;0;0;0;0;1
22/01/2020;10:57:00;161;Acidente sem Vítimas;3,5;BR-040/DF;Sul;Choque c/ Objeto Fixo;1;0;0;0;0;0;1
22/01/2020;18:31:00;286;Acidente sem Vítimas;558,95;BR-040/MG;Sul;Choque c/ Objeto Fixo;1;1;0;0;0;0;1
25/01/2020;03:38:00;43;Acidente sem Vítimas;443,5;BR-040/MG;Sul;Choque c/ Objeto Fixo;1;1;0;0;0;0;1
25/01/2020;13:16:00;152;Acidente sem Vítimas;630,1;BR-040/MG;Norte;Colisão traseira;2;0;0;0;0;0;1
25/01/2020;15:41:00;185;Acidente sem Vítimas;750,8;BR-040/MG;Norte;Tombamento;1;0;0;0;0;0;1
26/01/2020;09:55:00;75;Acidente Fatal;47,2;BR-040/GO;Norte;Colisão frontal;1;1;0;0;2;2;3
26/01/2020;21:59:00;222;Acidente sem Vítimas;636,5;BR-040/MG;Sul;Tombamento;1;1;0;0;0;0;1
27/01/2020;07:58:00;123;Acidente sem Vítimas;729,4;BR-040/MG;Sul;Colisão traseira;1;2;0;0;0;0;1
28/01/2020;07:32:00;108;Acidente Fatal;610,4;BR-040/MG;Norte;Colisão frontal;1;0;0;1;1;1;3
28/01/2020;10:55:00;166;Acidente sem Vítimas;501,35;BR-040/MG;Sul;Colisão traseira;1;1;0;0;0;0;1
28/01/2020;10:58:00;165;Acidente sem Vítimas;604,23;BR-040/MG;Norte;Colisão traseira;1;2;0;0;0;0;1
29/01/2020;09:24:00;141;Acidente sem Vítimas;447,45;BR-040/MG;Norte;Choque c/ Objeto Fixo;1;1;0;0;0;0;1
30/01/2020;04:01:00;38;Acidente sem Vítimas;577,5;BR-040/MG;Sul;Colisão traseira;1;2;0;0;0;0;1
30/01/2020;11:53:00;161;Acidente com Vítimas;551,4;BR-040/MG;Norte;Colisão frontal;1;1;0;0;1;0;2
03/08/2020;10:23:00;153;Acidente sem Vítimas;576,15;BR-040/MG;Sul;Colisão transversal;1;0;0;0;0;0;1
03/08/2020;17:28:00;227;Acidente com Vítimas;529,3;BR-040/MG;Sul;Colisão lateral;1;0;1;0;0;0;1
03/08/2020;21:33:00;259;Acidente sem Vítimas;413,7;BR-040/MG;Norte;Colisão lateral;1;0;0;0;0;0;1
05/08/2020;16:39:00;245;Acidente sem Vítimas;632,522;BR-040/MG;Sul;Colisão transversal;1;0;0;0;0;0;1
06/08/2020;05:47:00;77;Acidente sem Vítimas;654,1;BR-040/MG;Sul;Colisão traseira;2;0;0;0;0;0;1
06/08/2020;06:03:00;78;Acidente sem Vítimas;267,9;BR-040/MG;Sul;Colisão traseira;1;0;0;0;0;0;1
06/08/2020;08:02:00;135;Acidente sem Vítimas;526,68;BR-040/MG;Sul;Engavetamento;1;0;0;0;0;0;1
06/08/2020;23:48:00;295;Acidente sem Vítimas;589,1;BR-040/MG;Norte;Colisão traseira;1;0;0;1;1;0;2
07/08/2020;04:49:00;86;Acidente sem Vítimas;211,8;BR-040/MG;Sul;Tombamento;1;0;0;0;0;0;1
07/08/2020;07:06:00;110;Acidente sem Vítimas;519,3;BR-040/MG;Norte;Capotamento;1;0;0;0;0;0;1
07/08/2020;07:24:00;118;Acidente com Vítimas;292,9;BR-040/MG;Norte;Tombamento;1;0;2;0;0;0;1
07/08/2020;12:04:00;179;Acidente sem Vítimas;771,4;BR-040/MG;Sul;Colisão traseira;1;0;0;0;0;0;1
10/08/2020;10:37:00;144;Acidente sem Vítimas;52,5;BR-040/MG;Sul;Choque c/ Objeto Fixo;1;0;0;0;0;0;1
10/08/2020;16:11:00;196;Acidente sem Vítimas;359,6;BR-040/MG;Norte;Engavetamento;2;0;0;0;0;0;1
11/08/2020;08:13:00;96;Acidente sem Vítimas;540,2;BR-040/MG;Sul;Engavetamento;1;0;0;0;0;0;1
11/08/2020;21:25:00;255;Acidente sem Vítimas;432,8;BR-040/MG;Norte;Tombamento;1;0;0;0;0;0;1
12/08/2020;05:07:00;71;Acidente sem Vítimas;473,2;BR-040/MG;Norte;Choque c/ Objeto Fixo;1;0;0;0;0;0;1
12/08/2020;09:12:00;135;Acidente sem Vítimas;121,3;BR-040/MG;Norte;Colisão traseira;2;0;0;0;0;0;1
12/08/2020;15:24:00;198;Acidente sem Vítimas;535,5;BR-040/MG;Sul;Colisão lateral;1;0;0;0;0;0;1
13/08/2020;14:02:00;217;Acidente sem Vítimas;487,5;BR-040/MG;Sul;Colisão traseira;1;0;0;0;0;0;1
14/08/2020;23:56:00;334;Acidente sem Vítimas;459,1;BR-040/MG;Sul;Tombamento;1;0;0;0;0;0;1
17/08/2020;18:21:00;280;Acidente sem Vítimas;524,4;BR-040/MG;Norte;Colisão lateral;1;0;0;0;0;0;1
18/08/2020;23:19:00;288;Acidente com Vítimas;678,5;BR-040/MG;Sul;Queda de Ribanceira;1;0;1;0;0;0;1
19/08/2020;05:33:00;80;Acidente sem Vítimas;493,2;BR-040/MG;Sul;Colisão traseira;1;0;0;0;0;0;1
20/08/2020;06:59:00;104;Acidente sem Vítimas;475,1;BR-040/MG;Sul;Colisão lateral;2;0;0;0;0;0;1
20/08/2020;07:29:00;115;Acidente sem Vítimas;533,15;BR-040/MG;Norte;Colisão lateral;1;0;0;0;0;0;1
21/08/2020;13:10:00;173;Acidente sem Vítimas;183,1;BR-040/MG;Norte;Tombamento;1;0;0;0;0;0;1
21/08/2020;22:23:00;291;Acidente sem Vítimas;533,25;BR-040/MG;Norte;Engavetamento;1;0;0;0;0;0;1
22/08/2020;00:30:00;3;Acidente sem Vítimas;590,7;BR-040/MG;Norte;Colisão traseira;1;0;0;0;0;0;1
22/08/2020;09:16:00;57;Acidente com Vítimas;451,7;BR-040/MG;Sul;Choque c/ Objeto Fixo;2;0;0;1;0;0;2
22/08/2020;14:07:00;108;Acidente sem Vítimas;762,801;BR-040/MG;Norte;Colisão traseira;1;0;0;0;0;0;1
24/08/2020;07:03:00;87;Acidente com Vítimas;0,2;BR-040/GO;Norte;Colisão lateral;1;0;1;0;0;0;1
24/08/2020;17:30:00;228;Acidente sem Vítimas;540,15;BR-040/MG;Norte;Colisão lateral;1;0;0;0;0;0;1
25/08/2020;02:35:00;53;Acidente sem Vítimas;539,4;BR-040/MG;Sul;Colisão traseira;1;0;0;0;0;0;1
25/08/2020;08:33:00;121;Acidente sem Vítimas;506,4;BR-040/MG;Norte;Colisão traseira;1;0;0;0;0;0;1
25/08/2020;09:08:00;131;Acidente com Vítimas;552,7;BR-040/MG;Sul;Tombamento de Moto;1;0;0;1;0;0;2
25/08/2020;10:13:00;148;Acidente sem Vítimas;512,202;BR-040/MG;Sul;Colisão traseira;1;0;0;0;0;0;1
25/08/2020;17:34:00;244;Acidente sem Vítimas;474,5;BR-040/MG;Sul;Colisão lateral;1;0;0;0;0;0;1
25/08/2020;18:24:00;251;Acidente com Vítimas;444,5;BR-040/MG;Sul;Tombamento;2;0;1;0;0;0;1
26/08/2020;07:13:00;98;Acidente sem Vítimas;538,1;BR-040/MG;Sul;Colisão lateral;1;0;0;0;0;0;1
26/08/2020;11:35:00;170;Acidente sem Vítimas;682,1;BR-040/MG;Sul;Colisão traseira;2;0;0;0;0;0;1
26/08/2020;18:25:00;271;Acidente sem Vítimas;525,3;BR-040/MG;Norte;Colisão traseira;1;0;0;0;0;0;1
27/08/2020;18:38:00;260;Acidente com Vítimas;549,3;BR-040/MG;Sul;Choque c/ Objeto Fixo;1;0;1;0;0;0;1
28/08/2020;09:00:00;130;Acidente com Vítimas;638,9;BR-040/MG;Norte;Colisão lateral;1;0;0;0;0;0;1
29/08/2020;04:27:00;27;Acidente com Vítimas;614,5;BR-040/MG;Norte;Colisão traseira;2;0;0;1;0;0;2
29/08/2020;04:54:00;35;Acidente com Vítimas;618,15;BR-040/MG;Norte;Choque c/ Objeto Fixo;2;0;0;1;0;0;2
29/08/2020;07:58:00;54;Acidente com Vítimas;1,5;BR-040/GO;Norte;Colisão transversal;1;0;1;0;0;0;1
29/08/2020;17:01:00;184;Acidente sem Vítimas;523,4;BR-040/MG;Norte;Colisão traseira;1;0;0;0;0;0;1