data;horario;n_da_ocorrencia;tipo_de_ocorrencia;km;trecho;sentido;tipo_de_acidente;caminhao;ilesos;levemente_feridos;moderadamente_feridos;gravemente_feridos;mortos;3
26/12/2020;20:57:00;216;Acidente sem Vítimas;628,5;BR-040/MG;Sul;Choque c/ Objeto Fixo;3;3;0;0;0;0;1
28/12/2020;08:09:00;101;Acidente sem Vítimas;526,2;BR-040/MG;Norte;Colisão lateral;1;0;0;0;0;0;1
29/12/2020;15:27:00;216;Acidente sem Vítimas;506,1;BR-040/MG;Sul;Colisão transversal;1;0;0;0;0;0;1
30/12/2020;03:34:00;64;Acidente com Vítimas;441,5;BR-040/MG;Sul;Tombamento;2;0;0;1;0;0;2
30/12/2020;09:00:00;128;Acidente com Vítimas;462,6;BR-040/MG;Sul;Colisão traseira;1;0;1;0;0;0;1
30/12/2020;23:20:00;354;Acidente sem Vítimas;413,1;BR-040/MG;Sul;Colisão transversal;1;2;0;0;0;0;1
01/01/2021;19:29:00;167;Acidente sem Vítimas;662,1;BR-040/MG;Norte;Choque c/ Objeto Fixo;1;1;0;0;0;0;1
03/01/2021;19:50:00;262;Acidente sem Vítimas;480,3;BR-040/MG;Sul;Tombamento;1;1;0;0;0;0;1
05/01/2021;00:02:00;1;Acidente sem Vítimas;479,2;BR-040/MG;Sul;Colisão traseira;2;0;0;0;0;0;1
07/01/2021;12:51:00;209;Acidente sem Vítimas;355,5;BR-040/MG;Norte;Tombamento;1;1;0;0;0;0;1
07/01/2021;15:35:00;246;Acidente sem Vítimas;527,15;BR-040/MG;Norte;Colisão traseira;1;2;0;0;0;0;1
07/01/2021;16:32:00;265;Acidente sem Vítimas;566,5;BR-040/MG;Sul;Colisão traseira;2;1;0;0;0;0;1
07/01/2021;20:04:00;326;Acidente sem Vítimas;2,7;BR-040/GO;Sul;Engavetamento;1;4;0;0;0;0;1
07/01/2021;20:54:00;341;Acidente sem Vítimas;537;BR-040/MG;Norte;Colisão lateral;1;3;0;0;0;0;1
07/01/2021;22:00:00;357;Acidente com Vítimas;521,8;BR-040/MG;Sul;Colisão traseira;1;1;2;1;0;0;2
09/01/2021;14:33:00;133;Acidente sem Vítimas;564,72;BR-040/MG;Norte;Colisão traseira;2;3;0;0;0;0;1
09/01/2021;16:58:00;171;Acidente sem Vítimas;515,1;BR-040/MG;Sul;Colisão lateral;1;1;0;0;0;0;1
11/01/2021;04:29:00;95;Acidente com Vítimas;6,5;BR-040/GO;Norte;Tombamento de Moto;1;2;0;0;1;0;2
11/01/2021;09:35:00;165;Acidente sem Vítimas;535,5;BR-040/MG;Norte;Colisão traseira;1;2;0;0;0;0;1
12/01/2021;19:21:00;265;Acidente sem Vítimas;615,45;BR-040/MG;Norte;Colisão frontal;1;2;0;0;0;0;1
13/01/2021;07:05:00;113;Acidente sem Vítimas;497,1;BR-040/MG;Norte;Colisão traseira;2;2;0;0;0;0;1
13/01/2021;08:51:00;148;Acidente com Vítimas;273,9;BR-040/MG;Sul;Colisão traseira;1;2;2;0;0;0;1
13/01/2021;18:16:00;288;Acidente sem Vítimas;739;BR-040/MG;Norte;Capotamento;1;1;0;0;0;0;1
13/01/2021;19:21:00;309;Acidente sem Vítimas;549,2;BR-040/MG;Sul;Choque c/ Objeto Fixo;1;1;0;0;0;0;1
14/01/2021;06:46:00;144;Acidente sem Vítimas;514,25;BR-040/MG;Sul;Colisão traseira;1;2;0;0;0;0;1
14/01/2021;20:20:00;337;Acidente sem Vítimas;515;BR-040/MG;Sul;Colisão traseira;2;2;0;0;0;0;1
15/01/2021;15:48:00;254;Acidente sem Vítimas;488,12;BR-040/MG;Norte;Colisão traseira;1;2;0;0;0;0;1
15/01/2021;15:49:00;255;Acidente sem Vítimas;537,3;BR-040/MG;Norte;Choque c/ Objeto Fixo;1;1;0;0;0;0;1
15/01/2021;18:15:00;289;Acidente sem Vítimas;452,1;BR-040/MG;Sul;Choque c/ Objeto Fixo;2;1;0;0;0;0;1
15/01/2021;18:39:00;298;Acidente sem Vítimas;530,1;BR-040/MG;Norte;Colisão traseira;2;1;0;0;0;0;1
15/01/2021;18:44:00;299;Acidente sem Vítimas;449,3;BR-040/MG;Norte;Tombamento;1;1;0;0;0;0;1
16/01/2021;11:48:00;114;Acidente com Vítimas;515,2;BR-040/MG;Sul;Colisão traseira;1;0;1;0;0;0;1
16/01/2021;22:22:00;232;Acidente com Vítimas;607,5;BR-040/MG;Sul;Colisão transversal;1;1;0;0;1;0;2
17/01/2021;14:53:00;108;Acidente sem Vítimas;465,1;BR-040/MG;Norte;Capotamento;1;2;0;0;0;0;1
18/01/2021;07:40:00;131;Acidente sem Vítimas;707,6;BR-040/MG;Norte;Colisão traseira;2;2;0;0;0;0;1
18/01/2021;22:08:00;349;Acidente sem Vítimas;617,2;BR-040/MG;Norte;Colisão traseira;1;1;0;0;0;0;1
21/01/2021;06:34:00;118;Acidente sem Vítimas;587,3;BR-040/MG;Sul;Tombamento;2;1;0;0;0;0;1
21/01/2021;12:05:00;199;Acidente sem Vítimas;513,3;BR-040/MG;Norte;Atropelamento de Animal;2;1;0;0;0;0;1
21/01/2021;23:07:00;350;Acidente sem Vítimas;604,45;BR-040/MG;Sul;Choque c/ Objeto Fixo;1;1;0;0;0;0;1
21/01/2021;23:48:00;356;Acidente com Vítimas;603,5;BR-040/MG;Norte;Colisão traseira;1;2;0;1;0;0;2
22/01/2021;14:09:00;233;Acidente sem Vítimas;597,6;BR-040/MG;Norte;Colisão traseira;2;3;0;0;0;0;1
26/01/2021;06:29:00;105;Acidente com Vítimas;4,7;BR-040/DF;Norte;Colisão traseira;2;1;0;0;0;0;1
26/01/2021;14:37:00;220;Acidente com Vítimas;539,12;BR-040/MG;Norte;Tombamento;1;1;1;0;0;0;1
26/01/2021;21:27:00;295;Acidente com Vítimas;92,4;BR-040/GO;Norte;Colisão traseira;1;2;1;0;0;0;1
27/01/2021;07:48:00;137;Acidente sem Vítimas;538,2;BR-040/MG;Norte;Choque c/ Objeto Fixo;1;1;0;0;0;0;1
27/01/2021;13:39:00;230;Acidente sem Vítimas;533,5;BR-040/MG;Norte;Colisão lateral;1;1;0;1;0;0;2
27/01/2021;16:32:00;261;Acidente sem Vítimas;430,12;BR-040/MG;Sul;Colisão traseira;1;7;0;0;0;0;1
28/01/2021;01:18:00;12;Acidente com Vítimas;249,4;BR-040/MG;Sul;Tombamento;1;1;1;0;0;0;1
28/01/2021;15:43:00;262;Acidente sem Vítimas;127;BR-040/MG;Sul;Colisão traseira;1;1;0;0;0;0;1
29/01/2021;07:27:00;111;Acidente com Vítimas;293,1;BR-040/MG;Norte;Tombamento;1;1;0;1;0;0;2
29/01/2021;08:44:00;135;Acidente sem Vítimas;543,5;BR-040/MG;Norte;Colisão traseira;2;2;0;0;0;0;1
29/01/2021;10:41:00;159;Acidente sem Vítimas;535,1;BR-040/MG;Norte;Engavetamento;3;3;0;0;0;0;1
29/01/2021;13:55:00;211;Acidente sem Vítimas;663,12;BR-040/MG;Sul;Colisão lateral;1;0;0;0;0;0;1
02/02/2021;04:10:00;74;Acidente com Vítimas;445,5;BR-040/MG;Sul;Colisão traseira;2;2;0;0;0;0;1
03/02/2021;07:11:00;110;Acidente sem Vítimas;513,5;BR-040/MG;Sul;Colisão lateral;1;2;0;0;0;0;1
03/02/2021;17:22:00;230;Acidente sem Vítimas;606,2;BR-040/MG;Norte;Engavetamento;1;7;0;0;0;0;1
03/02/2021;22:24:00;299;Acidente com Vítimas;432,1;BR-040/MG;Norte;Colisão traseira;2;1;1;0;0;0;1
04/02/2021;01:36:00;25;Acidente sem Vítimas;535,1;BR-040/MG;Sul;Choque c/ Objeto Fixo;3;1;0;0;0;0;1
04/02/2021;03:28:00;85;Acidente com Vítimas;129,902;BR-040/MG;Sul;Tombamento;1;1;1;0;0;0;1
04/02/2021;06:31:00;106;Acidente sem Vítimas;542,5;BR-040/MG;Norte;Colisão traseira;1;2;0;0;0;0;1
04/02/2021;06:54:00;118;Acidente sem Vítimas;475,8;BR-040/MG;Norte;Colisão lateral;1;2;0;0;0;0;1
05/02/2021;11:28:00;200;Acidente sem Vítimas;556,6;BR-040/MG;Sul;Choque c/ Objeto Fixo;1;1;0;0;0;0;1
05/02/2021;11:56:00;207;Acidente com Vítimas;537,92;BR-040/MG;Norte;Engavetamento;1;6;1;0;0;0;1
05/02/2021;14:41:00;242;Acidente sem Vítimas;24,2;BR-040/GO;Sul;Colisão traseira;1;2;0;0;0;0;1
05/02/2021;22:36:00;356;Acidente com Vítimas;444,2;BR-040/MG;Sul;Tombamento;1;0;1;0;0;0;1
06/02/2021;19:43:00;188;Acidente sem Vítimas;129,8;BR-040/MG;Norte;Tombamento;1;2;0;0;0;0;1
06/02/2021;22:50:00;211;Acidente com Vítimas;444,8;BR-040/MG;Sul;Tombamento;1;0;1;0;0;0;1
07/02/2021;02:43:00;23;Acidente sem Vítimas;278,35;BR-040/MG;Norte;Tombamento;2;1;0;0;0;0;1
09/02/2021;10:13:00;164;Acidente sem Vítimas;525,2;BR-040/MG;Norte;Colisão lateral;1;2;0;0;0;0;1
10/02/2021;03:55:00;76;Acidente sem Vítimas;497,3;BR-040/MG;Norte;Colisão traseira;3;2;0;0;0;0;1
10/02/2021;12:07:00;166;Acidente sem Vítimas;300;BR-040/MG;Sul;Choque c/ Objeto Fixo;1;1;0;0;0;0;1
10/02/2021;16:23:00;212;Acidente sem Vítimas;450,6;BR-040/MG;Sul;Colisão traseira;1;2;0;0;0;0;1
10/02/2021;18:02:00;240;Acidente sem Vítimas;485,61;BR-040/MG;Sul;Colisão traseira;1;2;0;0;0;0;1
11/02/2021;03:55:00;79;Acidente sem Vítimas;477,1;BR-040/MG;Sul;Choque c/ Objeto Fixo;1;0;0;0;0;0;1
11/02/2021;14:32:00;219;Acidente sem Vítimas;593,12;BR-040/MG;Sul;Colisão traseira;2;3;0;0;0;0;1
11/02/2021;17:15:00;264;Acidente sem Vítimas;571,2;BR-040/MG;Sul;Choque com objeto;2;5;0;0;0;0;1
11/02/2021;17:16:00;265;Acidente sem Vítimas;593,12;BR-040/MG;Sul;Choque c/ Objeto Fixo;1;1;0;0;0;0;1
11/02/2021;17:57:00;271;Acidente com Vítimas;437,2;BR-040/MG;Sul;Tombamento;3;1;1;0;0;0;1
11/02/2021;23:24:00;340;Acidente sem Vítimas;444,45;BR-040/MG;Sul;Tombamento;1;1;0;0;0;0;1
12/02/2021;01:08:00;37;Acidente sem Vítimas;765,5;BR-040/MG;Norte;Choque com objeto;1;2;0;0;0;0;1
12/02/2021;08:10:00;116;Acidente com Vítimas;541,45;BR-040/MG;Norte;Choque c/ Objeto Fixo;1;0;1;0;0;0;1
12/02/2021;15:36:00;208;Acidente sem Vítimas;538,76;Fora_Rota;Norte;Colisão traseira;1;2;0;0;0;0;1
12/02/2021;16:00:00;216;Acidente sem Vítimas;695,2;BR-040/MG;Sul;Colisão transversal;3;3;0;0;0;0;1
12/02/2021;16:54:00;230;Acidente sem Vítimas;3;BR-040/DF;Sul;Choque c/ Objeto Fixo;1;0;0;0;0;0;1
12/02/2021;17:01:00;233;Acidente sem Vítimas;439;BR-040/MG;Sul;Choque c/ Objeto Fixo;1;1;0;0;0;0;1
12/02/2021;19:06:00;277;Acidente sem Vítimas;129,1;BR-040/MG;Sul;Tombamento;1;1;0;0;0;0;1
13/02/2021;11:05:00;110;Acidente com Vítimas;495,516;BR-040/MG;Sul;Colisão lateral;2;2;0;1;0;0;2
13/02/2021;16:21:00;161;Acidente Fatal;661,7;BR-040/MG;Sul;Colisão transversal;1;1;0;0;0;1;3
13/02/2021;18:52:00;186;Acidente sem Vítimas;7;BR-040/GO;Sul;Choque c/ Objeto Fixo;2;2;0;0;0;0;1
15/02/2021;14:54:00;186;Acidente com Vítimas;5,5;BR-040/DF;Norte;Colisão lateral;1;1;0;0;0;0;1
15/02/2021;19:28:00;248;Acidente com Vítimas;320,8;BR-040/MG;Norte;Tombamento;4;0;1;0;0;0;1
16/02/2021;01:59:00;49;Acidente sem Vítimas;87,3;BR-040/GO;Sul;Tombamento;1;1;0;0;0;0;1
16/02/2021;12:43:00;163;Acidente com Vítimas;83,8;BR-040/GO;Sul;Colisão traseira;1;1;0;1;0;0;2
17/02/2021;11:04:00;153;Acidente sem Vítimas;526,95;BR-040/MG;Sul;Colisão lateral;1;2;0;0;0;0;1
17/02/2021;17:07:00;234;Acidente sem Vítimas;467,3;BR-040/MG;Norte;Choque c/ Objeto Fixo;4;1;0;0;0;0;1
17/02/2021;17:10:00;235;Acidente com Vítimas;603,37;BR-040/MG;Sul;Colisão frontal;1;5;0;0;1;0;2
18/02/2021;12:35:00;170;Acidente sem Vítimas;473,6;BR-040/MG;Sul;Colisão traseira;1;2;0;0;0;0;1
19/02/2021;08:48:00;120;Acidente sem Vítimas;538,16;BR-040/MG;Norte;Capotamento;1;1;0;0;0;0;1
19/02/2021;11:52:00;157;Acidente sem Vítimas;512,6;BR-040/MG;Norte;Choque c/ Objeto Fixo;2;1;0;0;0;0;1
19/02/2021;19:34:00;267;Acidente com Vítimas;632,4;BR-040/MG;Norte;Colisão traseira;2;2;1;0;0;0;1
20/02/2021;04:05:00;32;Acidente sem Vítimas;525,5;BR-040/MG;Norte;Colisão traseira;1;2;0;0;0;0;1
20/02/2021;08:51:00;78;Acidente com Vítimas;631,13;BR-040/MG;Sul;Capotamento;1;2;0;0;0;0;1
20/02/2021;10:01:00;90;Acidente sem Vítimas;32,15;BR-040/MG;Norte;Colisão lateral;3;3;0;0;0;0;1
20/02/2021;23:31:00;242;Acidente com Vítimas;553,1;BR-040/MG;Norte;Colisão traseira;3;2;0;1;0;0;2
21/02/2021;17:24:00;154;Acidente com Vítimas;36,9;BR-040/GO;Sul;Outros;1;2;0;0;0;0;1
21/02/2021;18:32:00;169;Acidente sem Vítimas;151,95;BR-040/MG;Sul;Colisão frontal;3;3;0;0;0;0;1
21/02/2021;21:40:00;208;Acidente com Vítimas;5,2;BR-040/DF;Norte;Colisão traseira;1;1;1;0;0;0;1
22/02/2021;06:50:00;91;Acidente sem Vítimas;500,4;BR-040/MG;Norte;Choque c/ Objeto Fixo;2;2;0;0;0;0;1
22/02/2021;07:03:00;93;Acidente sem Vítimas;766,1;BR-040/MG;Sul;Colisão traseira;1;2;0;0;0;0;1
22/02/2021;14:35:00;184;Acidente com Vítimas;648,1;BR-040/MG;Sul;Colisão traseira;2;1;1;0;0;0;1
22/02/2021;22:10:00;268;Acidente sem Vítimas;707,7;BR-040/MG;Sul;Colisão traseira;2;2;0;0;0;0;1
23/02/2021;13:34:00;163;Acidente sem Vítimas;464,196;BR-040/MG;Norte;Colisão traseira;1;2;0;0;0;0;1
23/02/2021;13:58:00;172;Acidente sem Vítimas;518;BR-040/MG;Sul;Colisão traseira;1;2;0;0;0;0;1
24/02/2021;13:46:00;197;Acidente com Vítimas;553,18;BR-040/MG;Sul;Colisão traseira;1;1;0;0;1;0;2
25/02/2021;05:23:00;97;Acidente sem Vítimas;549,3;BR-040/MG;Norte;Colisão traseira;2;2;0;0;0;0;1
25/02/2021;08:10:00;138;Acidente com Vítimas;518,76;BR-040/MG;Norte;Capotamento;1;1;0;3;0;0;2
26/02/2021;13:49:00;202;Acidente com Vítimas;635,5;BR-040/MG;Norte;Outros;1;4;1;1;0;0;2
26/02/2021;15:38:00;226;Acidente sem Vítimas;506,5;BR-040/MG;Norte;Colisão traseira;1;2;0;0;0;0;1
26/02/2021;22:33:00;327;Acidente sem Vítimas;15,4;BR-040/GO;Norte;Atropelamento de Animal;1;0;0;0;0;0;1
26/02/2021;23:46:00;343;Acidente sem Vítimas;405,15;BR-040/MG;Norte;Colisão traseira;1;3;0;0;0;0;1
01/03/2021;09:59:00;166;Acidente sem Vítimas;583,1;BR-040/MG;Norte;Colisão lateral;2;4;0;0;0;0;1
02/03/2021;23:53:00;323;Acidente sem Vítimas;518,1;BR-040/MG;Sul;Choque c/ Objeto Fixo;3;1;0;0;0;0;1
03/03/2021;07:33:00;134;Acidente Fatal;436,6;BR-040/MG;Norte;Colisão transversal;1;0;0;0;0;1;3
04/03/2021;07:14:00;117;Acidente com Vítimas;561,8;BR-040/MG;Norte;Colisão traseira;1;0;0;1;0;0;2
04/03/2021;07:58:00;126;Acidente com Vítimas;5,1;BR-040/DF;Sul;Colisão traseira;2;2;1;0;0;0;1
05/03/2021;00:07:00;1;Acidente com Vítimas;9,1;BR-040/GO;Sul;Colisão traseira;2;2;0;1;0;0;2
05/03/2021;08:49:00;161;Acidente sem Vítimas;532;BR-040/MG;Sul;Colisão traseira;2;1;0;0;0;0;1
05/03/2021;09:11:00;165;Acidente sem Vítimas;542,3;BR-040/MG;Sul;Engavetamento;4;4;1;0;0;0;1
05/03/2021;17:54:00;286;Acidente sem Vítimas;505,1;BR-040/MG;Norte;Colisão traseira;1;1;0;0;0;0;1
05/03/2021;20:35:00;331;Acidente sem Vítimas;448,15;BR-040/MG;Norte;Colisão lateral;1;5;0;0;0;0;1
06/03/2021;05:00:00;33;Acidente com Vítimas;459,9;BR-040/MG;Sul;Colisão traseira;2;1;1;0;2;0;2
06/03/2021;11:22:00;118;Acidente sem Vítimas;91,295;BR-040/MG;Sul;Choque c/ Objeto Fixo;2;1;0;0;0;0;1
06/03/2021;19:04:00;238;Acidente sem Vítimas;504,2;BR-040/MG;Norte;Choque c/ Objeto Fixo;1;3;0;0;0;0;1
08/03/2021;06:02:00;116;Acidente sem Vítimas;570,2;BR-040/MG;Sul;Tombamento;1;1;0;0;0;0;1
08/03/2021;14:12:00;244;Acidente sem Vítimas;581,8;BR-040/MG;Norte;Colisão traseira;2;1;0;0;0;0;1
08/03/2021;20:16:00;332;Acidente com Vítimas;672,4;BR-040/MG;Sul;Tombamento;1;1;1;0;0;0;1
08/03/2021;20:39:00;338;Acidente com Vítimas;577,4;BR-040/MG;Norte;Choque c/ Objeto Fixo;1;1;0;1;0;0;2
10/03/2021;10:36:00;164;Acidente sem Vítimas;544,3;BR-040/MG;Sul;Colisão transversal;1;1;0;0;0;0;1
10/03/2021;10:45:00;166;Acidente com Vítimas;626,6;BR-040/MG;Sul;Colisão transversal;1;1;1;0;0;0;1
10/03/2021;16:49:00;236;Acidente com Vítimas;380,2;BR-040/MG;Norte;Colisão transversal;1;1;0;0;1;0;2
11/03/2021;16:25:00;197;Acidente Fatal;199,5;BR-040/MG;Sul;Colisão frontal;1;4;0;0;0;3;3
12/03/2021;07:49:00;148;Acidente com Vítimas;41,2;BR-040/MG;Norte;Choque c/ Objeto Fixo;2;0;1;0;1;0;2
12/03/2021;15:57:00;244;Acidente sem Vítimas;541,2;BR-040/MG;Norte;Colisão traseira;1;1;0;0;0;0;1
13/03/2021;10:13:00;125;Acidente com Vítimas;213,55;BR-040/MG;Sul;Colisão lateral;1;6;0;1;0;0;2
13/03/2021;13:36:00;161;Acidente sem Vítimas;0,3;BR-040/GO;Sul;Colisão traseira;1;11;0;0;0;0;1
14/03/2021;11:13:00;85;Acidente sem Vítimas;448,9;BR-040/MG;Norte;Colisão traseira;3;2;0;0;0;0;1
15/03/2021;01:45:00;46;Acidente com Vítimas;494,8;BR-040/MG;Sul;Colisão traseira;2;1;0;0;1;0;2
15/03/2021;08:47:00;147;Acidente sem Vítimas;475,5;BR-040/MG;Norte;Choque c/ Objeto Fixo;1;1;0;0;0;0;1
15/03/2021;11:39:00;188;Acidente Fatal;624,55;BR-040/MG;Norte;Colisão traseira;1;0;0;0;0;1;3
15/03/2021;17:38:00;239;Acidente Fatal;6,5;BR-040/GO;Norte;Colisão traseira;1;3;0;0;0;1;3
16/03/2021;06:47:00;120;Acidente com Vítimas;510,7;BR-040/MG;Sul;Colisão lateral;1;2;1;0;0;0;1
16/03/2021;08:18:00;154;Acidente sem Vítimas;570,1;BR-040/MG;Norte;Engavetamento;2;0;0;0;0;0;1
16/03/2021;23:49:00;340;Acidente com Vítimas;455,6;BR-040/MG;Sul;Tombamento;2;0;1;0;0;0;1
17/03/2021;06:12:00;99;Acidente com Vítimas;316,95;BR-040/MG;Sul;Tombamento;1;1;1;0;0;0;1
17/03/2021;11:19:00;169;Acidente sem Vítimas;601,2;BR-040/MG;Sul;Engavetamento;4;4;0;0;0;0;1
17/03/2021;17:15:00;217;Acidente com Vítimas;530,1;BR-040/MG;Sul;Colisão traseira;2;2;1;0;0;0;1
17/03/2021;18:14:00;227;Acidente sem Vítimas;736,9;BR-040/MG;Sul;Choque c/ Objeto Fixo;1;1;0;0;0;0;1
18/03/2021;14:04:00;188;Acidente com Vítimas;523,2;BR-040/MG;Norte;Choque c/ Veículo Parado;2;2;1;0;0;0;1
19/03/2021;06:55:00;107;Acidente com Vítimas;538,6;BR-040/MG;Sul;Colisão traseira;1;1;0;1;0;0;2
19/03/2021;18:37:00;267;Acidente Fatal;532,1;BR-040/MG;Norte;Colisão lateral;1;2;1;0;0;1;3
19/03/2021;19:53:00;289;Acidente sem Vítimas;484,5;BR-040/MG;Sul;Colisão lateral;1;53;0;0;0;0;1
20/03/2021;13:57:00;140;Acidente Fatal;34,6;BR-040/MG;Sul;Colisão frontal;1;1;0;0;0;1;3
21/03/2021;20:56:00;200;Acidente sem Vítimas;593,5;BR-040/MG;Norte;Tombamento;1;0;0;0;0;0;1
22/03/2021;06:11:00;79;Acidente sem Vítimas;534,12;BR-040/MG;Sul;Colisão traseira;1;2;0;0;0;0;1
22/03/2021;13:57:00;184;Acidente Fatal;511,9;BR-040/MG;Norte;Colisão traseira;2;2;0;0;0;1;3
23/03/2021;07:24:00;106;Acidente sem Vítimas;748,9;BR-040/MG;Norte;Colisão traseira;2;2;0;0;0;0;1
23/03/2021;22:34:00;259;Acidente sem Vítimas;703,1;BR-040/MG;Sul;Tombamento;2;2;0;0;0;0;1
24/03/2021;04:39:00;79;Acidente sem Vítimas;468,15;BR-040/MG;Sul;Colisão lateral;3;17;0;0;0;0;1
24/03/2021;12:03:00;165;Acidente sem Vítimas;476,1;BR-040/MG;Norte;Colisão lateral;2;0;0;0;0;0;1
24/03/2021;14:25:00;188;Acidente sem Vítimas;606,8;BR-040/MG;Norte;Colisão lateral;1;0;0;0;0;0;1
24/03/2021;14:30:00;191;Acidente sem Vítimas;539,2;BR-040/MG;Sul;Colisão traseira;2;2;0;0;0;0;1
25/03/2021;04:55:00;102;Acidente sem Vítimas;399,8;BR-040/MG;Sul;Choque c/ Objeto Fixo;1;1;0;0;0;0;1
25/03/2021;08:11:00;151;Acidente sem Vítimas;127,3;BR-040/MG;Sul;Colisão traseira;1;2;0;0;0;0;1
26/03/2021;08:21:00;130;Acidente sem Vítimas;302,3;BR-040/MG;Sul;Colisão traseira;1;4;0;0;0;0;1
26/03/2021;16:45:00;225;Acidente sem Vítimas;596,5;BR-040/MG;Sul;Colisão lateral;2;2;0;0;0;0;1
27/03/2021;18:30:00;158;Acidente sem Vítimas;618,25;BR-040/MG;Sul;Colisão transversal;1;2;0;0;0;0;1
27/03/2021;21:39:00;205;Acidente com Vítimas;33,5;BR-040/MG;Sul;Tombamento;1;1;0;1;0;0;2
29/03/2021;07:50:00;116;Acidente com Vítimas;646,55;BR-040/MG;Norte;Colisão lateral;1;1;0;2;0;0;2
29/03/2021;15:06:00;208;Acidente sem Vítimas;588,1;BR-040/MG;Sul;Colisão traseira;1;2;0;0;0;0;1
29/03/2021;16:18:00;228;Acidente com Vítimas;593,2;BR-040/MG;Norte;Tombamento;2;1;1;0;0;0;1
30/03/2021;07:46:00;127;Acidente sem Vítimas;548,5;BR-040/MG;Sul;Colisão traseira;2;2;0;0;0;0;1
30/03/2021;14:38:00;194;Acidente com Vítimas;530,4;BR-040/MG;Sul;Colisão lateral;2;2;1;0;0;0;1
01/04/2021;01:20:00;66;Acidente sem Vítimas;198,1;BR-040/MG;Norte;Tombamento;1;1;0;0;0;0;1
02/04/2021;09:26:00;79;Acidente sem Vítimas;523,4;BR-040/MG;Norte;Colisão lateral;1;3;0;0;0;0;1
02/04/2021;14:00:00;129;Acidente com Vítimas;739,6;BR-040/MG;Norte;Tombamento;1;0;1;0;0;0;1
03/04/2021;21:15:00;190;Acidente sem Vítimas;527,5;BR-040/MG;Sul;Choque c/ Objeto Fixo;1;1;0;0;0;0;1
04/04/2021;17:18:00;124;Acidente sem Vítimas;462,2;BR-040/MG;Sul;Queda de Ribanceira;1;0;0;0;0;0;1
05/04/2021;12:56:00;209;Acidente com Vítimas;528,6;BR-040/MG;Norte;Colisão traseira;1;2;0;0;0;0;1
07/04/2021;21:06:00;289;Acidente sem Vítimas;520,1;BR-040/MG;Norte;Atropelamento de Animal;2;1;0;0;0;0;1
07/04/2021;22:02:00;300;Acidente com Vítimas;568,3;BR-040/MG;Sul;Atropelamento de Pedestre;2;2;0;0;1;0;2
08/04/2021;06:53:00;111;Acidente com Vítimas;516,15;BR-040/MG;Sul;Colisão lateral;1;2;1;0;0;0;1
08/04/2021;14:37:00;190;Acidente com Vítimas;728,5;BR-040/MG;Sul;Choque c/ Objeto Fixo;1;1;0;0;0;0;1
08/04/2021;15:29:00;196;Acidente sem Vítimas;728,5;BR-040/MG;Sul;Choque c/ Objeto Fixo;1;1;0;0;0;0;1
09/04/2021;13:31:00;200;Acidente sem Vítimas;85,4;BR-040/MG;Sul;Colisão traseira;1;2;0;0;0;0;1
09/04/2021;19:58:00;293;Acidente sem Vítimas;529,8;BR-040/MG;Norte;Colisão lateral;1;2;0;0;0;0;1
09/04/2021;22:11:00;333;Acidente sem Vítimas;521,5;BR-040/MG;Norte;Choque com objeto;1;3;0;0;0;0;1
13/04/2021;07:52:00;141;Acidente sem Vítimas;524,5;BR-040/MG;Norte;Colisão traseira;1;2;0;0;0;0;1
15/04/2021;02:11:00;69;Acidente sem Vítimas;456,4;BR-040/MG;Sul;Tombamento;4;1;0;0;0;0;1
16/04/2021;03:57:00;76;Acidente com Vítimas;512,95;BR-040/MG;Norte;Colisão traseira;6;3;0;1;0;0;2
16/04/2021;07:43:00;127;Acidente sem Vítimas;527,1;BR-040/MG;Sul;Colisão traseira;1;0;0;0;0;0;1
16/04/2021;10:33:00;156;Acidente sem Vítimas;480,15;BR-040/MG;Norte;Choque c/ Objeto Fixo;1;1;0;0;0;0;1
16/04/2021;18:02:00;231;Acidente sem Vítimas;539,1;BR-040/MG;Norte;Colisão traseira;1;2;0;0;0;0;1
16/04/2021;18:06:00;233;Acidente com Vítimas;538,1;BR-040/MG;Norte;Colisão traseira;1;2;0;0;0;0;1
18/04/2021;05:40:00;51;Acidente Fatal;729,81;BR-040/MG;Sul;Colisão traseira;2;1;0;0;0;1;3
19/04/2021;16:05:00;215;Acidente com Vítimas;434,5;BR-040/MG;Sul;Colisão traseira;2;2;0;0;1;0;2
19/04/2021;19:10:00;250;Acidente sem Vítimas;498,25;BR-040/MG;Norte;Colisão lateral;1;2;0;0;0;0;1
19/04/2021;21:47:00;281;Acidente com Vítimas;550,6;BR-040/MG;Sul;Colisão traseira;3;2;0;1;0;0;2
20/04/2021;00:40:00;12;Acidente Fatal;730,15;BR-040/MG;Sul;Capotamento;3;0;0;0;0;1;3
20/04/2021;04:29:00;69;Acidente Fatal;599,26;BR-040/MG;Sul;Colisão frontal;1;0;0;0;1;1;3
20/04/2021;15:25:00;197;Acidente sem Vítimas;534,1;BR-040/MG;Sul;Colisão lateral;1;2;0;0;0;0;1
21/04/2021;07:10:00;78;Acidente sem Vítimas;374,5;BR-040/MG;Sul;Colisão traseira;1;2;0;0;0;0;1
21/04/2021;23:36:00;249;Acidente sem Vítimas;358,15;BR-040/MG;Sul;Colisão transversal;1;2;0;0;0;0;1
22/04/2021;01:21:00;43;Acidente sem Vítimas;58,1;BR-040/GO;Sul;Atropelamento de Animal;1;1;0;0;0;0;1
22/04/2021;16:27:00;275;Acidente sem Vítimas;58,4;BR-040/GO;Sul;Colisão traseira;2;2;0;0;0;0;1
22/04/2021;18:06:00;296;Acidente sem Vítimas;530,1;BR-040/MG;Sul;Colisão lateral;1;2;0;0;0;0;1
23/04/2021;05:19:00;80;Acidente sem Vítimas;570,1;BR-040/MG;Sul;Colisão traseira;1;3;0;0;0;0;1
23/04/2021;06:43:00;97;Acidente sem Vítimas;524,3;BR-040/MG;Sul;Colisão traseira;2;2;0;0;0;0;1
23/04/2021;18:26:00;253;Acidente com Vítimas;50,6;BR-040/MG;Norte;Colisão lateral;1;0;1;0;0;0;1