data;horario;n_da_ocorrencia;tipo_de_ocorrencia;km;trecho;sentido;tipo_de_acidente;caminhao;ilesos;levemente_feridos;moderadamente_feridos;gravemente_feridos;mortos;3
24/04/2021;07:31:00;63;Acidente sem Vítimas;717,8;BR-040/MG;Sul;Choque c/ Objeto Fixo;2;1;0;0;0;0;1
24/04/2021;15:10:00;148;Acidente com Vítimas;108,5;BR-040/GO;Norte;Colisão traseira;1;1;0;1;0;0;2
26/04/2021;18:43:00;296;Acidente com Vítimas;126,9;BR-040/GO;Norte;Colisão traseira;1;0;2;0;0;0;1
27/04/2021;14:51:00;183;Acidente com Vítimas;507;BR-040/MG;Norte;Colisão traseira;1;1;1;0;0;0;1
27/04/2021;15:35:00;189;Acidente com Vítimas;517,8;BR-040/MG;Norte;Colisão traseira;1;2;1;0;0;0;1
27/04/2021;21:17:00;257;Acidente com Vítimas;248,7;BR-040/MG;Norte;Choque c/ Objeto Fixo;1;0;0;0;1;0;2
27/04/2021;22:09:00;264;Acidente Fatal;149,5;BR-040/MG;Norte;Colisão traseira;2;2;0;0;0;1;3
28/04/2021;11:41:00;177;Acidente sem Vítimas;24,12;BR-040/GO;Sul;Colisão traseira;1;0;0;0;0;0;1
28/04/2021;12:06:00;180;Acidente com Vítimas;528,6;BR-040/MG;Sul;Colisão traseira;2;1;0;2;0;0;2
28/04/2021;12:26:00;184;Acidente sem Vítimas;504,7;BR-040/MG;Sul;Engavetamento;1;4;0;0;0;0;1
28/04/2021;14:50:00;211;Acidente sem Vítimas;550,1;BR-040/MG;Sul;Colisão lateral;1;1;0;0;0;0;1
29/04/2021;08:56:00;153;Acidente sem Vítimas;608,3;BR-040/MG;Sul;Choque c/ Objeto Fixo;2;1;0;0;0;0;1
01/05/2021;23:36:00;212;Acidente sem Vítimas;442,15;BR-040/MG;Sul;Atropelamento de Animal;2;0;0;0;0;0;1
03/05/2021;10:03:00;186;Acidente com Vítimas;517,65;BR-040/MG;Sul;Engavetamento;2;2;0;0;0;0;1
03/05/2021;15:16:00;250;Acidente sem Vítimas;611,6;BR-040/MG;Sul;Colisão traseira;1;2;0;0;0;0;1
03/05/2021;20:50:00;309;Acidente sem Vítimas;436,8;BR-040/MG;Sul;Colisão lateral;1;2;0;0;0;0;1
03/05/2021;21:18:00;316;Acidente sem Vítimas;501,5;BR-040/MG;Sul;Colisão traseira;1;2;1;0;0;0;1
04/05/2021;04:05:00;78;Acidente com Vítimas;437,3;BR-040/MG;Sul;Choque c/ Objeto Fixo;2;0;0;2;0;0;2
04/05/2021;11:40:00;165;Acidente com Vítimas;543,99;BR-040/MG;Sul;Colisão lateral;1;4;2;0;0;0;1
04/05/2021;18:43:00;233;Acidente sem Vítimas;2,1;BR-040/GO;Sul;Colisão lateral;2;2;0;0;0;0;1
06/05/2021;06:08:00;83;Acidente sem Vítimas;601,2;BR-040/MG;Sul;Colisão lateral;2;2;0;0;0;0;1
06/05/2021;18:32:00;237;Acidente sem Vítimas;11,5;BR-040/GO;Sul;Tombamento;1;1;0;0;0;0;1
07/05/2021;07:32:00;135;Acidente com Vítimas;539,3;BR-040/MG;Norte;Colisão traseira;1;3;1;0;0;0;1
07/05/2021;22:52:00;362;Acidente sem Vítimas;729,15;BR-040/MG;Sul;Choque c/ Objeto Fixo;1;2;0;0;0;0;1
07/05/2021;23:01:00;363;Acidente sem Vítimas;505,3;BR-040/MG;Norte;Capotamento;3;5;0;0;0;0;1
09/05/2021;02:44:00;20;Acidente com Vítimas;79,1;BR-040/GO;Sul;Tombamento;1;1;1;0;0;0;1
09/05/2021;23:58:00;258;Acidente com Vítimas;678,2;BR-040/MG;Norte;Choque c/ Objeto Fixo;1;0;0;1;0;0;2
10/05/2021;00:16:00;5;Acidente sem Vítimas;87,4;BR-040/GO;Norte;Atropelamento de Animal;2;0;0;0;0;0;1
10/05/2021;11:54:00;144;Acidente sem Vítimas;12,1;BR-040/GO;Sul;Colisão traseira;1;1;0;0;0;0;1
10/05/2021;20:09:00;227;Acidente sem Vítimas;537,1;Fora_Rota;Norte;Choque com objeto;2;1;0;0;0;0;1
11/05/2021;01:07:00;54;Acidente sem Vítimas;99,2;BR-040/GO;Sul;Atropelamento de Animal;2;1;0;0;0;0;1
11/05/2021;13:28:00;176;Acidente com Vítimas;663,2;BR-040/MG;Sul;Choque c/ Objeto Fixo;3;1;2;0;0;0;1
11/05/2021;13:30:00;177;Acidente sem Vítimas;535,2;BR-040/MG;Norte;Colisão traseira;1;2;0;0;0;0;1
11/05/2021;16:37:00;205;Acidente com Vítimas;12,5;BR-040/GO;Norte;Colisão lateral;1;2;0;1;0;0;2
12/05/2021;20:17:00;280;Acidente sem Vítimas;517,6;BR-040/MG;Norte;Choque c/ Objeto Fixo;2;0;0;0;0;0;1
13/05/2021;07:42:00;120;Acidente sem Vítimas;533,1;BR-040/MG;Norte;Engavetamento;2;5;0;0;0;0;1
13/05/2021;09:58:00;149;Acidente com Vítimas;521,2;BR-040/MG;Sul;Colisão lateral;1;1;0;2;0;0;2
13/05/2021;23:32:00;315;Acidente sem Vítimas;509,5;BR-040/MG;Sul;Atropelamento de Animal;1;0;0;0;0;0;1
14/05/2021;12:47:00;162;Acidente sem Vítimas;637,8;BR-040/MG;Sul;Tombamento;1;0;0;0;0;0;1
16/05/2021;07:08:00;60;Acidente sem Vítimas;590,2;BR-040/MG;Sul;Engavetamento;3;4;0;0;0;0;1
16/05/2021;15:37:00;153;Acidente sem Vítimas;596,15;BR-040/MG;Norte;Colisão frontal;1;2;0;0;0;0;1
17/05/2021;07:57:00;100;Acidente sem Vítimas;369,3;BR-040/MG;Sul;Colisão lateral;2;2;0;0;0;0;1
17/05/2021;09:58:00;126;Acidente Fatal;689,6;BR-040/MG;Sul;Colisão traseira;1;3;0;0;1;1;3
17/05/2021;20:51:00;249;Acidente Fatal;588,3;BR-040/MG;Sul;Colisão lateral;2;5;0;2;1;1;3
18/05/2021;00:49:00;5;Acidente com Vítimas;11,9;BR-040/GO;Sul;Colisão transversal;2;3;0;0;2;0;2
19/05/2021;13:43:00;178;Acidente sem Vítimas;471,23;BR-040/MG;Norte;Capotamento;1;2;0;1;0;0;2
19/05/2021;14:41:00;193;Acidente com Vítimas;144,7;BR-040/MG;Norte;Tombamento;1;1;1;0;0;0;1
19/05/2021;18:38:00;246;Acidente sem Vítimas;703,1;BR-040/MG;Sul;Colisão traseira;2;2;0;0;0;0;1
20/05/2021;06:50:00;86;Acidente com Vítimas;740,9;BR-040/MG;Norte;Tombamento;1;2;0;0;0;0;1
21/05/2021;04:45:00;62;Acidente sem Vítimas;758,15;BR-040/MG;Sul;Tombamento;2;1;0;0;0;0;1
21/05/2021;08:06:00;115;Acidente com Vítimas;569,3;BR-040/MG;Norte;Colisão lateral;2;4;0;2;0;0;2
22/05/2021;00:57:00;18;Acidente sem Vítimas;487,2;BR-040/MG;Norte;Colisão traseira;1;0;0;0;0;0;1
23/05/2021;22:52:00;215;Acidente sem Vítimas;595,1;BR-040/MG;Sul;Colisão traseira;2;2;0;0;0;0;1
24/05/2021;07:20:00;145;Acidente sem Vítimas;687,45;BR-040/MG;Sul;Colisão frontal;1;2;2;0;0;0;1
25/05/2021;08:47:00;139;Acidente Fatal;473,777;BR-040/MG;Sul;Colisão traseira;1;1;0;0;0;1;3
25/05/2021;15:45:00;229;Acidente com Vítimas;547,5;BR-040/MG;Sul;Colisão lateral;2;3;2;0;0;0;1
26/05/2021;10:10:00;139;Acidente sem Vítimas;680,1;BR-040/MG;Sul;Colisão lateral;4;5;0;0;0;0;1
28/05/2021;16:54:00;278;Acidente sem Vítimas;547,2;BR-040/MG;Norte;Colisão traseira;2;2;0;0;0;0;1
28/05/2021;21:59:00;355;Acidente sem Vítimas;23,1;BR-040/GO;Norte;Colisão traseira;1;1;0;0;0;0;1
29/05/2021;09:05:00;71;Acidente com Vítimas;747,5;BR-040/MG;Norte;Colisão lateral;1;4;1;1;0;0;2
01/06/2021;12:38:00;220;Acidente com Vítimas;528,351;BR-040/MG;Sul;Colisão lateral;1;2;2;0;0;0;1
02/06/2021;13:45:00;180;Acidente sem Vítimas;561,3;BR-040/MG;Sul;Capotamento;1;2;0;0;0;0;1
02/06/2021;16:30:00;213;Acidente com Vítimas;599,35;BR-040/MG;Norte;Colisão traseira;2;2;1;0;0;0;1
02/06/2021;23:59:00;317;Acidente sem Vítimas;728,3;BR-040/MG;Norte;Choque c/ Objeto Fixo;1;1;0;0;0;0;1
03/06/2021;01:08:00;15;Acidente com Vítimas;507,3;BR-040/MG;Norte;Colisão traseira;1;3;1;0;0;0;1
03/06/2021;22:54:00;297;Acidente com Vítimas;737,1;BR-040/MG;Sul;Tombamento;1;1;0;0;1;0;2
04/06/2021;04:21:00;41;Acidente sem Vítimas;462,16;BR-040/MG;Norte;Colisão traseira;3;2;0;0;0;0;1
04/06/2021;07:37:00;70;Acidente com Vítimas;6,8;BR-040/GO;Norte;Colisão traseira;1;2;0;2;0;0;2
04/06/2021;17:17:00;199;Acidente sem Vítimas;611,31;BR-040/MG;Sul;Colisão transversal;1;2;0;0;0;0;1
05/06/2021;05:54:00;45;Acidente sem Vítimas;699,3;BR-040/MG;Sul;Tombamento;1;1;0;0;0;0;1
06/06/2021;21:01:00;176;Acidente com Vítimas;7,1;BR-040/DF;Sul;Colisão traseira;1;2;0;1;0;0;2
06/06/2021;23:49:00;199;Acidente Fatal;439,49;BR-040/MG;Sul;Colisão traseira;1;0;0;0;0;1;3
08/06/2021;05:39:00;66;Acidente sem Vítimas;354,5;BR-040/MG;Sul;Choque c/ Objeto Fixo;2;1;0;0;0;0;1
09/06/2021;10:47:00;162;Acidente com Vítimas;44,3;BR-040/MG;Norte;Colisão frontal;1;2;0;1;0;0;2
09/06/2021;13:21:00;187;Acidente sem Vítimas;533,5;BR-040/MG;Sul;Colisão traseira;1;2;0;0;0;0;1
09/06/2021;16:25:00;238;Acidente com Vítimas;588;BR-040/MG;Norte;Capotamento;1;1;0;0;1;0;2
10/06/2021;01:08:00;40;Acidente sem Vítimas;582,7;BR-040/MG;Sul;Colisão traseira;2;2;0;0;0;0;1
10/06/2021;11:30:00;171;Acidente sem Vítimas;533,2;BR-040/MG;Norte;Colisão lateral;1;2;0;0;0;0;1
10/06/2021;13:38:00;198;Acidente sem Vítimas;516,458;BR-040/MG;Sul;Choque c/ Objeto Fixo;2;1;0;0;0;0;1
10/06/2021;17:32:00;244;Acidente com Vítimas;594,2;BR-040/MG;Sul;Colisão traseira;1;3;2;0;0;0;1
10/06/2021;18:12:00;254;Acidente com Vítimas;39,5;BR-040/MG;Norte;Colisão transversal;1;2;1;0;0;0;1
10/06/2021;18:18:00;255;Acidente sem Vítimas;702,15;BR-040/MG;Norte;Colisão traseira;1;2;0;0;0;0;1
11/06/2021;02:41:00;26;Acidente sem Vítimas;587,3;BR-040/MG;Norte;Colisão lateral;2;1;0;0;0;0;1
11/06/2021;14:41:00;203;Acidente sem Vítimas;582,1;BR-040/MG;Norte;Colisão traseira;1;2;0;0;0;0;1
11/06/2021;21:00:00;307;Acidente com Vítimas;92,275;BR-040/GO;Norte;Colisão transversal;1;1;0;1;0;0;2
13/06/2021;08:58:00;114;Acidente com Vítimas;547,8;BR-040/MG;Norte;Choque c/ Objeto Fixo;1;1;0;1;0;0;2
14/06/2021;16:31:00;222;Acidente sem Vítimas;487,2;BR-040/MG;Sul;Colisão traseira;1;2;0;0;0;0;1
15/06/2021;07:27:00;96;Acidente com Vítimas;518,2;BR-040/MG;Sul;Colisão traseira;1;0;0;1;0;0;2
16/06/2021;07:53:00;123;Acidente sem Vítimas;717;BR-040/MG;Norte;Choque c/ Objeto Fixo;2;1;0;0;0;0;1
16/06/2021;18:12:00;260;Acidente sem Vítimas;215,2;BR-040/MG;Norte;Colisão traseira;2;1;0;0;0;0;1
16/06/2021;22:12:00;309;Acidente sem Vítimas;372,2;BR-040/MG;Sul;Choque c/ Objeto Fixo;3;1;0;0;0;0;1
17/06/2021;09:10:00;169;Acidente sem Vítimas;576,75;BR-040/MG;Sul;Colisão traseira;1;2;0;0;0;0;1
18/06/2021;04:52:00;60;Acidente sem Vítimas;535,3;BR-040/MG;Sul;Tombamento;1;0;0;0;0;0;1
18/06/2021;08:26:00;116;Acidente sem Vítimas;539,2;BR-040/MG;Sul;Engavetamento;1;0;0;0;0;0;1
18/06/2021;14:27:00;200;Acidente com Vítimas;577,4;BR-040/MG;Sul;Colisão frontal;1;2;2;0;0;0;1
18/06/2021;15:50:00;222;Acidente com Vítimas;705,2;BR-040/MG;Norte;Tombamento;2;1;0;0;0;0;1
18/06/2021;19:28:00;285;Acidente sem Vítimas;684,15;BR-040/MG;Norte;Choque c/ Objeto Fixo;1;3;0;0;0;0;1
19/06/2021;21:09:00;235;Acidente Fatal;442,89;BR-040/MG;Sul;Tombamento;1;1;1;0;0;1;3
21/06/2021;10:31:00;158;Acidente sem Vítimas;597,5;BR-040/MG;Sul;Colisão lateral;1;2;0;0;0;0;1
22/06/2021;12:27:00;155;Acidente com Vítimas;456,4;BR-040/MG;Norte;Colisão traseira;2;1;0;1;0;0;2
22/06/2021;18:35:00;237;Acidente com Vítimas;451,35;BR-040/MG;Norte;Tombamento de Moto;1;0;1;0;0;0;1
22/06/2021;20:32:00;255;Acidente sem Vítimas;652,15;BR-040/MG;Norte;Atropelamento de Animal;1;1;0;0;0;0;1
23/06/2021;21:19:00;240;Acidente sem Vítimas;555,8;BR-040/MG;Norte;Colisão transversal;1;1;0;0;0;0;1
25/06/2021;06:58:00;104;Acidente com Vítimas;656,7;BR-040/MG;Norte;Colisão traseira;1;2;1;0;0;0;1
25/06/2021;17:04:00;251;Acidente sem Vítimas;467,74;BR-040/MG;Sul;Colisão traseira;3;4;0;0;0;0;1
27/06/2021;07:00:00;45;Acidente com Vítimas;517,5;BR-040/MG;Sul;Colisão lateral;1;0;1;0;0;0;1
28/06/2021;15:55:00;261;Acidente com Vítimas;9,5;BR-040/GO;Sul;Colisão traseira;1;2;0;1;0;0;2
29/06/2021;06:03:00;95;Acidente sem Vítimas;520,3;BR-040/MG;Sul;Tombamento;1;2;0;0;0;0;1
29/06/2021;12:48:00;211;Acidente sem Vítimas;692,8;BR-040/MG;Sul;Colisão traseira;5;0;0;0;0;0;1
01/07/2021;20:02:00;299;Acidente sem Vítimas;616,12;BR-040/MG;Norte;Colisão traseira;1;2;0;0;0;0;1
02/07/2021;16:45:00;266;Acidente sem Vítimas;520,2;BR-040/MG;Norte;Colisão traseira;1;0;1;0;0;0;1
02/07/2021;17:13:00;275;Acidente sem Vítimas;44,1;BR-040/MG;Norte;Colisão lateral;1;2;0;0;0;0;1
03/07/2021;05:54:00;60;Acidente com Vítimas;479,8;BR-040/MG;Sul;Colisão lateral;1;1;1;0;0;0;1
04/07/2021;09:54:00;67;Acidente sem Vítimas;524,2;BR-040/MG;Norte;Colisão lateral;2;3;0;0;0;0;1
06/07/2021;10:42:00;161;Acidente sem Vítimas;535,15;BR-040/MG;Norte;Colisão lateral;1;0;0;0;0;0;1
08/07/2021;04:58:00;84;Acidente sem Vítimas;506,3;BR-040/MG;Norte;Colisão traseira;2;0;0;0;0;0;1
08/07/2021;10:10:00;159;Acidente sem Vítimas;490,2;BR-040/MG;Norte;Colisão lateral;1;0;0;0;0;0;1
08/07/2021;15:14:00;208;Acidente sem Vítimas;592;BR-040/MG;Sul;Colisão traseira;1;2;0;0;0;0;1
08/07/2021;19:08:00;260;Acidente sem Vítimas;455,308;BR-040/MG;Sul;Choque c/ Objeto Fixo;1;1;0;0;0;0;1
08/07/2021;21:39:00;288;Acidente sem Vítimas;437,34;BR-040/MG;Sul;Tombamento;1;1;0;0;0;0;1
08/07/2021;23:47:00;311;Acidente sem Vítimas;66;BR-040/MG;Norte;Colisão lateral;3;2;0;0;0;0;1
09/07/2021;14:26:00;196;Acidente com Vítimas;618,936;BR-040/MG;Sul;Colisão transversal;1;1;0;0;0;0;1
09/07/2021;17:05:00;237;Acidente sem Vítimas;524,9;BR-040/MG;Norte;Colisão traseira;1;0;0;0;0;0;1
09/07/2021;21:46:00;335;Acidente sem Vítimas;537,8;BR-040/MG;Norte;Tombamento;2;1;0;0;0;0;1
11/07/2021;23:13:00;229;Acidente com Vítimas;8,6;BR-040/GO;Sul;Colisão traseira;1;2;2;0;0;0;1
12/07/2021;08:57:00;133;Acidente com Vítimas;522,3;BR-040/MG;Norte;Tombamento;1;0;2;0;0;0;1
12/07/2021;10:36:00;165;Acidente sem Vítimas;747,4;BR-040/MG;Sul;Colisão lateral;1;2;0;0;0;0;1
12/07/2021;19:27:00;284;Acidente com Vítimas;666,9;BR-040/MG;Sul;Engavetamento;2;6;2;0;0;0;1
14/07/2021;00:12:00;17;Acidente sem Vítimas;561,73;BR-040/MG;Sul;Tombamento;2;1;0;0;0;0;1
14/07/2021;03:04:00;71;Acidente sem Vítimas;568,633;BR-040/MG;Sul;Colisão traseira;1;2;0;0;0;0;1
14/07/2021;08:05:00;124;Acidente com Vítimas;542,5;BR-040/MG;Sul;Engavetamento;3;0;1;0;0;0;1
14/07/2021;10:52:00;170;Acidente com Vítimas;612,5;BR-040/MG;Sul;Colisão traseira;1;2;10;1;0;0;2
14/07/2021;13:26:00;212;Acidente sem Vítimas;443,2;BR-040/MG;Sul;Colisão traseira;2;0;0;0;0;0;1
15/07/2021;06:11:00;111;Acidente com Vítimas;450,5;BR-040/MG;Sul;Colisão traseira;1;2;0;1;0;0;2
16/07/2021;06:56:00;98;Acidente sem Vítimas;552,8;BR-040/MG;Sul;Colisão lateral;1;0;0;0;0;0;1
16/07/2021;09:04:00;135;Acidente sem Vítimas;544,2;BR-040/MG;Norte;Colisão traseira;1;1;0;0;0;0;1
17/07/2021;12:43:00;129;Acidente sem Vítimas;447,5;BR-040/MG;Sul;Colisão lateral;1;0;0;0;0;0;1
19/07/2021;07:56:00;126;Acidente sem Vítimas;81,65;BR-040/MG;Norte;Engavetamento;1;16;0;0;0;0;1
19/07/2021;17:09:00;257;Acidente com Vítimas;533,2;BR-040/MG;Sul;Engavetamento;1;0;1;0;0;0;1
20/07/2021;06:26:00;37;Acidente Fatal;528,1;BR-040/MG;Sul;Colisão lateral;1;0;0;0;0;1;3
22/07/2021;15:48:00;222;Acidente sem Vítimas;13,2;BR-040/GO;Norte;Colisão traseira;2;3;0;0;0;0;1
22/07/2021;17:40:00;246;Acidente com Vítimas;604,5;BR-040/MG;Sul;Colisão traseira;2;2;0;1;1;0;2
23/07/2021;11:28:00;156;Acidente sem Vítimas;6,3;BR-040/DF;Sul;Choque c/ Objeto Fixo;1;1;0;0;0;0;1
24/07/2021;04:22:00;23;Acidente sem Vítimas;665,7;BR-040/MG;Sul;Colisão traseira;1;2;0;0;0;0;1
24/07/2021;18:19:00;175;Acidente Fatal;136,6;BR-040/GO;Norte;Atropelamento de Pedestre;1;1;0;0;0;1;3
26/07/2021;12:21:00;161;Acidente com Vítimas;509,5;BR-040/MG;Sul;Engavetamento;1;0;0;0;0;0;1
27/07/2021;04:53:00;81;Acidente sem Vítimas;616,1;BR-040/MG;Norte;Colisão traseira;1;1;0;0;0;0;1
27/07/2021;07:06:00;116;Acidente sem Vítimas;497,21;BR-040/MG;Sul;Colisão lateral;1;1;0;0;0;0;1
27/07/2021;08:59:00;138;Acidente sem Vítimas;3,5;BR-040/GO;Norte;Colisão traseira;1;2;0;0;0;0;1
27/07/2021;21:14:00;296;Acidente Fatal;572,5;BR-040/MG;Norte;Atropelamento de Pedestre;1;1;0;0;0;1;3
28/07/2021;00:46:00;4;Acidente sem Vítimas;451,5;BR-040/MG;Sul;Colisão lateral;1;1;0;0;0;0;1
28/07/2021;12:42:00;185;Acidente sem Vítimas;538,5;BR-040/MG;Norte;Colisão traseira;2;0;0;0;0;0;1
28/07/2021;20:49:00;301;Acidente sem Vítimas;592,75;BR-040/MG;Sul;Colisão traseira;2;1;0;0;0;0;1
30/07/2021;14:00:00;211;Acidente sem Vítimas;91,274;BR-040/MG;Sul;Colisão traseira;2;2;0;0;0;0;1
30/07/2021;15:40:00;231;Acidente sem Vítimas;503,6;BR-040/MG;Norte;Colisão traseira;1;0;0;0;0;0;1
03/08/2021;11:25:00;176;Acidente sem Vítimas;224,5;BR-040/MG;Sul;Colisão traseira;2;3;0;0;0;0;1
03/08/2021;16:58:00;235;Acidente sem Vítimas;68,9;BR-040/GO;Sul;Colisão traseira;1;2;0;0;0;0;1
04/08/2021;12:05:00;202;Acidente sem Vítimas;415,98;BR-040/MG;Norte;Tombamento;3;0;0;0;0;0;1
04/08/2021;13:17:00;213;Acidente sem Vítimas;602,6;BR-040/MG;Norte;Colisão traseira;2;2;0;0;0;0;1
04/08/2021;15:11:00;248;Acidente com Vítimas;526,6;BR-040/MG;Norte;Colisão lateral;1;0;0;0;0;0;1
05/08/2021;04:19:00;75;Acidente sem Vítimas;544,19;BR-040/MG;Norte;Colisão traseira;1;2;0;0;0;0;1
05/08/2021;08:48:00;148;Acidente com Vítimas;567,3;BR-040/MG;Norte;Colisão traseira;1;2;0;0;0;0;1
05/08/2021;10:02:00;168;Acidente sem Vítimas;563,5;BR-040/MG;Sul;Colisão traseira;1;0;0;0;0;0;1
06/08/2021;03:17:00;43;Acidente sem Vítimas;464,4;BR-040/MG;Sul;Tombamento;4;0;0;0;0;0;1
06/08/2021;05:31:00;80;Acidente Fatal;128,7;BR-040/MG;Norte;Atropelamento de Pedestre;2;25;0;0;0;1;3
07/08/2021;03:35:00;28;Acidente sem Vítimas;569,15;BR-040/MG;Norte;Tombamento;2;1;0;0;0;0;1
07/08/2021;06:44:00;46;Acidente com Vítimas;463,26;BR-040/MG;Norte;Colisão traseira;3;0;1;0;0;0;1
07/08/2021;15:30:00;146;Acidente com Vítimas;463,755;BR-040/MG;Sul;Colisão traseira;2;3;0;1;0;0;2
08/08/2021;08:18:00;44;Acidente sem Vítimas;729,9;BR-040/MG;Sul;Tombamento;2;4;0;0;0;0;1
08/08/2021;09:30:00;54;Acidente com Vítimas;12,3;BR-040/GO;Norte;Colisão traseira;3;3;0;1;0;0;2
08/08/2021;16:07:00;139;Acidente sem Vítimas;560,995;BR-040/MG;Norte;Colisão lateral;4;0;0;0;0;0;1
09/08/2021;07:31:00;86;Acidente sem Vítimas;603;BR-040/MG;Sul;Colisão lateral;1;3;0;0;0;0;1
09/08/2021;19:00:00;248;Acidente com Vítimas;521,3;BR-040/MG;Sul;Colisão lateral;1;5;1;0;0;0;1
09/08/2021;19:51:00;255;Acidente com Vítimas;541,125;BR-040/MG;Sul;Colisão traseira;1;0;0;1;0;0;2
09/08/2021;21:46:00;274;Acidente sem Vítimas;449,2;BR-040/MG;Sul;Colisão traseira;1;2;0;0;0;0;1
10/08/2021;00:05:00;1;Acidente sem Vítimas;444,5;BR-040/MG;Sul;Tombamento;2;0;0;0;0;0;1
10/08/2021;04:38:00;66;Acidente com Vítimas;299,9;BR-040/MG;Sul;Tombamento;1;1;1;0;0;0;1
11/08/2021;06:30:00;92;Acidente com Vítimas;299,75;BR-040/MG;Norte;Tombamento;2;1;0;1;0;0;2
12/08/2021;11:34:00;193;Acidente sem Vítimas;705;BR-040/MG;Norte;Choque c/ Objeto Fixo;1;2;0;0;0;0;1
13/08/2021;07:59:00;109;Acidente com Vítimas;577,3;BR-040/MG;Sul;Colisão traseira;1;2;0;1;0;0;2
13/08/2021;17:39:00;239;Acidente sem Vítimas;533,1;BR-040/MG;Norte;Colisão lateral;2;0;0;0;0;0;1
14/08/2021;03:21:00;32;Acidente sem Vítimas;423,5;BR-040/MG;Sul;Colisão traseira;1;0;0;0;0;0;1
15/08/2021;17:33:00;202;Acidente sem Vítimas;274,1;BR-040/MG;Norte;Engavetamento;2;5;0;0;0;0;1
16/08/2021;17:32:00;254;Acidente sem Vítimas;537,1;BR-040/MG;Norte;Colisão lateral;3;0;0;0;0;0;1
17/08/2021;06:27:00;74;Acidente com Vítimas;612;BR-040/MG;Sul;Colisão traseira;2;2;0;1;0;0;2
17/08/2021;13:10:00;149;Acidente com Vítimas;694,1;BR-040/MG;Sul;Colisão traseira;2;2;0;1;0;0;2
18/08/2021;03:18:00;47;Acidente sem Vítimas;501,2;BR-040/MG;Norte;Colisão traseira;3;0;0;0;0;0;1
18/08/2021;12:40:00;187;Acidente sem Vítimas;539,5;BR-040/MG;Sul;Colisão lateral;1;0;0;0;0;0;1
18/08/2021;15:52:00;234;Acidente sem Vítimas;510,1;BR-040/MG;Norte;Colisão traseira;1;1;0;0;0;0;1
19/08/2021;05:24:00;83;Acidente sem Vítimas;525,3;BR-040/MG;Norte;Colisão traseira;1;0;0;0;0;0;1
19/08/2021;11:59:00;189;Acidente sem Vítimas;541,26;BR-040/MG;Norte;Choque c/ Objeto Fixo;1;0;0;0;0;0;1
19/08/2021;13:54:00;212;Acidente Fatal;416,2;BR-040/MG;Norte;Engavetamento;4;2;0;0;0;1;3
19/08/2021;17:29:00;265;Acidente sem Vítimas;632;BR-040/MG;Sul;Colisão lateral;1;2;0;0;0;0;1
19/08/2021;19:49:00;296;Acidente sem Vítimas;513,6;BR-040/MG;Norte;Choque com objeto;1;1;0;0;0;0;1
20/08/2021;07:46:00;119;Acidente com Vítimas;749,2;BR-040/MG;Norte;Colisão traseira;1;2;0;1;0;0;2
20/08/2021;13:55:00;212;Acidente Fatal;459,3;BR-040/MG;Sul;Colisão traseira;1;0;0;0;0;1;3
20/08/2021;19:09:00;285;Acidente com Vítimas;24,8;BR-040/GO;Sul;Colisão traseira;1;1;1;0;0;0;1
21/08/2021;06:15:00;26;Acidente com Vítimas;586,92;BR-040/MG;Norte;Colisão traseira;1;2;2;0;0;0;1
21/08/2021;11:44:00;82;Acidente sem Vítimas;524,2;BR-040/MG;Norte;Engavetamento;3;0;0;0;0;0;1
22/08/2021;02:56:00;18;Acidente sem Vítimas;33,5;BR-040/MG;Norte;Choque c/ Objeto Fixo;1;16;0;0;0;0;1
22/08/2021;16:47:00;136;Acidente com Vítimas;587,2;BR-040/MG;Norte;Choque c/ Objeto Fixo;1;3;1;0;0;0;1
23/08/2021;16:30:00;254;Acidente sem Vítimas;517,4;BR-040/MG;Sul;Colisão lateral;1;0;1;0;0;0;1
24/08/2021;07:03:00;85;Acidente sem Vítimas;739,2;BR-040/MG;Norte;Colisão traseira;1;1;0;0;0;0;1
24/08/2021;08:07:00;108;Acidente sem Vítimas;246,3;BR-040/MG;Norte;Colisão traseira;1;2;0;0;0;0;1
25/08/2021;06:11:00;77;Acidente com Vítimas;523,8;BR-040/MG;Sul;Colisão lateral;1;0;1;0;0;0;1
25/08/2021;12:08:00;158;Acidente sem Vítimas;54,5;BR-040/GO;Norte;Tombamento;1;1;0;0;0;0;1
25/08/2021;21:56:00;296;Acidente com Vítimas;42,15;BR-040/GO;Sul;Tombamento;1;2;0;0;0;0;1
26/08/2021;00:24:00;2;Acidente com Vítimas;726,6;BR-040/MG;Sul;Tombamento;1;1;0;1;0;0;2
26/08/2021;14:36:00;194;Acidente com Vítimas;464,8;BR-040/MG;Norte;Capotamento;1;0;1;0;0;0;1
26/08/2021;17:03:00;222;Acidente Fatal;630,8;BR-040/MG;Norte;Atropelamento de Pedestre;1;2;0;0;0;1;3
26/08/2021;22:17:00;303;Acidente sem Vítimas;451,5;BR-040/MG;Sul;Tombamento;1;1;0;0;0;0;1
27/08/2021;09:39:00;145;Acidente sem Vítimas;468,23;BR-040/MG;Norte;Colisão lateral;1;0;0;0;0;0;1
27/08/2021;14:58:00;220;Acidente sem Vítimas;429,5;BR-040/MG;Norte;Tombamento;3;0;0;0;0;0;1
28/08/2021;14:47:00;180;Acidente com Vítimas;716,89;BR-040/MG;Sul;Tombamento;1;0;1;0;0;0;1
29/08/2021;20:04:00;201;Acidente com Vítimas;38,5;BR-040/GO;Norte;Colisão traseira;2;0;0;0;1;0;2
30/08/2021;14:23:00;194;Acidente com Vítimas;586,5;BR-040/MG;Norte;Choque c/ Objeto Fixo;1;0;1;0;0;0;1
30/08/2021;15:03:00;204;Acidente com Vítimas;596,1;BR-040/MG;Norte;Colisão lateral;1;2;1;0;0;0;1
01/09/2021;10:17:00;168;Acidente sem Vítimas;3,5;BR-040/DF;Sul;Colisão lateral;2;3;0;0;0;0;1
02/09/2021;10:22:00;157;Acidente sem Vítimas;507,3;BR-040/MG;Sul;Colisão traseira;1;2;0;0;0;0;1
03/09/2021;03:18:00;50;Acidente com Vítimas;718,8;BR-040/MG;Sul;Tombamento;1;46;1;0;0;0;1