data;horario;n_da_ocorrencia;tipo_de_ocorrencia;km;trecho;sentido;tipo_de_acidente;caminhao;ilesos;levemente_feridos;moderadamente_feridos;gravemente_feridos;mortos;3
04/10/2022;16:28:00;185;Com vítima;113,800;BR-40/MG;Crescente;Choque;1;0;0;1;0;0;2
05/10/2022;00:22:00;8;Sem vítima;448,150;BR-40/MG;Crescente;Tombamento;1;0;0;0;0;0;1
06/10/2022;17:04:08;257;Sem vítima;455,500;BR-40/MG;Crescente;Choque;1;0;0;0;0;0;1
07/10/2022;01:39:00;24;Com vítima;608,100;BR-40/MG;Crescente;Colisão traseira;1;0;1;0;0;0;1
07/10/2022;10:52:00;124;Sem vítima;757,800;BR-40/MG;Crescente;Acidentes de outra natureza;1;1;0;0;0;0;1
07/10/2022;20:36:48;267;Com vítima;473,450;BR-40/MG;Decrescente;Choque;1;0;0;1;0;0;2
07/10/2022;21:05:59;274;Sem vítima;512,550;BR-40/MG;Crescente;Tombamento;1;1;0;0;0;0;1
08/10/2022;00:46:00;10;Sem vítima;463,800;BR-40/MG;Crescente;Colisão traseira;1;0;0;0;0;0;1
08/10/2022;03:56:59;27;Sem vítima;602,800;BR-40/MG;Decrescente;Colisão transversal;1;0;0;0;0;0;1
10/10/2022;08:03:19;93;Sem vítima;521,950;BR-40/MG;Crescente;Tombamento;1;1;0;0;0;0;1
11/10/2022;03:26:00;51;Com vítima;326,900;BR-40/MG;Decrescente;Colisão traseira;1;0;1;0;0;0;1
11/10/2022;13:03:00;146;Sem vítima;517,400;BR-40/MG;Decrescente;Colisão traseira;1;1;0;0;0;0;1
12/10/2022;03:37:28;36;Com vítima;687,600;BR-40/MG;Decrescente;Tombamento;1;1;0;0;0;0;1
12/10/2022;09:49:00;107;Sem vítima;506,300;BR-40/MG;Decrescente;Acidentes de outra natureza;1;1;0;0;0;0;1
14/10/2022;03:50:02;30;Sem vítima;518,850;BR-40/MG;Crescente;Atropelamento de animal;1;1;0;0;0;0;1
14/10/2022;12:16:00;97;Sem vítima;525,600;BR-40/MG;Crescente;Acidentes de outra natureza;1;0;0;0;0;0;1
14/10/2022;12:35:00;104;Com vítima;2,800;BR-40/MG;Decrescente;Acidentes de outra natureza;1;1;0;0;0;0;1
14/10/2022;13:19:00;113;Sem vítima;61,500;BR-40/MG;Decrescente;Colisão traseira;1;1;0;0;0;0;1
14/10/2022;16:50:00;187;Sem vítima;538,200;BR-40/MG;Crescente;Acidentes de outra natureza;1;0;0;0;0;0;1
15/10/2022;09:33:00;104;Sem vítima;75,500;BR-40/MG;Decrescente;Colisão traseira;1;1;0;0;0;0;1
19/10/2022;00:38:32;10;Sem vítima;101,100;BR-40/MG;Decrescente;Atropelamento de animal;1;0;0;0;0;0;1
19/10/2022;07:26:18;82;Com vítima;612,800;BR-40/MG;Decrescente;Colisão frontal;1;0;0;0;0;1;3
20/10/2022;06:38:00;75;Sem vítima;611,630;BR-40/MG;Crescente;Colisão traseira;1;1;0;0;0;0;1
20/10/2022;16:00:00;222;Com vítima;474,100;BR-40/MG;Decrescente;Tombamento;1;0;0;1;0;0;2
21/10/2022;10:45:00;142;Sem vítima;580,300;BR-40/MG;Crescente;Acidentes de outra natureza;1;1;0;0;0;0;1
23/10/2022;02:59:46;12;Sem vítima;13,250;BR-40/MG;Crescente;Tombamento;1;0;0;0;0;0;1
24/10/2022;04:14:14;45;Sem vítima;281,200;BR-40/MG;Decrescente;Atropelamento de animal;1;0;0;0;0;0;1
24/10/2022;13:34:00;191;Sem vítima;544,350;BR-40/MG;Crescente;Acidentes de outra natureza;1;1;0;0;0;0;1
24/10/2022;13:55:33;198;Sem vítima;462,100;BR-40/MG;Decrescente;Colisão traseira;1;1;0;0;0;0;1
24/10/2022;21:36:00;307;Sem vítima;584,150;BR-40/MG;Crescente;Tombamento;1;0;0;0;0;0;1
25/10/2022;16:30:45;210;Sem vítima;587,112;BR-40/MG;Decrescente;Tombamento;1;1;0;0;0;0;1
27/10/2022;07:08:00;83;Sem vítima;143,200;BR-40/MG;Crescente;Colisão frontal;1;1;0;0;0;0;1
27/10/2022;10:34:00;147;Com vítima;699,100;BR-40/MG;Crescente;Acidentes de outra natureza;1;0;0;0;0;1;3
28/10/2022;09:25:00;140;Com vítima;541,100;BR-40/MG;Crescente;Colisão traseira;1;0;1;0;0;0;1
29/10/2022;00:06:07;1;Com vítima;739,700;BR-40/MG;Crescente;Tombamento;1;0;1;0;0;0;1
29/10/2022;02:11:42;13;Sem vítima;500,312;BR-40/MG;Decrescente;Tombamento;1;1;0;0;0;0;1
30/10/2022;21:18:00;228;Sem vítima;464,250;BR-40/MG;Decrescente;Tombamento;1;0;0;0;0;0;1
31/10/2022;14:10:00;156;Sem vítima;663,400;BR-40/MG;Crescente;Choque;1;1;0;0;0;0;1
31/10/2022;14:15:00;160;Sem vítima;522,500;BR-40/MG;Crescente;Acidentes de outra natureza;1;1;0;0;0;0;1
01/11/2022;01:50:00;5;Sem vítima;144,200;BR-40/MG;Crescente;Atropelamento de animal;1;0;0;0;0;0;1
02/11/2022;03:35:00;14;Sem vítima;389,500;BR-40/MG;Crescente;Tombamento;1;1;0;0;0;0;1
02/11/2022;08:48:22;103;Sem vítima;451,335;BR-40/MG;Decrescente;Choque;1;1;0;0;0;0;1
02/11/2022;09:30:37;110;Sem vítima;462,200;BR-40/MG;Decrescente;Acidentes de outra natureza;1;1;0;0;0;0;1
02/11/2022;10:00:00;114;Com vítima;741,260;BR-40/MG;Crescente;Tombamento;1;1;0;0;0;0;1
02/11/2022;13:47:57;149;Com vítima;764,250;BR-40/MG;Crescente;Tombamento;1;0;1;0;0;0;1
03/11/2022;02:08:00;22;Sem vítima;450,500;BR-40/MG;Decrescente;Choque;1;1;0;0;0;0;1
04/11/2022;16:47:00;167;Com vítima;609,500;BR-40/MG;Crescente;Colisão transversal;1;0;1;0;0;0;1
05/11/2022;11:01:00;85;Sem vítima;270,600;BR-40/MG;Decrescente;Tombamento;1;1;0;0;0;0;1
06/11/2022;14:48:00;122;Sem vítima;80,100;BR-40/MG;Crescente;Colisão traseira;1;1;0;0;0;0;1
09/11/2022;15:45:00;217;Sem vítima;589,200;BR-40/MG;Crescente;Colisão frontal;1;1;0;0;0;0;1
10/11/2022;01:51:00;67;Sem vítima;588,100;BR-40/MG;Crescente;Atropelamento de animal;1;1;0;0;0;0;1
12/11/2022;05:44:19;52;Sem vítima;648,500;BR-40/MG;Crescente;Acidentes de outra natureza;1;1;0;0;0;0;1
12/11/2022;19:07:10;226;Com vítima;731,500;BR-40/MG;Decrescente;Choque;1;0;0;0;1;0;2
13/11/2022;23:48:26;230;Sem vítima;474,200;BR-40/MG;Decrescente;Tombamento;1;1;0;0;0;0;1
15/11/2022;14:01:00;182;Sem vítima;245,100;BR-40/MG;Decrescente;Colisão traseira;1;1;0;0;0;0;1
15/11/2022;20:44:00;279;Sem vítima;729,650;BR-40/MG;Decrescente;Engavetamento;1;1;0;0;0;0;1
20/11/2022;10:58:00;56;Com vítima;593,300;BR-40/MG;Decrescente;Acidentes de outra natureza;1;1;0;0;0;0;1
21/11/2022;10:41:00;114;Sem vítima;568,500;BR-40/MG;Crescente;Tombamento;1;1;0;0;0;0;1
23/11/2022;12:00:00;159;Sem vítima;8,200;BR-40/MG;Crescente;Tombamento;1;1;0;0;0;0;1
23/11/2022;12:19:41;164;Sem vítima;600,800;BR-40/MG;Decrescente;Choque;1;1;0;0;0;0;1
23/11/2022;21:40:00;286;Sem vítima;98,050;BR-40/MG;Decrescente;Atropelamento de animal;1;1;0;0;0;0;1
24/11/2022;08:10:00;106;Sem vítima;84,300;BR-40/MG;Crescente;Tombamento;1;1;0;0;0;0;1
24/11/2022;11:21:52;164;Sem vítima;518,600;BR-40/MG;Crescente;Tombamento;1;1;0;0;0;0;1
24/11/2022;23:35:51;281;Com vítima;735,150;BR-40/MG;Decrescente;Colisão frontal;1;1;0;0;0;0;1
25/11/2022;14:25:00;208;Com vítima;95,800;BR-40/MG;Decrescente;Colisão transversal;1;1;0;0;0;0;1
26/11/2022;11:30:34;101;Sem vítima;145,100;BR-40/MG;Crescente;Choque;1;1;0;0;0;0;1
26/11/2022;12:52:01;118;Sem vítima;532,392;BR-40/MG;Crescente;Choque;1;1;0;0;0;0;1
26/11/2022;14:48:53;139;Sem vítima;592,900;BR-40/MG;Crescente;Choque;1;1;0;0;0;0;1
27/11/2022;00:41:00;5;Com vítima;447,900;BR-40/MG;Decrescente;Choque;1;0;1;0;0;0;1
28/11/2022;07:24:00;77;Sem vítima;490,100;BR-40/MG;Decrescente;Acidentes de outra natureza;1;1;0;0;0;0;1
28/11/2022;18:45:00;237;Sem vítima;49,020;BR-40/MG;Crescente;Choque;1;1;0;0;0;0;1
28/11/2022;23:36:46;281;Com vítima;525,300;BR-40/MG;Decrescente;Colisão traseira;1;0;1;0;0;0;1
29/11/2022;05:34:55;62;Sem vítima;754,800;BR-40/MG;Decrescente;Tombamento;1;1;0;0;0;0;1
29/11/2022;17:11:00;214;Com vítima;711,250;BR-40/MG;Decrescente;Choque;1;0;0;0;1;0;2
29/11/2022;20:57:00;269;Com vítima;327,400;BR-40/MG;Decrescente;Colisão traseira;1;0;0;1;0;0;2
30/11/2022;08:34:33;81;Sem vítima;491,350;BR-40/MG;Decrescente;Colisão traseira;1;1;0;0;0;0;1
01/12/2022;01:42:00;24;Sem vítima;247,800;BR-40/MG;Decrescente;Tombamento;1;1;0;0;0;0;1
01/12/2022;04:57:09;62;Com vítima;521,080;BR-40/MG;Crescente;Tombamento;1;0;1;0;0;0;1
02/12/2022;18:59:35;264;Sem vítima;764,190;BR-40/MG;Crescente;Acidentes de outra natureza;1;1;0;0;0;0;1
02/12/2022;19:51:00;277;Com vítima;463,500;BR-40/MG;Decrescente;Tombamento;1;0;1;0;0;0;1
04/12/2022;13:57:00;86;Sem vítima;341,250;BR-40/MG;Crescente;Choque;1;1;0;0;0;0;1
05/12/2022;14:52:00;183;Com vítima;438,500;BR-40/MG;Decrescente;Capotamento;1;0;1;0;0;0;1
06/12/2022;14:00:19;166;Sem vítima;592,100;BR-40/MG;Decrescente;Choque;1;1;0;0;0;0;1
06/12/2022;17:21:38;213;Sem vítima;567,700;BR-40/MG;Crescente;Choque;1;1;0;0;0;0;1
06/12/2022;22:47:00;260;Sem vítima;505,300;BR-40/MG;Crescente;Colisão traseira;1;1;0;0;0;0;1
08/12/2022;06:50:00;79;Sem vítima;752,800;BR-40/MG;Decrescente;Acidentes de outra natureza;1;1;0;0;0;0;1
09/12/2022;00:42:00;34;Sem vítima;526,400;BR-40/MG;Decrescente;Colisão traseira;1;1;0;0;0;0;1
12/12/2022;03:48:00;56;Sem vítima;421,400;BR-40/MG;Crescente;Colisão frontal;1;1;0;0;0;0;1
12/12/2022;10:35:00;143;Sem vítima;577,200;BR-40/MG;Decrescente;Colisão traseira;1;1;0;0;0;0;1
13/12/2022;21:31:01;279;Sem vítima;622,500;BR-40/MG;Crescente;Colisão traseira;1;1;0;0;0;0;1
14/12/2022;08:57:00;97;Sem vítima;512,800;BR-40/MG;Crescente;Colisão traseira;1;1;0;0;0;0;1
14/12/2022;18:11:00;197;Sem vítima;199,250;BR-40/MG;Decrescente;Tombamento;1;1;0;0;0;0;1
15/12/2022;17:50:00;223;Com vítima;591,900;BR-40/MG;Crescente;Colisão traseira;1;0;0;1;0;0;2
17/12/2022;10:47:00;103;Sem vítima;246,300;BR-40/MG;Crescente;Choque;1;1;0;0;0;0;1
18/12/2022;05:07:59;23;Sem vítima;496,300;BR-40/MG;Decrescente;Colisão traseira;1;1;0;0;0;0;1
19/12/2022;04:38:23;54;Sem vítima;682,100;BR-40/MG;Decrescente;Colisão traseira;1;1;0;0;0;0;1
19/12/2022;06:36:00;60;Com vítima;474,205;BR-40/MG;Crescente;Tombamento;1;0;0;1;0;0;2
20/12/2022;05:21:00;70;Sem vítima;455,100;BR-40/MG;Decrescente;Choque;1;1;0;0;0;0;1
20/12/2022;21:48:06;300;Sem vítima;590,520;BR-40/MG;Crescente;Choque;1;1;0;0;0;0;1
21/12/2022;20:31:00;297;Sem vítima;459,980;BR-40/MG;Decrescente;Tombamento;1;1;0;0;0;0;1
22/12/2022;20:29:00;308;Sem vítima;661,200;BR-40/MG;Decrescente;Tombamento;1;1;0;0;0;0;1
24/12/2022;07:22:00;35;Sem vítima;658,500;BR-40/MG;Decrescente;Choque;1;1;0;0;0;0;1
25/12/2022;10:26:41;60;Sem vítima;677,500;BR-40/MG;Decrescente;Tombamento;1;1;0;0;0;0;1
27/12/2022;09:19:19;124;Com vítima;696,600;BR-40/MG;Decrescente;Tombamento;1;0;1;0;0;0;1
27/12/2022;10:47:45;152;Sem vítima;604,300;BR-40/MG;Crescente;Colisão traseira;1;1;0;0;0;0;1
28/12/2022;23:56:00;329;Sem vítima;521,350;BR-40/MG;Crescente;Colisão traseira;1;1;0;0;0;0;1
30/12/2022;12:17:00;144;Sem vítima;444,300;BR-40/MG;Decrescente;Tombamento;1;1;0;0;0;0;1
06/01/2023;10:06:21;170;Sem vítima;528,100;BR-40/MG;Decrescente;Colisão traseira;1;1;0;0;0;0;1
06/01/2023;14:39:10;243;Com vítima;210,900;BR-40/MG;Crescente;Colisão frontal;1;0;0;0;0;1;3
06/01/2023;16:20:00;271;Com vítima;640,800;BR-40/MG;Decrescente;Acidentes de outra natureza;1;0;1;0;0;0;1
07/01/2023;21:16:00;309;Sem vítima;142,150;BR-40/MG;Decrescente;Colisão frontal;1;1;0;0;0;0;1
09/01/2023;18:44:00;316;Sem vítima;718,600;BR-40/MG;Decrescente;Tombamento;1;1;0;0;0;0;1
10/01/2023;08:44:00;140;Sem vítima;588,800;BR-40/MG;Crescente;Engavetamento;1;1;0;0;0;0;1
12/01/2023;06:38:00;107;Sem vítima;59,500;BR-40/MG;Crescente;Choque;1;1;0;0;0;0;1
12/01/2023;10:54:00;183;Sem vítima;513,300;BR-40/MG;Crescente;Colisão traseira;1;1;0;0;0;0;1
12/01/2023;22:50:00;352;Sem vítima;496,350;BR-40/MG;Decrescente;Colisão traseira;1;1;0;0;0;0;1
13/01/2023;11:23:00;141;Sem vítima;246,100;BR-40/MG;Crescente;Choque;1;1;0;0;0;0;1
13/01/2023;20:58:00;312;Sem vítima;688,500;BR-40/MG;Crescente;Tombamento;1;1;0;0;0;0;1
14/01/2023;10:06:00;89;Sem vítima;736,200;BR-40/MG;Decrescente;Tombamento;1;0;0;0;0;0;1
16/01/2023;11:00:00;140;Com vítima;564,422;BR-40/MG;Decrescente;Colisão frontal;1;0;0;1;0;0;2
16/01/2023;11:51:00;146;Sem vítima;534,219;BR-40/MG;Decrescente;Tombamento;1;1;0;0;0;0;1
20/01/2023;05:38:00;59;Com vítima;112,940;BR-40/MG;Crescente;Tombamento;1;0;0;1;0;0;2
20/01/2023;12:13:40;146;Sem vítima;47,100;BR-40/MG;Crescente;Choque;1;1;0;0;0;0;1
20/01/2023;18:09:47;250;Sem vítima;736,900;BR-40/MG;Crescente;Acidentes de outra natureza;1;1;0;0;0;0;1
21/01/2023;13:37:00;128;Sem vítima;522,100;BR-40/MG;Decrescente;Tombamento;1;0;0;0;0;0;1
22/01/2023;09:40:46;69;Com vítima;553,050;BR-40/MG;Decrescente;Choque;1;0;0;1;0;0;2
22/01/2023;16:22:59;182;Sem vítima;593,500;BR-40/MG;Decrescente;Colisão traseira;1;1;0;0;0;0;1
23/01/2023;05:05:00;71;Sem vítima;609,800;BR-40/MG;Crescente;Acidentes de outra natureza;1;1;0;0;0;0;1
23/01/2023;19:24:00;285;Sem vítima;764,800;BR-40/MG;Decrescente;Acidentes de outra natureza;1;1;0;0;0;0;1
23/01/2023;22:46:52;324;Com vítima;554,100;BR-40/MG;Decrescente;Acidentes de outra natureza;1;0;0;1;0;0;2
25/01/2023;13:25:00;215;Sem vítima;2,700;BR-40/MG;Decrescente;Colisão traseira;1;1;0;0;0;0;1
25/01/2023;21:25:00;338;Sem vítima;479,400;BR-40/MG;Decrescente;Colisão traseira;1;1;0;0;0;0;1
26/01/2023;18:25:00;252;Com vítima;769,400;BR-40/MG;Crescente;Tombamento;1;0;1;0;0;0;1
28/01/2023;00:44:44;15;Sem vítima;277,750;BR-40/MG;Decrescente;Tombamento;1;1;0;0;0;0;1
29/01/2023;21:35:20;210;Sem vítima;503,930;BR-40/MG;Crescente;Choque;1;1;0;0;0;0;1
01/02/2023;22:31:00;276;Sem vítima;442,100;BR-40/MG;Crescente;Colisão traseira;1;1;0;0;0;0;1
02/02/2023;05:14:17;65;Sem vítima;496,050;BR-40/MG;Decrescente;Choque;1;1;0;0;0;0;1
04/02/2023;07:27:00;63;Sem vítima;660,950;BR-40/MG;Decrescente;Tombamento;1;1;0;0;0;0;1
05/02/2023;01:47:38;10;Com vítima;593,140;BR-40/MG;Decrescente;Choque;1;0;1;0;0;0;1
05/02/2023;15:33:50;131;Sem vítima;453,001;BR-40/MG;Decrescente;Colisão transversal;1;1;0;0;0;0;1
06/02/2023;11:26:00;149;Sem vítima;8,100;BR-40/MG;Decrescente;Acidentes de outra natureza;1;0;0;0;0;0;1
14/02/2023;13:31:12;163;Com vítima;674,200;BR-40/MG;Decrescente;Tombamento;1;0;0;0;0;0;1
15/02/2023;06:24:00;74;Sem vítima;577,000;BR-40/MG;Decrescente;Colisão traseira;1;0;0;0;0;0;1
15/02/2023;09:55:00;144;Sem vítima;598,010;BR-40/MG;Crescente;Engavetamento;1;1;0;0;0;0;1
15/02/2023;10:07:35;146;Sem vítima;543,000;BR-40/MG;Decrescente;Engavetamento;1;0;0;0;0;0;1
15/02/2023;22:31:25;304;Sem vítima;503,810;BR-40/MG;Crescente;Choque;1;0;0;0;0;0;1
16/02/2023;15:09:00;170;Sem vítima;560,000;BR-40/MG;Decrescente;Engavetamento;1;0;0;0;0;0;1
17/02/2023;04:52:19;61;Sem vítima;484,000;BR-40/MG;Crescente;Choque;1;0;0;0;0;0;1
17/02/2023;14:53:09;187;Sem vítima;668,000;BR-40/MG;Decrescente;Acidentes de outra natureza;1;0;0;0;0;0;1
17/02/2023;16:26:00;215;Com vítima;468,500;BR-40/MG;Decrescente;Colisão traseira;1;0;0;0;0;0;1
17/02/2023;23:44:00;338;Sem vítima;16,150;BR-40/MG;Crescente;Tombamento;1;0;0;0;0;0;1
18/02/2023;02:53:00;50;Sem vítima;583,000;BR-40/MG;Crescente;Choque;1;0;0;0;0;0;1
18/02/2023;13:22:37;202;Sem vítima;701,000;BR-40/MG;Decrescente;Colisão traseira;1;0;0;0;0;0;1
20/02/2023;17:08:33;191;Com vítima;121,200;BR-40/MG;Decrescente;Choque;1;0;0;0;0;0;1
21/02/2023;07:08:00;55;Com vítima;533,950;BR-40/MG;Decrescente;Colisão traseira;1;1;0;0;0;0;1
26/02/2023;09:48:00;61;Sem vítima;83,600;BR-40/MG;Crescente;Acidentes de outra natureza;1;0;0;0;0;0;1
01/03/2023;18:07:58;234;Sem vítima;563,050;BR-40/MG;Crescente;Acidentes de outra natureza;1;0;0;0;0;0;1
01/03/2023;23:56:00;300;Sem vítima;587,600;BR-40/MG;Crescente;Choque;1;0;0;0;0;0;1
02/03/2023;19:37:00;252;Sem vítima;436,300;BR-40/MG;Decrescente;Colisão traseira;1;0;0;0;0;0;1
03/03/2023;13:48:00;129;Com vítima;576,300;BR-40/MG;Decrescente;Colisão traseira;1;0;0;0;0;0;1
05/03/2023;15:42:00;121;Sem vítima;762,500;BR-40/MG;Decrescente;Choque;1;0;0;0;0;0;1
07/03/2023;14:33:00;195;Sem vítima;245,400;BR-40/MG;Decrescente;Tombamento;1;0;0;0;0;0;1
07/03/2023;15:18:58;205;Sem vítima;537,200;BR-40/MG;Crescente;Tombamento;1;0;0;0;0;0;1
08/03/2023;16:01:00;222;Com vítima;526,990;BR-40/MG;Decrescente;Acidentes de outra natureza;1;0;0;0;0;0;1
15/03/2023;19:12:07;234;Sem vítima;730,200;BR-40/MG;Decrescente;Acidentes de outra natureza;1;0;0;0;0;0;1
17/03/2023;16:07:00;198;Sem vítima;57,900;BR-40/MG;Crescente;Tombamento;1;0;0;0;0;0;1
20/03/2023;16:56:09;183;Sem vítima;656,500;BR-40/MG;Crescente;Tombamento;1;0;0;0;0;0;1
21/03/2023;09:25:00;97;Sem vítima;515,600;BR-40/MG;Crescente;Acidentes de outra natureza;1;0;0;0;0;0;1
29/03/2023;12:29:00;136;Com vítima;546,100;BR-40/MG;Decrescente;Colisão traseira;1;0;0;0;0;0;1
29/03/2023;16:25:00;172;Sem vítima;570,010;BR-40/MG;Decrescente;Colisão transversal;1;0;0;0;0;0;1
29/03/2023;17:18:00;181;Sem vítima;487,200;BR-40/MG;Decrescente;Acidentes de outra natureza;1;0;0;0;0;0;1
02/04/2023;14:29:17;113;Sem vítima;510,100;BR-40/MG;Crescente;Capotamento;1;0;0;0;0;0;1
02/04/2023;15:33:00;130;Sem vítima;245,213;BR-40/MG;Decrescente;Tombamento;1;0;0;0;0;0;1
10/04/2023;18:54:02;247;Sem vítima;3,000;BR-40/MG;Decrescente;Engavetamento;1;0;0;0;0;0;1
12/04/2023;18:30:12;221;Com vítima;591,300;BR-40/MG;Crescente;Choque;1;0;0;0;0;0;1
13/04/2023;18:47:04;187;Sem vítima;700,850;BR-40/MG;Crescente;Acidentes de outra natureza;1;0;0;0;0;0;1
18/04/2023;18:07:00;223;Com vítima;536,450;BR-40/MG;Crescente;Tombamento;1;0;0;0;0;0;1
28/04/2023;17:27:00;230;Sem vítima;528,300;BR-40/MG;Crescente;Colisão traseira;1;0;0;0;0;0;1
28/04/2023;22:05:38;310;Sem vítima;687,400;BR-40/MG;Decrescente;Tombamento;1;0;0;0;0;0;1
01/05/2023;17:40:00;181;Sem vítima;547,700;BR-40/MG;Decrescente;Acidentes de outra natureza;1;0;0;0;0;0;1
02/05/2023;14:30:00;190;Sem vítima;513,200;BR-40/MG;Decrescente;Tombamento;1;0;0;0;0;0;1
02/05/2023;21:22:00;289;Sem vítima;495,500;BR-40/MG;Crescente;Acidentes de outra natureza;1;0;0;0;0;0;1
03/05/2023;17:52:00;189;Sem vítima;459,800;BR-40/MG;Crescente;Acidentes de outra natureza;1;0;0;0;0;0;1
13/05/2023;16:04:15;134;Sem vítima;33,350;BR-40/MG;Crescente;Choque;1;0;0;0;0;0;1
16/05/2023;23:40:00;232;Sem vítima;277,700;BR-40/MG;Crescente;Colisão traseira;1;0;0;0;0;0;1
17/05/2023;15:47:00;202;Sem vítima;656,550;BR-40/MG;Crescente;Tombamento;1;0;0;0;0;0;1
25/05/2023;21:03:00;257;Sem vítima;694,450;BR-40/MG;Decrescente;Colisão traseira;1;0;0;0;0;0;1
25/05/2023;22:54:00;277;Sem vítima;595,450;BR-40/MG;Decrescente;Colisão traseira;1;0;0;0;0;0;1
28/05/2023;05:07:06;12;Sem vítima;480,500;BR-40/MG;Crescente;Colisão transversal;1;0;0;0;0;0;1
09/06/2023;14:20:00;104;Sem vítima;569,900;BR-40/MG;Decrescente;Acidentes de outra natureza;1;0;0;0;0;0;1
10/06/2023;09:06:15;37;Sem vítima;526,015;BR-40/MG;Crescente;Acidentes de outra natureza;1;0;0;0;0;0;1
12/06/2023;05:35:00;48;Com vítima;479,200;BR-40/MG;Decrescente;Colisão traseira;1;0;0;0;0;0;1
17/06/2023;01:36:00;8;Sem vítima;454,300;BR-40/MG;Decrescente;Choque;1;0;0;0;0;0;1
18/06/2023;15:18:00;121;Sem vítima;137,332;BR-40/MG;Crescente;Tombamento;1;0;0;0;0;0;1
19/06/2023;16:13:36;185;Sem vítima;464,560;BR-40/MG;Decrescente;Colisão traseira;1;0;0;0;0;0;1
22/06/2023;07:32:00;72;Sem vítima;539,232;BR-40/MG;Decrescente;Engavetamento;1;0;0;0;0;0;1
22/06/2023;09:55:00;114;Sem vítima;331,050;BR-40/MG;Decrescente;Tombamento;1;0;0;0;0;0;1
22/06/2023;14:08:00;165;Sem vítima;541,200;BR-40/MG;Decrescente;Colisão traseira;1;0;0;0;0;0;1
23/06/2023;21:58:00;243;Com vítima;450,200;BR-40/MG;Crescente;Colisão traseira;1;0;0;0;0;0;1
26/06/2023;22:59:49;256;Sem vítima;444,100;BR-40/MG;Decrescente;Tombamento;1;0;0;0;0;0;1
30/06/2023;07:02:00;62;Com vítima;702,610;BR-40/MG;Decrescente;Colisão traseira;1;0;0;0;0;0;1
30/06/2023;09:07:00;107;Com vítima;540,100;BR-40/MG;Decrescente;Acidentes de outra natureza;1;0;0;0;0;0;1
03/07/2023;12:31:12;127;Sem vítima;513,300;BR-40/MG;Crescente;Acidentes de outra natureza;1;0;0;0;0;0;1
03/07/2023;14:51:00;157;Sem vítima;92,300;BR-40/MG;Decrescente;Colisão transversal;1;0;0;0;0;0;1
05/07/2023;15:25:00;155;Sem vítima;701,400;BR-40/MG;Decrescente;Choque;1;0;0;0;0;0;1
05/07/2023;16:50:00;167;Sem vítima;299,800;BR-40/MG;Crescente;Tombamento;1;0;0;0;0;0;1
06/07/2023;18:51:00;201;Com vítima;576,300;BR-40/MG;Decrescente;Colisão transversal;1;0;0;0;0;0;1
06/07/2023;23:04:40;262;Sem vítima;451,200;BR-40/MG;Decrescente;Choque;1;0;0;0;0;0;1
09/07/2023;17:01:58;128;Com vítima;539,600;BR-40/MG;Decrescente;Colisão traseira;1;0;0;0;0;0;1
11/07/2023;01:31:57;27;Sem vítima;533,100;BR-40/MG;Crescente;Colisão traseira;1;0;0;0;0;0;1
11/07/2023;09:26:00;89;Com vítima;737,745;BR-40/MG;Crescente;Tombamento;1;0;0;0;0;0;1
11/07/2023;11:00:00;102;Com vítima;707,750;BR-40/MG;Crescente;Colisão traseira;1;0;0;0;0;0;1
12/07/2023;01:04:00;8;Sem vítima;525,140;BR-40/MG;Decrescente;Choque;1;0;0;0;0;0;1
12/07/2023;17:26:00;195;Com vítima;671,200;BR-40/MG;Crescente;Colisão traseira;1;0;0;0;0;0;1
13/07/2023;06:10:00;47;Com vítima;443,500;BR-40/MG;Decrescente;Tombamento;1;0;0;0;0;0;1
14/07/2023;07:48:19;79;Sem vítima;500,900;BR-40/MG;Crescente;Tombamento;1;0;0;0;0;0;1
14/07/2023;14:29:00;153;Sem vítima;452,800;BR-40/MG;Decrescente;Colisão traseira;1;0;0;0;0;0;1
14/07/2023;14:53:00;159;Com vítima;600,500;BR-40/MG;Decrescente;Engavetamento;1;0;0;0;0;0;1
14/07/2023;15:02:00;162;Sem vítima;601,300;BR-40/MG;Decrescente;Colisão traseira;1;0;0;0;0;0;1
17/07/2023;18:16:00;185;Sem vítima;525,900;BR-40/MG;Crescente;Engavetamento;1;0;0;0;0;0;1
19/07/2023;17:00:00;165;Sem vítima;600,150;BR-40/MG;Decrescente;Engavetamento;1;0;0;0;0;0;1
21/07/2023;13:48:00;126;Sem vítima;582,200;BR-40/MG;Decrescente;Colisão traseira;1;0;0;0;0;0;1
21/07/2023;19:57:00;211;Sem vítima;534,300;BR-40/MG;Decrescente;Colisão traseira;1;0;0;0;0;0;1
24/07/2023;10:05:00;77;Com vítima;118,950;BR-40/MG;Crescente;Colisão transversal;1;0;0;0;0;0;1
24/07/2023;12:22:26;107;Sem vítima;604,500;BR-40/MG;Decrescente;Atropelamento de animal;1;1;0;0;0;0;1
24/07/2023;14:22:00;125;Com vítima;268,150;BR-40/MG;Crescente;Colisão frontal;1;0;0;0;0;0;1
26/07/2023;22:25:08;178;Sem vítima;628,500;BR-40/MG;Crescente;Colisão traseira;1;0;0;0;0;0;1
28/07/2023;08:06:00;37;Com vítima;413,580;BR-40/MG;Crescente;Acidentes de outra natureza;1;0;0;0;0;0;1